Date;City;Temperature_C;Humidity_Pct;Rainfall_mm;Wind_Speed_kmph;AQI
2023-01-01;Chennai;20.7;51.0;0.1;10.9;114.0
2023-01-02;Chennai;22.9;53.0;0.0;14.6;25.0
2023-01-03;Chennai;23.3;48.0;0.0;6.7;65.0
2023-01-04;Chennai;19.9;49.0;0.6;11.9;86.0
2023-01-05;Chennai;19.8;46.0;0.0;8.2;108.0
2023-01-06;Chennai;21.8;67.0;0.0;7.2;97.0
2023-01-07;Chennai;21.0;53.0;1.2;4.2;152.0
2023-01-08;Chennai;21.4;37.0;0.0;9.9;57.0
2023-01-09;Chennai;21.0;57.0;0.4;16.3;94.0
2023-01-10;Chennai;22.8;49.0;0.1;4.1;108.0
2023-01-11;Chennai;21.7;55.0;0.8;14.2;118.0
2023-01-12;Chennai;24.7;54.0;1.0;9.4;131.0
2023-01-13;Chennai;23.3;70.0;4.2;7.7;68.0
2023-01-14;Chennai;24.2;52.0;0.0;13.4;116.0
2023-01-15;Chennai;20.5;62.0;0.3;17.2;53.0
2023-01-16;Chennai;22.1;61.0;0.0;18.0;87.0
2023-01-17;Chennai;23.3;44.0;0.0;13.1;110.0
2023-01-18;Chennai;23.8;57.0;0.0;11.7;129.0
2023-01-19;Chennai;22.1;49.0;0.1;13.6;113.0
2023-01-20;Chennai;22.4;46.0;1.0;21.9;93.0
2023-01-21;Chennai;22.5;45.0;0.0;10.8;87.0
2023-01-22;Chennai;22.7;62.0;0.1;16.5;112.0
2023-01-23;Chennai;26.4;76.0;0.0;9.6;178.0
2023-01-24;Chennai;23.7;49.0;0.1;8.7;124.0
2023-01-25;Chennai;23.3;57.0;0.0;19.1;105.0
2023-01-26;Chennai;21.4;57.0;0.0;12.0;
2023-01-27;Chennai;21.4;53.0;2.2;12.9;54.0
2023-01-28;Chennai;23.0;66.0;0.0;14.2;77.0
2023-01-29;Chennai;25.1;73.0;0.0;8.4;126.0
2023-01-30;Chennai;23.1;50.0;0.1;10.2;52.0
2023-01-31;Chennai;23.2;69.0;0.3;9.4;115.0
2023-02-01;Chennai;22.4;51.0;0.0;13.3;95.0
2023-02-02;Chennai;20.9;50.0;3.8;13.5;100.0
2023-02-03;Chennai;24.2;57.0;4.4;9.6;77.0
2023-02-04;Chennai;23.2;62.0;0.0;20.1;66.0
2023-02-05;Chennai;24.3;55.0;1.3;11.9;50.0
2023-02-06;Chennai;23.9;62.0;0.8;12.4;114.0
2023-02-07;Chennai;22.3;59.0;2.7;17.4;84.0
2023-02-08;Chennai;24.1;66.0;0.5;8.5;46.0
2023-02-09;Chennai;21.9;59.0;0.1;9.9;99.0
2023-02-10;Chennai;24.2;68.0;0.6;13.1;226.0
2023-02-11;Chennai;23.9;48.0;0.1;6.1;82.0
2023-02-12;Chennai;26.3;53.0;0.0;11.1;156.0
2023-02-13;Chennai;22.8;55.0;0.0;20.2;20.0
2023-02-14;Chennai;22.1;48.0;0.3;19.3;79.0
2023-02-15;Chennai;23.6;47.0;0.0;15.6;128.0
2023-02-16;Chennai;25.2;60.0;2.0;16.7;89.0
2023-02-17;Chennai;20.1;60.0;0.2;14.0;64.0
2023-02-18;Chennai;25.7;57.0;1.7;10.3;87.0
2023-02-19;Chennai;24.1;63.0;0.0;18.6;129.0
2023-02-20;Chennai;22.8;46.0;0.0;8.2;176.0
2023-02-21;Chennai;24.0;52.0;0.0;15.9;133.0
2023-02-22;Chennai;23.5;46.0;0.0;10.0;70.0
2023-02-23;Chennai;22.9;56.0;0.1;10.2;81.0
2023-02-24;Chennai;21.9;59.0;0.0;14.2;81.0
2023-02-25;Chennai;26.0;66.0;0.0;20.1;55.0
2023-02-26;Chennai;24.1;46.0;0.5;17.7;83.0
2023-02-27;Chennai;24.4;58.0;0.0;13.4;79.0
2023-02-28;Chennai;26.4;67.0;0.1;12.3;42.0
2023-03-01;Chennai;25.3;47.0;0.0;15.1;124.0
2023-03-02;Chennai;22.9;45.0;0.0;17.5;107.0
2023-03-03;Chennai;26.4;43.0;0.0;5.0;64.0
2023-03-04;Chennai;27.7;60.0;0.0;11.5;96.0
2023-03-05;Chennai;26.3;50.0;0.8;7.8;51.0
2023-03-06;Chennai;24.3;59.0;0.0;11.1;68.0
2023-03-07;Chennai;23.5;54.0;0.4;7.0;117.0
2023-03-08;Chennai;24.4;70.0;0.3;4.8;109.0
2023-03-09;Chennai;26.0;62.0;0.4;6.7;69.0
2023-03-10;Chennai;28.1;49.0;0.0;9.8;102.0
2023-03-11;Chennai;24.9;53.0;0.5;14.3;87.0
2023-03-12;Chennai;25.2;61.0;0.0;8.7;50.0
2023-03-13;Chennai;27.8;47.0;0.8;8.5;83.0
2023-03-14;Chennai;25.7;66.0;1.9;13.6;105.0
2023-03-15;Chennai;29.0;53.0;0.1;13.1;102.0
2023-03-16;Chennai;26.3;62.0;0.3;18.8;22.0
2023-03-17;Chennai;28.3;57.0;4.6;15.7;92.0
2023-03-18;Chennai;27.3;52.0;1.5;7.9;90.0
2023-03-19;Chennai;27.8;50.0;0.1;9.3;20.0
2023-03-20;Chennai;26.6;69.0;0.1;15.0;58.0
2023-03-21;Chennai;26.8;53.0;0.0;8.5;110.0
2023-03-22;Chennai;27.7;80.0;0.6;10.7;145.0
2023-03-23;Chennai;28.4;56.0;0.1;5.2;24.0
2023-03-24;Chennai;28.1;48.0;0.2;6.8;129.0
2023-03-25;Chennai;24.7;42.0;0.0;17.0;20.0
2023-03-26;Chennai;27.9;65.0;0.2;12.7;146.0
2023-03-27;Chennai;26.6;54.0;0.1;9.5;80.0
2023-03-28;Chennai;26.8;62.0;0.0;10.0;61.0
2023-03-29;Chennai;28.5;74.0;0.0;18.9;104.0
2023-03-30;Chennai;30.4;60.0;0.0;9.4;52.0
2023-03-31;Chennai;27.6;58.0;0.0;13.9;111.0
2023-04-01;Chennai;31.0;65.0;0.8;15.5;84.0
2023-04-02;Chennai;26.5;63.0;1.8;17.8;20.0
2023-04-03;Chennai;30.1;45.0;0.7;8.6;57.0
2023-04-04;Chennai;29.0;66.0;0.3;6.4;97.0
2023-04-05;Chennai;28.8;55.0;0.2;7.6;132.0
2023-04-06;Chennai;30.7;67.0;0.0;14.9;103.0
2023-04-07;Chennai;27.7;59.0;0.0;20.0;132.0
2023-04-08;Chennai;30.7;65.0;0.7;15.1;54.0
2023-04-09;Chennai;28.6;54.0;0.5;9.4;119.0
2023-04-10;Chennai;28.0;43.0;0.0;16.8;120.0
2023-04-11;Chennai;27.1;60.0;0.5;10.1;24.0
2023-04-12;Chennai;31.6;63.0;0.4;8.7;134.0
2023-04-13;Chennai;31.0;51.0;0.0;10.7;103.0
2023-04-14;Chennai;28.7;54.0;0.4;9.7;78.0
2023-04-15;Chennai;30.3;37.0;0.1;9.2;78.0
2023-04-16;Chennai;29.8;56.0;2.6;16.9;46.0
2023-04-17;Chennai;29.2;45.0;0.3;9.9;115.0
2023-04-18;Chennai;31.3;59.0;0.0;5.7;102.0
2023-04-19;Chennai;29.0;58.0;0.3;14.3;113.0
2023-04-20;Chennai;26.7;56.0;1.6;8.2;92.0
2023-04-21;Chennai;30.5;66.0;0.0;8.3;98.0
2023-04-22;Chennai;30.3;58.0;1.8;14.8;76.0
2023-04-23;Chennai;29.4;57.0;0.2;9.1;133.0
2023-04-24;Chennai;29.1;58.0;0.0;10.2;114.0
2023-04-25;Chennai;28.2;50.0;0.0;12.2;97.0
2023-04-26;Chennai;30.1;63.0;0.1;10.9;85.0
2023-04-27;Chennai;29.4;48.0;0.0;10.3;20.0
2023-04-28;Chennai;32.3;59.0;0.2;2.6;20.0
2023-04-29;Chennai;31.7;65.0;0.4;11.3;75.0
2023-04-30;Chennai;30.3;48.0;1.1;18.5;140.0
2023-05-01;Chennai;31.9;45.0;0.3;14.5;62.0
2023-05-02;Chennai;31.1;47.0;0.7;10.5;63.0
2023-05-03;Chennai;30.9;70.0;0.6;13.9;51.0
2023-05-04;Chennai;31.3;50.0;0.4;14.5;38.0
2023-05-05;Chennai;34.2;45.0;0.0;8.6;53.0
2023-05-06;Chennai;32.6;58.0;0.6;17.0;101.0
2023-05-07;Chennai;31.2;33.0;0.0;12.7;70.0
2023-05-08;Chennai;33.1;51.0;4.2;10.8;64.0
2023-05-09;Chennai;33.2;67.0;0.3;18.4;65.0
2023-05-10;Chennai;32.4;50.0;3.3;3.7;96.0
2023-05-11;Chennai;31.6;53.0;0.1;7.3;106.0
2023-05-12;Chennai;31.5;57.0;0.0;14.6;20.0
2023-05-13;Chennai;30.6;57.0;0.0;14.7;60.0
2023-05-14;Chennai;32.6;52.0;1.7;18.6;85.0
2023-05-15;Chennai;31.5;60.0;0.4;3.0;107.0
2023-05-16;Chennai;31.8;67.0;0.0;15.4;95.0
2023-05-17;Chennai;33.5;47.0;0.3;7.0;123.0
2023-05-18;Chennai;35.2;51.0;0.0;13.7;34.0
2023-05-19;Chennai;33.3;54.0;0.0;11.7;107.0
2023-05-20;Chennai;32.7;61.0;0.0;15.4;172.0
2023-05-21;Chennai;32.9;56.0;0.4;11.1;92.0
2023-05-22;Chennai;34.7;54.0;0.0;16.0;
2023-05-23;Chennai;33.6;44.0;1.4;8.7;109.0
2023-05-24;Chennai;33.4;46.0;0.2;11.7;68.0
2023-05-25;Chennai;33.6;57.0;0.0;12.8;52.0
2023-05-26;Chennai;31.1;51.0;0.2;18.7;92.0
2023-05-27;Chennai;33.9;54.0;2.4;15.3;21.0
2023-05-28;Chennai;32.1;55.0;0.0;12.8;106.0
2023-05-29;Chennai;34.1;74.0;0.1;14.6;112.0
2023-05-30;Chennai;32.4;51.0;0.0;16.3;26.0
2023-05-31;Chennai;34.5;68.0;2.1;13.5;94.0
2023-06-01;Chennai;33.5;66.0;0.0;7.9;81.0
2023-06-02;Chennai;32.0;62.0;0.8;14.5;148.0
2023-06-03;Chennai;33.4;48.0;0.0;11.9;142.0
2023-06-04;Chennai;37.2;56.0;0.0;10.6;124.0
2023-06-05;Chennai;30.5;56.0;5.0;8.9;133.0
2023-06-06;Chennai;34.2;71.0;0.4;14.3;75.0
2023-06-07;Chennai;32.5;58.0;0.0;14.0;100.0
2023-06-08;Chennai;36.2;53.0;0.0;8.2;80.0
2023-06-09;Chennai;35.4;70.0;0.6;7.6;50.0
2023-06-10;Chennai;34.5;52.0;0.0;19.6;93.0
2023-06-11;Chennai;35.6;59.0;0.0;15.4;87.0
2023-06-12;Chennai;34.7;61.0;0.5;12.3;81.0
2023-06-13;Chennai;34.4;58.0;0.0;14.4;88.0
2023-06-14;Chennai;33.5;55.0;1.0;10.1;91.0
2023-06-15;Chennai;33.9;62.0;0.0;11.3;126.0
2023-06-16;Chennai;33.8;50.0;0.0;12.1;67.0
2023-06-17;Chennai;34.5;64.0;0.1;15.9;39.0
2023-06-18;Chennai;31.7;53.0;0.1;6.3;117.0
2023-06-19;Chennai;36.1;66.0;0.2;7.9;124.0
2023-06-20;Chennai;37.6;63.0;0.1;7.1;104.0
2023-06-21;Chennai;34.0;59.0;0.1;15.4;44.0
2023-06-22;Chennai;36.5;54.0;0.2;11.6;85.0
2023-06-23;Chennai;34.5;64.0;0.3;8.3;101.0
2023-06-24;Chennai;33.9;60.0;0.0;11.1;47.0
2023-06-25;Chennai;34.2;30.0;0.3;9.5;59.0
2023-06-26;Chennai;34.9;49.0;0.3;6.3;84.0
2023-06-27;Chennai;33.8;56.0;0.0;17.0;137.0
2023-06-28;Chennai;35.8;57.0;0.0;11.4;99.0
2023-06-29;Chennai;34.1;62.0;1.3;17.1;66.0
2023-06-30;Chennai;33.3;67.0;0.0;6.2;82.0
2023-07-01;Chennai;34.9;60.0;0.0;14.0;63.0
2023-07-02;Chennai;33.9;38.0;0.0;6.2;74.0
2023-07-03;Chennai;34.5;57.0;0.2;21.8;119.0
2023-07-04;Chennai;34.9;65.0;0.1;5.1;20.0
2023-07-05;Chennai;33.0;56.0;0.4;19.2;142.0
2023-07-06;Chennai;37.2;57.0;0.1;11.9;177.0
2023-07-07;Chennai;36.2;51.0;0.1;11.3;96.0
2023-07-08;Chennai;34.1;63.0;0.4;14.4;56.0
2023-07-09;Chennai;35.0;52.0;0.0;8.2;137.0
2023-07-10;Chennai;36.0;62.0;2.7;15.1;98.0
2023-07-11;Chennai;35.3;61.0;2.6;15.4;66.0
2023-07-12;Chennai;37.8;56.0;0.4;12.0;51.0
2023-07-13;Chennai;34.6;60.0;1.6;13.0;72.0
2023-07-14;Chennai;36.8;58.0;1.9;19.7;96.0
2023-07-15;Chennai;33.0;65.0;0.2;14.6;126.0
2023-07-16;Chennai;33.2;61.0;0.4;8.9;101.0
2023-07-17;Chennai;37.5;63.0;0.1;15.0;108.0
2023-07-18;Chennai;34.3;51.0;2.8;9.8;74.0
2023-07-19;Chennai;33.2;49.0;0.4;9.1;124.0
2023-07-20;Chennai;34.8;56.0;0.0;14.1;82.0
2023-07-21;Chennai;36.8;61.0;0.0;8.0;164.0
2023-07-22;Chennai;33.7;59.0;0.0;12.2;64.0
2023-07-23;Chennai;34.8;49.0;0.0;14.7;106.0
2023-07-24;Chennai;32.1;62.0;0.4;19.6;177.0
2023-07-25;Chennai;34.1;51.0;1.7;14.6;130.0
2023-07-26;Chennai;36.3;60.0;0.0;6.1;120.0
2023-07-27;Chennai;33.6;67.0;12.4;6.7;89.0
2023-07-28;Chennai;32.8;53.0;0.1;18.9;92.0
2023-07-29;Chennai;33.5;51.0;0.0;9.5;83.0
2023-07-30;Chennai;33.7;56.0;0.0;5.9;68.0
2023-07-31;Chennai;35.8;56.0;0.0;8.0;29.0
2023-08-01;Chennai;35.2;47.0;0.1;15.2;116.0
2023-08-02;Chennai;35.4;60.0;0.0;12.5;28.0
2023-08-03;Chennai;34.5;64.0;0.0;14.6;116.0
2023-08-04;Chennai;33.5;62.0;0.2;11.9;77.0
2023-08-05;Chennai;33.3;58.0;0.1;7.6;52.0
2023-08-06;Chennai;35.0;52.0;0.3;4.9;146.0
2023-08-07;Chennai;36.7;56.0;0.0;8.7;32.0
2023-08-08;Chennai;32.9;54.0;0.3;12.5;63.0
2023-08-09;Chennai;32.7;56.0;0.0;7.3;67.0
2023-08-10;Chennai;32.5;63.0;1.0;15.9;95.0
2023-08-11;Chennai;35.4;54.0;0.0;8.0;65.0
2023-08-12;Chennai;34.0;45.0;6.1;5.4;142.0
2023-08-13;Chennai;34.8;61.0;0.0;12.0;35.0
2023-08-14;Chennai;33.2;58.0;0.0;15.0;253.0
2023-08-15;Chennai;34.8;56.0;0.0;18.0;48.0
2023-08-16;Chennai;33.4;46.0;0.0;5.6;208.0
2023-08-17;Chennai;31.5;48.0;0.1;17.7;134.0
2023-08-18;Chennai;35.1;49.0;0.0;12.7;86.0
2023-08-19;Chennai;33.6;50.0;0.1;9.5;99.0
2023-08-20;Chennai;33.1;52.0;1.0;14.7;74.0
2023-08-21;Chennai;33.9;48.0;2.9;17.4;101.0
2023-08-22;Chennai;31.3;72.0;0.0;5.3;61.0
2023-08-23;Chennai;34.0;67.0;0.0;10.3;118.0
2023-08-24;Chennai;32.4;58.0;0.5;9.8;97.0
2023-08-25;Chennai;33.0;55.0;0.8;14.5;50.0
2023-08-26;Chennai;34.9;71.0;1.6;17.8;105.0
2023-08-27;Chennai;34.0;68.0;0.0;12.3;105.0
2023-08-28;Chennai;32.7;49.0;0.0;10.8;61.0
2023-08-29;Chennai;32.8;57.0;0.2;13.8;73.0
2023-08-30;Chennai;29.0;55.0;2.0;11.1;108.0
2023-08-31;Chennai;31.5;53.0;0.0;3.3;134.0
2023-09-01;Chennai;32.9;54.0;0.0;14.1;84.0
2023-09-02;Chennai;31.5;55.0;0.3;15.9;127.0
2023-09-03;Chennai;30.5;57.0;0.3;16.3;136.0
2023-09-04;Chennai;33.2;57.0;0.0;7.4;142.0
2023-09-05;Chennai;34.3;67.0;0.2;14.4;106.0
2023-09-06;Chennai;31.2;51.0;2.7;18.1;51.0
2023-09-07;Chennai;33.5;64.0;1.0;22.1;125.0
2023-09-08;Chennai;33.2;47.0;0.7;13.9;82.0
2023-09-09;Chennai;30.5;57.0;0.0;15.9;110.0
2023-09-10;Chennai;30.8;63.0;0.1;8.0;65.0
2023-09-11;Chennai;34.5;60.0;0.0;7.5;66.0
2023-09-12;Chennai;30.1;53.0;0.1;15.9;62.0
2023-09-13;Chennai;30.7;57.0;0.2;3.9;37.0
2023-09-14;Chennai;34.5;68.0;0.1;12.6;66.0
2023-09-15;Chennai;30.6;50.0;0.0;17.7;49.0
2023-09-16;Chennai;33.4;60.0;1.1;14.9;112.0
2023-09-17;Chennai;29.7;63.0;0.0;14.8;47.0
2023-09-18;Chennai;31.4;52.0;0.0;11.8;63.0
2023-09-19;Chennai;32.7;69.0;0.2;10.4;90.0
2023-09-20;Chennai;30.3;72.0;0.0;20.6;162.0
2023-09-21;Chennai;31.0;64.0;0.0;16.9;62.0
2023-09-22;Chennai;31.9;64.0;0.1;15.4;
2023-09-23;Chennai;29.3;42.0;0.8;12.1;37.0
2023-09-24;Chennai;33.9;45.0;0.3;9.7;55.0
2023-09-25;Chennai;32.0;54.0;0.0;16.3;64.0
2023-09-26;Chennai;29.8;50.0;0.1;10.8;182.0
2023-09-27;Chennai;29.9;60.0;0.5;12.3;128.0
2023-09-28;Chennai;33.0;32.0;0.2;14.5;77.0
2023-09-29;Chennai;29.5;64.0;4.9;12.8;159.0
2023-09-30;Chennai;29.3;54.0;0.1;18.2;65.0
2023-10-01;Chennai;31.6;59.0;9.9;6.7;64.0
2023-10-02;Chennai;27.7;78.0;10.3;12.3;61.0
2023-10-03;Chennai;29.6;80.0;34.7;20.6;96.0
2023-10-04;Chennai;29.7;59.0;20.8;15.6;66.0
2023-10-05;Chennai;28.4;93.0;42.6;11.2;108.0
2023-10-06;Chennai;27.0;96.0;46.9;15.2;60.0
2023-10-07;Chennai;29.4;74.0;25.9;11.8;100.0
2023-10-08;Chennai;30.2;79.0;6.9;17.9;20.0
2023-10-09;Chennai;28.0;71.0;17.4;15.3;20.0
2023-10-10;Chennai;27.2;74.0;14.0;8.5;20.0
2023-10-11;Chennai;30.7;64.0;8.2;13.0;65.0
2023-10-12;Chennai;29.5;85.0;24.9;13.7;20.0
2023-10-13;Chennai;28.1;55.0;3.7;13.9;136.0
2023-10-14;Chennai;29.9;51.0;6.1;13.3;76.0
2023-10-15;Chennai;28.8;63.0;2.3;14.3;112.0
2023-10-16;Chennai;31.0;62.0;5.4;13.7;65.0
2023-10-17;Chennai;29.2;67.0;6.6;9.1;116.0
2023-10-18;Chennai;26.0;59.0;11.5;10.2;20.0
2023-10-19;Chennai;27.0;80.0;26.3;11.0;62.0
2023-10-20;Chennai;27.0;49.0;8.6;12.4;101.0
2023-10-21;Chennai;28.3;73.0;26.7;11.0;87.0
2023-10-22;Chennai;27.3;86.0;46.3;16.4;31.0
2023-10-23;Chennai;25.9;82.0;29.2;8.2;20.0
2023-10-24;Chennai;28.4;56.0;5.8;5.1;
2023-10-25;Chennai;28.9;50.0;7.5;19.9;67.0
2023-10-26;Chennai;27.2;72.0;26.8;8.7;51.0
2023-10-27;Chennai;27.5;66.0;7.3;16.4;171.0
2023-10-28;Chennai;25.7;67.0;13.8;14.4;80.0
2023-10-29;Chennai;26.2;64.0;18.3;8.9;51.0
2023-10-30;Chennai;26.2;79.0;21.9;11.5;45.0
2023-10-31;Chennai;27.7;80.0;15.3;10.9;101.0
2023-11-01;Chennai;27.1;66.0;4.5;13.4;53.0
2023-11-02;Chennai;26.1;44.0;9.5;8.9;101.0
2023-11-03;Chennai;26.0;80.0;29.2;11.3;105.0
2023-11-04;Chennai;23.5;64.0;13.0;11.9;73.0
2023-11-05;Chennai;28.8;70.0;39.7;16.4;90.0
2023-11-06;Chennai;23.1;57.0;16.0;10.4;71.0
2023-11-07;Chennai;26.8;67.0;6.4;8.1;56.0
2023-11-08;Chennai;26.1;72.0;19.9;9.8;20.0
2023-11-09;Chennai;25.6;80.0;30.2;13.5;71.0
2023-11-10;Chennai;25.9;61.0;14.5;4.9;87.0
2023-11-11;Chennai;24.8;75.0;14.6;16.8;115.0
2023-11-12;Chennai;26.7;59.0;17.3;12.1;108.0
2023-11-13;Chennai;23.7;63.0;18.8;13.7;154.0
2023-11-14;Chennai;26.0;59.0;7.7;12.9;59.0
2023-11-15;Chennai;24.5;45.0;2.4;9.3;102.0
2023-11-16;Chennai;24.7;64.0;20.6;7.7;42.0
2023-11-17;Chennai;24.7;74.0;13.1;9.2;114.0
2023-11-18;Chennai;25.0;62.0;17.5;6.0;35.0
2023-11-19;Chennai;25.9;70.0;11.4;13.4;115.0
2023-11-20;Chennai;25.0;74.0;17.7;11.3;43.0
2023-11-21;Chennai;26.4;58.0;5.9;5.9;115.0
2023-11-22;Chennai;26.5;51.0;9.7;9.5;129.0
2023-11-23;Chennai;25.3;60.0;5.7;14.6;22.0
2023-11-24;Chennai;25.8;46.0;9.9;17.2;26.0
2023-11-25;Chennai;27.7;54.0;3.9;6.9;95.0
2023-11-26;Chennai;22.5;75.0;22.1;20.6;73.0
2023-11-27;Chennai;26.2;89.0;33.8;8.2;45.0
2023-11-28;Chennai;26.8;57.0;4.1;5.2;67.0
2023-11-29;Chennai;25.1;61.0;13.2;19.0;43.0
2023-11-30;Chennai;27.2;59.0;11.4;7.8;92.0
2023-12-01;Chennai;26.9;79.0;34.8;18.1;20.0
2023-12-02;Chennai;23.7;71.0;13.9;9.3;91.0
2023-12-03;Chennai;23.8;80.0;28.3;10.8;39.0
2023-12-04;Chennai;24.9;72.0;21.1;6.8;52.0
2023-12-05;Chennai;23.1;73.0;16.2;17.1;
2023-12-06;Chennai;28.1;62.0;8.4;16.6;120.0
2023-12-07;Chennai;25.1;57.0;16.3;9.4;34.0
2023-12-08;Chennai;23.9;51.0;5.6;11.7;49.0
2023-12-09;Chennai;21.7;68.0;9.7;14.6;111.0
2023-12-10;Chennai;24.1;46.0;2.0;10.1;31.0
2023-12-11;Chennai;21.9;77.0;31.5;17.5;117.0
2023-12-12;Chennai;24.8;66.0;14.8;11.6;81.0
2023-12-13;Chennai;19.9;71.0;30.9;9.9;36.0
2023-12-14;Chennai;25.7;53.0;14.3;5.7;76.0
2023-12-15;Chennai;22.9;58.0;15.2;6.8;129.0
2023-12-16;Chennai;21.0;57.0;20.2;14.4;20.0
2023-12-17;Chennai;23.4;70.0;12.5;12.9;119.0
2023-12-18;Chennai;23.4;67.0;11.3;15.3;126.0
2023-12-19;Chennai;23.3;57.0;10.1;9.7;67.0
2023-12-20;Chennai;25.4;49.0;5.9;5.4;81.0
2023-12-21;Chennai;23.9;72.0;10.1;10.0;85.0
2023-12-22;Chennai;24.5;80.0;26.4;20.2;93.0
2023-12-23;Chennai;22.9;58.0;9.4;8.1;51.0
2023-12-24;Chennai;23.9;100.0;45.1;11.9;44.0
2023-12-25;Chennai;21.2;58.0;2.3;2.3;84.0
2023-12-26;Chennai;23.6;79.0;27.2;9.9;90.0
2023-12-27;Chennai;22.0;55.0;10.9;10.3;186.0
2023-12-28;Chennai;25.1;58.0;18.5;13.3;42.0
2023-12-29;Chennai;23.2;47.0;6.3;10.7;87.0
2023-12-30;Chennai;24.1;74.0;2.9;5.9;57.0
2023-12-31;Chennai;23.5;67.0;23.7;9.3;47.0
2024-01-01;Chennai;25.8;56.0;0.1;11.2;47.0
2024-01-02;Chennai;20.7;59.0;0.8;8.0;28.0
2024-01-03;Chennai;22.9;55.0;0.0;8.6;137.0
2024-01-04;Chennai;21.6;54.0;0.0;16.0;104.0
2024-01-05;Chennai;19.9;57.0;3.8;9.5;90.0
2024-01-06;Chennai;21.5;59.0;0.0;13.8;55.0
2024-01-07;Chennai;24.8;47.0;0.4;11.3;87.0
2024-01-08;Chennai;23.0;52.0;0.1;7.1;44.0
2024-01-09;Chennai;22.7;37.0;0.6;10.7;88.0
2024-01-10;Chennai;24.2;40.0;0.1;13.2;103.0
2024-01-11;Chennai;23.2;45.0;0.0;18.9;68.0
2024-01-12;Chennai;23.9;63.0;1.0;8.9;59.0
2024-01-13;Chennai;23.5;53.0;0.8;11.7;70.0
2024-01-14;Chennai;23.8;62.0;1.7;15.6;121.0
2024-01-15;Chennai;22.4;58.0;0.0;17.0;
2024-01-16;Chennai;24.6;57.0;0.0;9.4;26.0
2024-01-17;Chennai;21.2;48.0;0.9;11.4;118.0
2024-01-18;Chennai;22.9;56.0;0.7;16.5;111.0
2024-01-19;Chennai;24.7;57.0;0.2;14.0;97.0
2024-01-20;Chennai;22.9;73.0;0.0;16.1;156.0
2024-01-21;Chennai;22.5;52.0;0.0;16.7;91.0
2024-01-22;Chennai;26.6;61.0;0.0;14.2;107.0
2024-01-23;Chennai;25.3;54.0;0.3;12.6;108.0
2024-01-24;Chennai;23.4;51.0;1.4;9.3;124.0
2024-01-25;Chennai;21.8;62.0;0.0;11.0;81.0
2024-01-26;Chennai;20.2;71.0;1.6;11.3;63.0
2024-01-27;Chennai;24.4;58.0;0.7;16.8;128.0
2024-01-28;Chennai;25.2;50.0;0.0;12.7;127.0
2024-01-29;Chennai;24.0;60.0;1.0;12.7;140.0
2024-01-30;Chennai;20.8;57.0;0.2;8.0;106.0
2024-01-31;Chennai;23.7;73.0;0.1;16.8;24.0
2024-02-01;Chennai;22.7;62.0;1.4;8.9;95.0
2024-02-02;Chennai;23.8;49.0;2.2;10.9;89.0
2024-02-03;Chennai;26.5;66.0;0.7;17.2;138.0
2024-02-04;Chennai;24.8;62.0;0.5;15.5;132.0
2024-02-05;Chennai;24.5;62.0;0.0;8.6;115.0
2024-02-06;Chennai;23.6;59.0;0.3;7.7;20.0
2024-02-07;Chennai;24.4;66.0;3.3;11.2;54.0
2024-02-08;Chennai;22.7;59.0;0.7;9.7;75.0
2024-02-09;Chennai;24.7;53.0;0.2;6.1;76.0
2024-02-10;Chennai;23.6;57.0;1.2;9.0;95.0
2024-02-11;Chennai;22.7;54.0;0.3;1.0;149.0
2024-02-12;Chennai;25.2;58.0;0.0;15.6;121.0
2024-02-13;Chennai;20.7;56.0;0.0;15.4;53.0
2024-02-14;Chennai;23.3;53.0;0.1;17.6;57.0
2024-02-15;Chennai;25.1;54.0;0.3;13.4;53.0
2024-02-16;Chennai;26.1;55.0;0.4;10.2;85.0
2024-02-17;Chennai;25.0;41.0;0.2;16.1;122.0
2024-02-18;Chennai;23.4;63.0;0.0;9.2;129.0
2024-02-19;Chennai;24.4;58.0;0.0;6.7;75.0
2024-02-20;Chennai;25.0;50.0;0.4;11.4;88.0
2024-02-21;Chennai;26.9;60.0;0.4;13.6;157.0
2024-02-22;Chennai;26.0;52.0;1.0;8.8;30.0
2024-02-23;Chennai;26.1;51.0;0.4;7.8;115.0
2024-02-24;Chennai;24.9;61.0;3.9;10.3;107.0
2024-02-25;Chennai;23.3;67.0;1.0;13.6;77.0
2024-02-26;Chennai;22.8;58.0;1.0;11.4;88.0
2024-02-27;Chennai;24.6;49.0;0.0;22.5;107.0
2024-02-28;Chennai;26.2;52.0;0.3;11.5;78.0
2024-02-29;Chennai;24.4;62.0;0.5;15.0;64.0
2024-03-01;Chennai;26.1;60.0;1.7;6.2;60.0
2024-03-02;Chennai;24.2;63.0;0.1;14.3;164.0
2024-03-03;Chennai;24.5;58.0;0.0;10.2;72.0
2024-03-04;Chennai;27.6;61.0;0.2;12.0;98.0
2024-03-05;Chennai;26.8;71.0;0.0;18.7;121.0
2024-03-06;Chennai;25.2;44.0;0.0;10.5;82.0
2024-03-07;Chennai;24.5;75.0;0.4;6.8;91.0
2024-03-08;Chennai;27.3;62.0;0.0;7.4;110.0
2024-03-09;Chennai;27.3;76.0;0.1;12.7;56.0
2024-03-10;Chennai;27.0;51.0;5.2;12.5;23.0
2024-03-11;Chennai;25.9;58.0;0.0;12.3;61.0
2024-03-12;Chennai;24.6;58.0;2.1;6.9;157.0
2024-03-13;Chennai;26.3;66.0;4.3;20.1;63.0
2024-03-14;Chennai;28.5;61.0;2.5;17.9;93.0
2024-03-15;Chennai;25.1;59.0;1.2;12.5;36.0
2024-03-16;Chennai;26.7;62.0;0.4;5.9;143.0
2024-03-17;Chennai;29.1;55.0;1.5;18.3;76.0
2024-03-18;Chennai;26.3;51.0;0.0;16.5;72.0
2024-03-19;Chennai;26.7;59.0;0.0;12.4;85.0
2024-03-20;Chennai;24.9;51.0;0.0;16.8;191.0
2024-03-21;Chennai;28.0;54.0;0.4;10.0;107.0
2024-03-22;Chennai;26.1;46.0;3.1;8.2;81.0
2024-03-23;Chennai;24.9;55.0;0.0;12.6;20.0
2024-03-24;Chennai;25.9;48.0;0.0;5.8;144.0
2024-03-25;Chennai;27.8;55.0;0.0;7.6;62.0
2024-03-26;Chennai;25.2;46.0;0.1;14.2;56.0
2024-03-27;Chennai;25.6;55.0;0.5;13.0;59.0
2024-03-28;Chennai;28.6;62.0;0.0;6.5;149.0
2024-03-29;Chennai;27.8;52.0;2.6;10.4;86.0
2024-03-30;Chennai;26.6;48.0;0.0;6.6;29.0
2024-03-31;Chennai;27.6;62.0;0.4;10.0;81.0
2024-04-01;Chennai;30.8;63.0;0.5;9.6;56.0
2024-04-02;Chennai;30.2;58.0;0.0;16.0;104.0
2024-04-03;Chennai;28.2;54.0;2.9;11.4;72.0
2024-04-04;Chennai;29.7;50.0;0.1;11.0;27.0
2024-04-05;Chennai;28.8;52.0;0.0;10.4;87.0
2024-04-06;Chennai;26.0;55.0;0.0;5.1;88.0
2024-04-07;Chennai;25.9;41.0;0.0;11.6;40.0
2024-04-08;Chennai;27.5;48.0;1.0;13.9;20.0
2024-04-09;Chennai;26.6;69.0;4.9;12.9;96.0
2024-04-10;Chennai;29.5;57.0;0.1;14.8;79.0
2024-04-11;Chennai;28.4;65.0;0.0;15.0;81.0
2024-04-12;Chennai;29.9;63.0;0.1;20.8;120.0
2024-04-13;Chennai;30.1;53.0;0.2;7.5;20.0
2024-04-14;Chennai;30.6;53.0;0.0;12.9;92.0
2024-04-15;Chennai;28.2;66.0;4.1;13.4;112.0
2024-04-16;Chennai;30.5;61.0;0.1;10.7;83.0
2024-04-17;Chennai;28.4;63.0;0.4;9.5;33.0
2024-04-18;Chennai;31.0;55.0;0.3;14.0;63.0
2024-04-19;Chennai;31.9;56.0;0.0;13.6;72.0
2024-04-20;Chennai;31.2;54.0;1.3;7.8;26.0
2024-04-21;Chennai;30.0;55.0;0.0;4.8;105.0
2024-04-22;Chennai;31.2;50.0;0.1;10.0;90.0
2024-04-23;Chennai;28.1;55.0;1.3;9.3;63.0
2024-04-24;Chennai;27.9;54.0;0.5;14.4;129.0
2024-04-25;Chennai;31.3;53.0;2.6;8.3;67.0
2024-04-26;Chennai;32.7;61.0;0.0;11.3;149.0
2024-04-27;Chennai;29.0;44.0;0.1;5.2;79.0
2024-04-28;Chennai;31.0;58.0;0.1;5.8;52.0
2024-04-29;Chennai;31.7;48.0;0.0;8.9;53.0
2024-04-30;Chennai;30.2;48.0;0.0;11.0;94.0
2024-05-01;Chennai;30.7;49.0;0.0;8.7;47.0
2024-05-02;Chennai;32.2;59.0;0.0;12.6;96.0
2024-05-03;Chennai;31.6;37.0;0.0;5.2;74.0
2024-05-04;Chennai;31.7;56.0;0.0;11.1;73.0
2024-05-05;Chennai;30.1;56.0;1.4;11.2;87.0
2024-05-06;Chennai;31.6;47.0;0.0;6.2;130.0
2024-05-07;Chennai;31.2;57.0;0.1;12.9;68.0
2024-05-08;Chennai;31.4;45.0;0.0;3.3;97.0
2024-05-09;Chennai;31.2;55.0;0.3;9.3;107.0
2024-05-10;Chennai;32.0;47.0;2.3;15.1;39.0
2024-05-11;Chennai;30.8;71.0;0.1;3.1;111.0
2024-05-12;Chennai;32.2;62.0;0.0;14.7;123.0
2024-05-13;Chennai;31.8;58.0;0.9;7.3;128.0
2024-05-14;Chennai;31.0;47.0;0.1;9.6;46.0
2024-05-15;Chennai;29.6;53.0;0.3;17.6;48.0
2024-05-16;Chennai;34.0;54.0;0.5;9.5;87.0
2024-05-17;Chennai;33.8;58.0;1.1;18.5;84.0
2024-05-18;Chennai;31.5;58.0;0.1;10.8;91.0
2024-05-19;Chennai;33.8;57.0;0.1;11.7;76.0
2024-05-20;Chennai;31.4;58.0;0.0;15.4;97.0
2024-05-21;Chennai;32.5;54.0;0.5;14.2;20.0
2024-05-22;Chennai;32.3;58.0;0.0;12.6;
2024-05-23;Chennai;32.7;50.0;0.0;10.1;149.0
2024-05-24;Chennai;34.2;47.0;0.3;5.8;68.0
2024-05-25;Chennai;32.7;72.0;2.8;6.0;95.0
2024-05-26;Chennai;32.8;58.0;0.0;17.3;157.0
2024-05-27;Chennai;34.5;70.0;0.2;18.8;91.0
2024-05-28;Chennai;33.6;53.0;0.1;12.5;102.0
2024-05-29;Chennai;32.7;74.0;0.1;4.9;164.0
2024-05-30;Chennai;34.0;56.0;0.3;8.9;171.0
2024-05-31;Chennai;35.2;64.0;0.0;8.7;48.0
2024-06-01;Chennai;35.3;55.0;0.1;9.8;73.0
2024-06-02;Chennai;31.8;57.0;0.3;8.5;125.0
2024-06-03;Chennai;32.0;54.0;0.0;14.1;110.0
2024-06-04;Chennai;35.4;53.0;2.0;13.0;116.0
2024-06-05;Chennai;33.6;63.0;0.0;18.3;20.0
2024-06-06;Chennai;30.7;56.0;1.3;10.4;20.0
2024-06-07;Chennai;33.0;62.0;0.0;12.8;161.0
2024-06-08;Chennai;33.5;62.0;0.3;15.0;121.0
2024-06-09;Chennai;33.7;66.0;0.0;16.1;104.0
2024-06-10;Chennai;35.4;58.0;0.0;7.1;40.0
2024-06-11;Chennai;32.9;45.0;2.6;13.6;71.0
2024-06-12;Chennai;35.8;54.0;1.5;12.6;111.0
2024-06-13;Chennai;34.8;55.0;0.0;13.2;35.0
2024-06-14;Chennai;32.5;55.0;0.4;12.2;61.0
2024-06-15;Chennai;34.0;67.0;1.3;18.9;104.0
2024-06-16;Chennai;35.3;64.0;0.0;8.4;114.0
2024-06-17;Chennai;34.6;54.0;0.6;8.2;68.0
2024-06-18;Chennai;35.2;75.0;0.4;8.7;129.0
2024-06-19;Chennai;33.8;52.0;0.1;10.8;128.0
2024-06-20;Chennai;35.5;55.0;2.2;13.2;20.0
2024-06-21;Chennai;34.1;46.0;0.0;10.2;156.0
2024-06-22;Chennai;38.6;43.0;0.1;16.0;137.0
2024-06-23;Chennai;32.8;46.0;0.4;12.0;98.0
2024-06-24;Chennai;38.8;63.0;0.1;11.6;84.0
2024-06-25;Chennai;33.4;61.0;0.0;6.7;122.0
2024-06-26;Chennai;36.8;49.0;1.1;19.3;110.0
2024-06-27;Chennai;36.1;56.0;0.0;11.8;79.0
2024-06-28;Chennai;33.5;61.0;0.0;18.5;154.0
2024-06-29;Chennai;35.8;41.0;2.8;9.5;20.0
2024-06-30;Chennai;34.2;71.0;2.4;15.3;61.0
2024-07-01;Chennai;35.4;64.0;0.2;9.7;108.0
2024-07-02;Chennai;35.2;62.0;0.6;19.3;87.0
2024-07-03;Chennai;34.4;65.0;0.7;16.5;117.0
2024-07-04;Chennai;34.3;39.0;0.5;15.4;34.0
2024-07-05;Chennai;35.5;56.0;3.7;9.1;76.0
2024-07-06;Chennai;33.6;66.0;1.4;19.6;135.0
2024-07-07;Chennai;33.7;55.0;0.0;20.2;30.0
2024-07-08;Chennai;36.4;61.0;0.0;10.5;80.0
2024-07-09;Chennai;35.6;68.0;1.5;12.6;67.0
2024-07-10;Chennai;33.0;61.0;0.0;15.7;105.0
2024-07-11;Chennai;33.5;55.0;2.7;4.1;103.0
2024-07-12;Chennai;31.8;60.0;0.0;16.6;94.0
2024-07-13;Chennai;36.4;42.0;0.4;16.1;78.0
2024-07-14;Chennai;36.0;59.0;0.1;9.7;92.0
2024-07-15;Chennai;33.3;62.0;1.3;3.2;82.0
2024-07-16;Chennai;35.9;56.0;0.0;13.3;89.0
2024-07-17;Chennai;37.9;64.0;0.2;7.5;148.0
2024-07-18;Chennai;32.6;58.0;0.5;5.6;41.0
2024-07-19;Chennai;34.0;56.0;0.3;13.5;103.0
2024-07-20;Chennai;32.6;70.0;0.0;17.3;52.0
2024-07-21;Chennai;36.3;47.0;0.1;11.1;168.0
2024-07-22;Chennai;34.7;66.0;0.0;16.7;94.0
2024-07-23;Chennai;34.2;66.0;0.4;14.7;39.0
2024-07-24;Chennai;35.1;62.0;0.0;6.5;81.0
2024-07-25;Chennai;33.9;52.0;0.4;9.8;31.0
2024-07-26;Chennai;34.1;58.0;0.1;16.3;65.0
2024-07-27;Chennai;35.1;49.0;0.9;9.8;114.0
2024-07-28;Chennai;33.8;51.0;0.5;15.3;144.0
2024-07-29;Chennai;34.0;56.0;0.0;10.4;133.0
2024-07-30;Chennai;34.4;48.0;0.1;14.9;86.0
2024-07-31;Chennai;34.7;56.0;3.2;13.7;110.0
2024-08-01;Chennai;35.4;47.0;0.4;11.0;122.0
2024-08-02;Chennai;35.4;60.0;0.0;14.8;180.0
2024-08-03;Chennai;32.2;69.0;0.7;3.4;65.0
2024-08-04;Chennai;36.5;74.0;2.1;7.7;148.0
2024-08-05;Chennai;34.5;47.0;0.1;10.1;46.0
2024-08-06;Chennai;33.8;48.0;0.1;16.7;137.0
2024-08-07;Chennai;32.9;55.0;0.3;6.2;65.0
2024-08-08;Chennai;37.2;62.0;0.5;11.9;62.0
2024-08-09;Chennai;37.7;54.0;0.2;13.3;78.0
2024-08-10;Chennai;36.9;64.0;0.0;13.0;59.0
2024-08-11;Chennai;34.3;60.0;0.0;11.6;107.0
2024-08-12;Chennai;34.5;45.0;3.9;9.5;135.0
2024-08-13;Chennai;36.2;57.0;0.2;11.0;20.0
2024-08-14;Chennai;33.5;46.0;0.0;15.9;83.0
2024-08-15;Chennai;34.7;51.0;0.1;9.2;46.0
2024-08-16;Chennai;34.1;53.0;0.6;3.4;126.0
2024-08-17;Chennai;36.6;62.0;0.8;13.9;146.0
2024-08-18;Chennai;35.8;56.0;0.2;18.0;83.0
2024-08-19;Chennai;33.4;55.0;3.3;7.8;59.0
2024-08-20;Chennai;35.8;73.0;0.2;17.4;25.0
2024-08-21;Chennai;33.4;49.0;0.1;14.1;168.0
2024-08-22;Chennai;32.6;59.0;0.6;7.4;142.0
2024-08-23;Chennai;32.9;61.0;0.0;9.2;20.0
2024-08-24;Chennai;33.5;57.0;0.0;9.0;116.0
2024-08-25;Chennai;32.0;49.0;0.0;12.7;46.0
2024-08-26;Chennai;32.3;48.0;0.0;11.3;70.0
2024-08-27;Chennai;30.8;61.0;0.4;16.4;40.0
2024-08-28;Chennai;31.7;64.0;0.0;15.4;20.0
2024-08-29;Chennai;33.2;56.0;0.4;5.8;88.0
2024-08-30;Chennai;34.3;51.0;7.6;6.3;158.0
2024-08-31;Chennai;34.1;56.0;0.3;14.5;53.0
2024-09-01;Chennai;33.3;68.0;0.2;9.9;125.0
2024-09-02;Chennai;30.2;48.0;0.0;11.3;132.0
2024-09-03;Chennai;31.2;55.0;2.3;14.2;117.0
2024-09-04;Chennai;32.1;57.0;0.6;15.4;169.0
2024-09-05;Chennai;33.7;67.0;2.7;7.1;126.0
2024-09-06;Chennai;31.3;52.0;0.2;3.1;162.0
2024-09-07;Chennai;30.3;60.0;0.9;11.5;43.0
2024-09-08;Chennai;34.2;67.0;0.1;8.6;120.0
2024-09-09;Chennai;30.8;44.0;0.0;12.3;150.0
2024-09-10;Chennai;30.1;45.0;0.1;11.6;59.0
2024-09-11;Chennai;32.1;55.0;0.0;8.1;20.0
2024-09-12;Chennai;31.6;64.0;0.2;20.3;39.0
2024-09-13;Chennai;30.8;59.0;0.1;12.1;61.0
2024-09-14;Chennai;31.5;66.0;1.4;9.7;111.0
2024-09-15;Chennai;30.0;42.0;0.0;12.4;67.0
2024-09-16;Chennai;30.5;59.0;1.0;14.1;89.0
2024-09-17;Chennai;31.1;36.0;4.0;9.5;62.0
2024-09-18;Chennai;28.0;67.0;0.1;21.3;85.0
2024-09-19;Chennai;32.4;66.0;0.7;5.9;87.0
2024-09-20;Chennai;28.8;53.0;0.0;6.2;65.0
2024-09-21;Chennai;29.4;37.0;0.0;5.6;123.0
2024-09-22;Chennai;32.2;55.0;0.4;12.0;145.0
2024-09-23;Chennai;31.4;65.0;0.0;13.9;44.0
2024-09-24;Chennai;30.6;59.0;0.0;10.7;99.0
2024-09-25;Chennai;27.8;71.0;0.2;13.9;33.0
2024-09-26;Chennai;29.4;54.0;0.0;13.8;20.0
2024-09-27;Chennai;29.9;73.0;0.7;10.6;131.0
2024-09-28;Chennai;29.9;40.0;0.7;13.7;170.0
2024-09-29;Chennai;31.7;50.0;0.1;11.2;77.0
2024-09-30;Chennai;32.9;46.0;0.0;10.4;163.0
2024-10-01;Chennai;30.7;76.0;18.2;10.0;46.0
2024-10-02;Chennai;28.9;56.0;11.8;12.9;69.0
2024-10-03;Chennai;31.4;66.0;2.9;16.9;154.0
2024-10-04;Chennai;28.6;76.0;18.0;7.2;35.0
2024-10-05;Chennai;25.4;65.0;10.1;10.1;117.0
2024-10-06;Chennai;27.4;58.0;4.0;12.7;72.0
2024-10-07;Chennai;25.6;65.0;22.1;19.0;39.0
2024-10-08;Chennai;28.5;69.0;10.5;13.7;59.0
2024-10-09;Chennai;28.7;63.0;14.1;8.7;20.0
2024-10-10;Chennai;26.5;86.0;30.6;8.3;110.0
2024-10-11;Chennai;27.5;81.0;16.8;15.9;82.0
2024-10-12;Chennai;26.5;70.0;20.9;10.7;63.0
2024-10-13;Chennai;28.3;77.0;13.4;7.1;49.0
2024-10-14;Chennai;27.2;76.0;23.9;16.1;79.0
2024-10-15;Chennai;29.8;65.0;4.9;13.2;120.0
2024-10-16;Chennai;28.5;48.0;2.9;7.2;
2024-10-17;Chennai;30.5;54.0;4.4;6.6;124.0
2024-10-18;Chennai;27.3;58.0;9.5;3.3;92.0
2024-10-19;Chennai;31.1;83.0;20.9;9.5;65.0
2024-10-20;Chennai;27.8;60.0;8.5;13.2;118.0
2024-10-21;Chennai;26.9;77.0;20.5;15.8;49.0
2024-10-22;Chennai;31.2;67.0;14.6;13.7;25.0
2024-10-23;Chennai;24.8;90.0;46.6;6.8;41.0
2024-10-24;Chennai;26.6;56.0;14.9;10.9;77.0
2024-10-25;Chennai;24.8;47.0;7.8;17.7;73.0
2024-10-26;Chennai;24.5;68.0;19.0;10.0;119.0
2024-10-27;Chennai;24.0;65.0;13.8;15.1;96.0
2024-10-28;Chennai;27.9;53.0;4.9;14.6;80.0
2024-10-29;Chennai;24.9;66.0;11.6;15.0;78.0
2024-10-30;Chennai;26.4;81.0;11.4;13.7;82.0
2024-10-31;Chennai;28.1;77.0;12.0;15.0;99.0
2024-11-01;Chennai;27.3;60.0;5.2;6.1;87.0
2024-11-02;Chennai;27.2;90.0;42.1;18.1;42.0
2024-11-03;Chennai;28.3;63.0;3.2;4.8;33.0
2024-11-04;Chennai;28.8;82.0;31.0;13.2;31.0
2024-11-05;Chennai;24.4;71.0;12.9;11.8;88.0
2024-11-06;Chennai;26.9;63.0;6.1;9.5;91.0
2024-11-07;Chennai;25.7;86.0;37.7;8.1;20.0
2024-11-08;Chennai;25.8;51.0;0.6;14.2;67.0
2024-11-09;Chennai;23.6;63.0;6.0;15.2;47.0
2024-11-10;Chennai;25.0;46.0;11.0;11.6;134.0
2024-11-11;Chennai;25.1;63.0;6.8;10.8;93.0
2024-11-12;Chennai;27.8;49.0;12.1;17.1;95.0
2024-11-13;Chennai;23.8;73.0;19.8;10.3;68.0
2024-11-14;Chennai;21.9;51.0;4.1;11.8;61.0
2024-11-15;Chennai;25.4;78.0;15.5;11.2;57.0
2024-11-16;Chennai;23.4;73.0;21.2;21.9;89.0
2024-11-17;Chennai;25.0;59.0;4.5;8.6;75.0
2024-11-18;Chennai;26.1;70.0;14.6;15.3;96.0
2024-11-19;Chennai;24.9;58.0;11.3;5.2;84.0
2024-11-20;Chennai;24.3;69.0;5.4;8.2;96.0
2024-11-21;Chennai;24.7;66.0;5.9;10.8;98.0
2024-11-22;Chennai;26.1;56.0;6.0;11.5;63.0
2024-11-23;Chennai;23.0;54.0;8.8;10.9;
2024-11-24;Chennai;25.8;59.0;8.9;11.6;117.0
2024-11-25;Chennai;23.1;80.0;31.8;9.2;131.0
2024-11-26;Chennai;25.5;59.0;16.4;17.2;110.0
2024-11-27;Chennai;22.2;65.0;16.7;8.0;20.0
2024-11-28;Chennai;25.2;62.0;14.1;15.0;46.0
2024-11-29;Chennai;24.2;65.0;15.0;14.7;80.0
2024-11-30;Chennai;24.4;68.0;17.6;8.2;28.0
2024-12-01;Chennai;25.7;63.0;4.8;10.5;39.0
2024-12-02;Chennai;22.9;65.0;11.7;12.0;62.0
2024-12-03;Chennai;24.1;63.0;6.1;18.7;98.0
2024-12-04;Chennai;24.5;77.0;24.9;10.5;90.0
2024-12-05;Chennai;23.5;60.0;8.1;26.5;67.0
2024-12-06;Chennai;25.0;75.0;17.7;15.1;55.0
2024-12-07;Chennai;24.4;49.0;20.0;13.4;36.0
2024-12-08;Chennai;23.0;65.0;15.7;15.5;95.0
2024-12-09;Chennai;25.7;62.0;14.5;5.1;93.0
2024-12-10;Chennai;24.6;66.0;12.8;16.7;113.0
2024-12-11;Chennai;22.4;66.0;20.7;6.7;74.0
2024-12-12;Chennai;22.3;65.0;6.6;15.5;31.0
2024-12-13;Chennai;23.3;74.0;16.6;9.6;59.0
2024-12-14;Chennai;24.2;46.0;2.3;8.8;122.0
2024-12-15;Chennai;20.2;63.0;7.8;19.1;20.0
2024-12-16;Chennai;22.3;52.0;8.7;11.6;78.0
2024-12-17;Chennai;22.5;62.0;3.5;5.9;98.0
2024-12-18;Chennai;21.2;63.0;14.5;15.9;156.0
2024-12-19;Chennai;21.8;54.0;6.9;7.1;59.0
2024-12-20;Chennai;23.5;64.0;28.4;17.4;57.0
2024-12-21;Chennai;22.5;63.0;10.6;11.9;147.0
2024-12-22;Chennai;22.6;61.0;19.7;6.9;47.0
2024-12-23;Chennai;21.2;63.0;25.3;15.3;108.0
2024-12-24;Chennai;22.9;71.0;18.0;14.1;88.0
2024-12-25;Chennai;20.9;70.0;9.4;3.5;72.0
2024-12-26;Chennai;25.3;68.0;12.8;11.7;95.0
2024-12-27;Chennai;25.7;46.0;3.6;13.2;80.0
2024-12-28;Chennai;22.4;70.0;19.9;13.0;160.0
2024-12-29;Chennai;21.4;99.0;47.8;11.3;20.0
2024-12-30;Chennai;24.3;73.0;23.9;15.0;55.0
2024-12-31;Chennai;23.9;65.0;9.1;14.3;71.0
2025-01-01;Chennai;25.9;55.0;4.2;12.1;80.0
2025-01-02;Chennai;26.3;52.0;0.0;11.1;133.0
2025-01-03;Chennai;20.0;50.0;0.0;12.6;72.0
2025-01-04;Chennai;24.8;60.0;0.3;9.6;109.0
2025-01-05;Chennai;22.7;61.0;0.4;7.9;99.0
2025-01-06;Chennai;23.8;51.0;0.5;7.5;123.0
2025-01-07;Chennai;24.2;61.0;0.0;11.6;85.0
2025-01-08;Chennai;24.1;44.0;0.0;8.6;103.0
2025-01-09;Chennai;24.5;55.0;1.1;11.4;84.0
2025-01-10;Chennai;22.2;44.0;0.2;17.3;50.0
2025-01-11;Chennai;21.6;46.0;0.3;11.2;154.0
2025-01-12;Chennai;24.8;49.0;6.2;12.6;53.0
2025-01-13;Chennai;21.7;50.0;0.0;11.1;71.0
2025-01-14;Chennai;25.8;60.0;0.3;17.2;55.0
2025-01-15;Chennai;21.9;54.0;0.0;18.6;106.0
2025-01-16;Chennai;22.5;50.0;0.0;10.1;71.0
2025-01-17;Chennai;22.8;54.0;0.8;14.9;150.0
2025-01-18;Chennai;20.8;39.0;0.0;20.4;111.0
2025-01-19;Chennai;20.8;60.0;0.1;7.4;79.0
2025-01-20;Chennai;24.5;37.0;0.0;15.9;54.0
2025-01-21;Chennai;20.6;49.0;0.0;5.0;86.0
2025-01-22;Chennai;26.9;57.0;2.8;12.1;108.0
2025-01-23;Chennai;23.0;61.0;2.7;11.4;85.0
2025-01-24;Chennai;21.7;59.0;2.0;5.2;82.0
2025-01-25;Chennai;23.9;56.0;1.6;16.4;48.0
2025-01-26;Chennai;19.6;67.0;0.0;12.6;180.0
2025-01-27;Chennai;22.8;71.0;0.1;8.3;82.0
2025-01-28;Chennai;23.0;55.0;0.2;13.3;35.0
2025-01-29;Chennai;21.5;54.0;0.1;15.6;47.0
2025-01-30;Chennai;22.4;54.0;0.7;4.9;76.0
2025-01-31;Chennai;25.7;51.0;0.5;0.0;167.0
2025-02-01;Chennai;23.7;59.0;0.9;11.8;82.0
2025-02-02;Chennai;24.1;65.0;0.0;8.9;75.0
2025-02-03;Chennai;22.4;35.0;0.0;17.4;124.0
2025-02-04;Chennai;21.6;56.0;3.3;10.5;123.0
2025-02-05;Chennai;23.3;68.0;0.9;13.2;115.0
2025-02-06;Chennai;20.0;58.0;0.1;11.3;98.0
2025-02-07;Chennai;22.1;58.0;0.1;5.8;46.0
2025-02-08;Chennai;21.9;43.0;1.1;12.1;59.0
2025-02-09;Chennai;20.8;61.0;0.6;6.7;26.0
2025-02-10;Chennai;24.9;63.0;0.1;6.5;81.0
2025-02-11;Chennai;23.8;57.0;0.4;7.6;73.0
2025-02-12;Chennai;23.1;50.0;0.2;7.3;69.0
2025-02-13;Chennai;25.1;59.0;0.0;11.2;101.0
2025-02-14;Chennai;21.7;47.0;0.0;10.4;64.0
2025-02-15;Chennai;22.2;46.0;0.0;13.1;76.0
2025-02-16;Chennai;25.9;61.0;0.0;5.7;71.0
2025-02-17;Chennai;27.7;64.0;0.0;11.0;89.0
2025-02-18;Chennai;25.4;49.0;0.0;10.1;105.0
2025-02-19;Chennai;25.2;47.0;1.9;12.8;34.0
2025-02-20;Chennai;23.6;48.0;0.3;13.0;108.0
2025-02-21;Chennai;23.7;57.0;0.1;12.6;100.0
2025-02-22;Chennai;25.0;48.0;2.8;8.0;104.0
2025-02-23;Chennai;26.8;67.0;2.1;12.1;93.0
2025-02-24;Chennai;25.4;52.0;0.9;9.9;104.0
2025-02-25;Chennai;26.3;58.0;0.0;17.3;73.0
2025-02-26;Chennai;23.6;50.0;1.3;12.4;106.0
2025-02-27;Chennai;26.0;61.0;1.8;12.3;134.0
2025-02-28;Chennai;24.1;60.0;0.0;6.9;70.0
2025-03-01;Chennai;25.4;42.0;0.5;9.6;71.0
2025-03-02;Chennai;26.2;50.0;0.0;13.0;115.0
2025-03-03;Chennai;24.6;54.0;0.1;11.7;68.0
2025-03-04;Chennai;23.9;51.0;0.0;11.6;61.0
2025-03-05;Chennai;26.1;62.0;0.1;5.0;107.0
2025-03-06;Chennai;25.4;50.0;0.1;8.7;73.0
2025-03-07;Chennai;25.9;64.0;3.5;10.9;135.0
2025-03-08;Chennai;26.8;59.0;0.0;16.8;71.0
2025-03-09;Chennai;27.8;54.0;0.0;4.4;57.0
2025-03-10;Chennai;26.9;65.0;4.6;7.8;85.0
2025-03-11;Chennai;26.8;43.0;0.8;4.4;107.0
2025-03-12;Chennai;25.4;55.0;0.0;13.3;103.0
2025-03-13;Chennai;25.7;49.0;0.1;16.7;111.0
2025-03-14;Chennai;27.0;55.0;0.9;13.4;67.0
2025-03-15;Chennai;25.9;51.0;0.2;14.3;135.0
2025-03-16;Chennai;27.2;55.0;0.0;7.9;24.0
2025-03-17;Chennai;25.4;55.0;0.0;13.5;59.0
2025-03-18;Chennai;29.6;56.0;0.0;8.9;92.0
2025-03-19;Chennai;27.1;56.0;0.0;12.2;62.0
2025-03-20;Chennai;27.1;60.0;0.3;14.0;77.0
2025-03-21;Chennai;26.3;45.0;0.5;10.8;50.0
2025-03-22;Chennai;29.9;59.0;0.0;15.3;82.0
2025-03-23;Chennai;25.3;43.0;0.1;11.3;108.0
2025-03-24;Chennai;26.2;34.0;1.8;13.1;67.0
2025-03-25;Chennai;28.6;71.0;0.0;19.6;55.0
2025-03-26;Chennai;27.8;48.0;0.3;14.0;71.0
2025-03-27;Chennai;26.7;52.0;0.5;9.0;134.0
2025-03-28;Chennai;26.8;41.0;0.6;10.1;133.0
2025-03-29;Chennai;27.3;51.0;0.0;15.5;71.0
2025-03-30;Chennai;28.0;57.0;0.3;16.2;110.0
2025-03-31;Chennai;30.3;58.0;1.4;11.9;88.0
2025-04-01;Chennai;29.0;45.0;0.1;5.9;141.0
2025-04-02;Chennai;29.7;51.0;0.0;8.2;98.0
2025-04-03;Chennai;27.6;59.0;0.7;12.7;81.0
2025-04-04;Chennai;29.2;57.0;0.1;14.3;154.0
2025-04-05;Chennai;26.2;56.0;0.0;16.0;53.0
2025-04-06;Chennai;28.9;61.0;0.3;3.9;102.0
2025-04-07;Chennai;28.9;55.0;1.0;15.5;144.0
2025-04-08;Chennai;31.5;66.0;0.1;17.7;117.0
2025-04-09;Chennai;31.2;53.0;0.0;2.4;59.0
2025-04-10;Chennai;28.6;61.0;0.0;12.0;57.0
2025-04-11;Chennai;27.9;61.0;0.2;15.0;33.0
2025-04-12;Chennai;28.0;43.0;1.6;6.4;148.0
2025-04-13;Chennai;28.9;59.0;0.1;10.0;45.0
2025-04-14;Chennai;31.4;50.0;0.0;14.2;119.0
2025-04-15;Chennai;30.1;47.0;0.0;9.9;33.0
2025-04-16;Chennai;30.4;52.0;0.5;10.5;192.0
2025-04-17;Chennai;30.9;57.0;1.2;12.9;35.0
2025-04-18;Chennai;28.3;43.0;0.3;7.3;91.0
2025-04-19;Chennai;28.9;56.0;1.0;7.7;137.0
2025-04-20;Chennai;30.8;53.0;0.1;13.9;62.0
2025-04-21;Chennai;29.0;65.0;1.5;15.8;111.0
2025-04-22;Chennai;27.9;50.0;0.0;13.6;79.0
2025-04-23;Chennai;28.7;65.0;1.0;17.4;105.0
2025-04-24;Chennai;32.0;59.0;0.8;13.7;132.0
2025-04-25;Chennai;30.0;55.0;0.0;19.4;73.0
2025-04-26;Chennai;31.0;67.0;1.7;12.3;148.0
2025-04-27;Chennai;29.2;71.0;0.4;13.0;104.0
2025-04-28;Chennai;31.4;53.0;0.0;13.6;168.0
2025-04-29;Chennai;30.5;49.0;0.2;9.5;57.0
2025-04-30;Chennai;31.7;62.0;4.4;8.9;60.0
2025-05-01;Chennai;30.4;44.0;0.7;8.4;80.0
2025-05-02;Chennai;32.0;45.0;0.1;9.8;41.0
2025-05-03;Chennai;30.5;66.0;0.3;20.3;127.0
2025-05-04;Chennai;31.3;60.0;0.4;19.3;87.0
2025-05-05;Chennai;31.1;48.0;0.1;10.7;44.0
2025-05-06;Chennai;31.6;80.0;0.0;10.3;57.0
2025-05-07;Chennai;32.1;44.0;0.0;3.4;55.0
2025-05-08;Chennai;31.0;60.0;0.1;8.0;127.0
2025-05-09;Chennai;31.7;51.0;3.3;8.8;105.0
2025-05-10;Chennai;32.2;69.0;0.0;10.2;85.0
2025-05-11;Chennai;32.8;51.0;0.0;9.7;75.0
2025-05-12;Chennai;32.0;53.0;0.8;12.9;80.0
2025-05-13;Chennai;30.9;41.0;0.0;15.1;161.0
2025-05-14;Chennai;32.4;72.0;0.7;9.1;80.0
2025-05-15;Chennai;33.4;50.0;0.1;17.7;124.0
2025-05-16;Chennai;30.5;59.0;0.0;13.4;77.0
2025-05-17;Chennai;30.6;55.0;0.0;15.6;157.0
2025-05-18;Chennai;31.7;51.0;0.1;10.2;41.0
2025-05-19;Chennai;32.4;37.0;0.0;14.2;122.0
2025-05-20;Chennai;29.5;53.0;0.2;13.8;59.0
2025-05-21;Chennai;33.8;53.0;0.0;17.9;179.0
2025-05-22;Chennai;32.7;58.0;0.0;14.6;118.0
2025-05-23;Chennai;29.5;72.0;0.0;15.4;22.0
2025-05-24;Chennai;31.5;60.0;0.1;9.9;53.0
2025-05-25;Chennai;32.7;62.0;0.0;16.8;117.0
2025-05-26;Chennai;30.6;53.0;0.2;6.9;116.0
2025-05-27;Chennai;34.8;44.0;0.0;9.7;113.0
2025-05-28;Chennai;33.7;53.0;0.0;13.1;96.0
2025-05-29;Chennai;34.5;49.0;0.4;7.4;77.0
2025-05-30;Chennai;32.0;55.0;0.7;8.3;133.0
2025-05-31;Chennai;34.2;51.0;0.4;8.3;55.0
2025-06-01;Chennai;32.7;42.0;1.1;13.5;91.0
2025-06-02;Chennai;33.5;65.0;0.4;11.4;65.0
2025-06-03;Chennai;34.3;55.0;1.2;15.9;61.0
2025-06-04;Chennai;33.8;52.0;0.1;19.5;72.0
2025-06-05;Chennai;35.1;46.0;0.0;13.1;61.0
2025-06-06;Chennai;34.2;51.0;0.0;10.0;112.0
2025-06-07;Chennai;33.3;48.0;0.5;13.5;30.0
2025-06-08;Chennai;35.4;47.0;1.6;8.4;106.0
2025-06-09;Chennai;35.7;57.0;0.4;11.7;64.0
2025-06-10;Chennai;34.3;52.0;1.4;21.8;90.0
2025-06-11;Chennai;36.3;61.0;0.0;11.2;83.0
2025-06-12;Chennai;34.0;52.0;0.0;13.2;70.0
2025-06-13;Chennai;34.2;56.0;0.0;11.4;139.0
2025-06-14;Chennai;34.4;56.0;0.1;10.4;75.0
2025-06-15;Chennai;34.2;59.0;0.8;13.9;117.0
2025-06-16;Chennai;34.0;48.0;0.0;6.9;119.0
2025-06-17;Chennai;33.5;63.0;0.5;11.3;79.0
2025-06-18;Chennai;33.1;46.0;0.0;6.6;40.0
2025-06-19;Chennai;34.8;55.0;0.0;18.2;55.0
2025-06-20;Chennai;36.4;45.0;0.1;15.9;141.0
2025-06-21;Chennai;35.9;55.0;0.7;8.9;109.0
2025-06-22;Chennai;35.3;62.0;0.0;4.6;96.0
2025-06-23;Chennai;36.6;60.0;0.1;14.0;67.0
2025-06-24;Chennai;34.8;66.0;2.6;11.8;157.0
2025-06-25;Chennai;33.3;53.0;0.0;21.0;55.0
2025-06-26;Chennai;34.3;62.0;0.0;17.6;96.0
2025-06-27;Chennai;34.8;50.0;0.2;14.5;110.0
2025-06-28;Chennai;34.1;51.0;0.0;9.9;38.0
2025-06-29;Chennai;35.8;56.0;0.1;11.0;60.0
2025-06-30;Chennai;36.3;63.0;1.4;13.2;70.0
2025-07-01;Chennai;32.3;51.0;0.0;13.4;124.0
2025-07-02;Chennai;34.7;61.0;0.0;9.2;72.0
2025-07-03;Chennai;30.6;57.0;0.2;6.5;32.0
2025-07-04;Chennai;34.8;58.0;0.1;19.7;29.0
2025-07-05;Chennai;34.8;48.0;0.1;12.1;59.0
2025-07-06;Chennai;37.6;52.0;0.0;13.7;30.0
2025-07-07;Chennai;37.2;54.0;0.2;8.6;121.0
2025-07-08;Chennai;36.4;58.0;0.2;17.5;122.0
2025-07-09;Chennai;33.6;49.0;0.4;16.2;90.0
2025-07-10;Chennai;33.5;45.0;0.1;12.2;79.0
2025-07-11;Chennai;33.4;38.0;0.1;12.8;120.0
2025-07-12;Chennai;37.3;61.0;0.1;13.1;118.0
2025-07-13;Chennai;33.6;63.0;1.0;12.4;50.0
2025-07-14;Chennai;34.4;39.0;0.0;14.2;56.0
2025-07-15;Chennai;33.6;56.0;0.0;13.5;118.0
2025-07-16;Chennai;33.1;52.0;0.1;11.3;101.0
2025-07-17;Chennai;35.5;65.0;0.1;7.3;114.0
2025-07-18;Chennai;35.2;55.0;1.9;11.9;52.0
2025-07-19;Chennai;31.6;59.0;0.0;15.0;60.0
2025-07-20;Chennai;33.0;52.0;0.0;14.7;109.0
2025-07-21;Chennai;35.3;50.0;0.0;17.2;63.0
2025-07-22;Chennai;34.8;61.0;0.0;17.7;29.0
2025-07-23;Chennai;34.3;64.0;0.1;14.8;63.0
2025-07-24;Chennai;35.7;45.0;0.3;12.7;81.0
2025-07-25;Chennai;32.6;64.0;0.2;13.4;158.0
2025-07-26;Chennai;33.9;47.0;0.0;9.7;56.0
2025-07-27;Chennai;35.5;36.0;0.1;15.2;87.0
2025-07-28;Chennai;33.7;55.0;0.0;17.3;172.0
2025-07-29;Chennai;35.2;59.0;0.0;16.2;46.0
2025-07-30;Chennai;32.9;43.0;0.4;14.2;116.0
2025-07-31;Chennai;33.4;39.0;0.1;11.0;61.0
2025-08-01;Chennai;31.9;51.0;0.2;10.6;106.0
2025-08-02;Chennai;31.5;50.0;0.0;11.4;183.0
2025-08-03;Chennai;33.8;67.0;0.9;9.1;121.0
2025-08-04;Chennai;35.1;55.0;0.1;13.1;96.0
2025-08-05;Chennai;34.2;61.0;0.0;0.8;52.0
2025-08-06;Chennai;36.1;57.0;0.0;9.8;83.0
2025-08-07;Chennai;33.7;68.0;0.1;12.3;67.0
2025-08-08;Chennai;31.1;49.0;2.0;22.0;30.0
2025-08-09;Chennai;34.7;54.0;0.2;12.0;20.0
2025-08-10;Chennai;32.6;44.0;2.4;12.2;54.0
2025-08-11;Chennai;34.3;63.0;2.0;8.7;87.0
2025-08-12;Chennai;30.6;64.0;0.0;18.9;135.0
2025-08-13;Chennai;33.6;62.0;0.0;8.7;60.0
2025-08-14;Chennai;35.0;54.0;0.6;20.1;
2025-08-15;Chennai;34.8;44.0;0.7;9.0;21.0
2025-08-16;Chennai;33.5;55.0;0.6;15.8;57.0
2025-08-17;Chennai;33.7;50.0;0.3;11.8;20.0
2025-08-18;Chennai;33.0;63.0;0.8;9.8;179.0
2025-08-19;Chennai;33.2;52.0;0.7;16.0;97.0
2025-08-20;Chennai;34.5;52.0;0.8;17.3;96.0
2025-08-21;Chennai;32.4;73.0;0.2;11.3;111.0
2025-08-22;Chennai;32.5;62.0;0.2;11.9;191.0
2025-08-23;Chennai;31.0;67.0;4.3;10.3;68.0
2025-08-24;Chennai;34.3;51.0;0.0;12.9;51.0
2025-08-25;Chennai;32.8;46.0;0.3;7.6;170.0
2025-08-26;Chennai;31.3;64.0;0.6;1.2;40.0
2025-08-27;Chennai;34.3;67.0;0.2;4.5;142.0
2025-08-28;Chennai;32.9;45.0;0.0;11.1;87.0
2025-08-29;Chennai;31.7;51.0;0.1;7.7;107.0
2025-08-30;Chennai;34.1;48.0;0.0;11.5;33.0
2025-08-31;Chennai;32.2;59.0;0.0;10.0;194.0
2025-09-01;Chennai;30.3;64.0;0.0;9.2;75.0
2025-09-02;Chennai;34.0;52.0;0.0;9.4;62.0
2025-09-03;Chennai;31.2;52.0;0.0;15.9;112.0
2025-09-04;Chennai;36.9;40.0;0.4;12.9;64.0
2025-09-05;Chennai;31.6;47.0;0.0;18.3;107.0
2025-09-06;Chennai;29.2;68.0;1.0;12.4;39.0
2025-09-07;Chennai;34.7;59.0;0.0;4.4;96.0
2025-09-08;Chennai;31.9;62.0;0.0;7.8;66.0
2025-09-09;Chennai;32.3;53.0;1.6;12.5;57.0
2025-09-10;Chennai;32.4;53.0;0.0;13.0;52.0
2025-09-11;Chennai;29.7;56.0;0.5;9.7;125.0
2025-09-12;Chennai;28.4;58.0;0.7;8.8;75.0
2025-09-13;Chennai;34.5;66.0;0.1;9.6;83.0
2025-09-14;Chennai;29.1;50.0;0.0;11.4;107.0
2025-09-15;Chennai;33.8;54.0;0.3;11.8;135.0
2025-09-16;Chennai;32.1;49.0;0.8;7.6;52.0
2025-09-17;Chennai;31.4;39.0;0.0;13.0;99.0
2025-09-18;Chennai;30.4;62.0;0.0;12.9;54.0
2025-09-19;Chennai;34.5;69.0;0.1;11.6;82.0
2025-09-20;Chennai;29.9;61.0;0.0;9.2;133.0
2025-09-21;Chennai;29.8;57.0;0.1;14.7;20.0
2025-09-22;Chennai;31.7;70.0;0.3;17.3;53.0
2025-09-23;Chennai;29.6;59.0;0.0;10.2;81.0
2025-09-24;Chennai;29.0;62.0;0.1;9.5;105.0
2025-09-25;Chennai;30.3;56.0;0.1;13.9;139.0
2025-09-26;Chennai;31.3;57.0;0.1;7.3;22.0
2025-09-27;Chennai;33.0;54.0;0.3;6.9;146.0
2025-09-28;Chennai;33.2;62.0;0.0;9.4;111.0
2025-09-29;Chennai;27.3;46.0;0.0;13.2;80.0
2025-09-30;Chennai;31.5;58.0;0.0;8.5;
2025-10-01;Chennai;28.3;61.0;15.6;11.9;52.0
2025-10-02;Chennai;28.3;80.0;25.9;4.0;105.0
2025-10-03;Chennai;28.8;96.0;27.3;14.5;64.0
2025-10-04;Chennai;28.6;72.0;14.0;17.8;69.0
2025-10-05;Chennai;27.8;87.0;28.5;8.4;23.0
2025-10-06;Chennai;25.8;72.0;11.9;13.8;107.0
2025-10-07;Chennai;31.4;46.0;12.0;11.2;72.0
2025-10-08;Chennai;30.4;62.0;10.3;12.4;70.0
2025-10-09;Chennai;28.9;62.0;4.4;11.0;82.0
2025-10-10;Chennai;27.4;40.0;2.7;10.8;61.0
2025-10-11;Chennai;30.6;64.0;14.2;8.7;43.0
2025-10-12;Chennai;28.6;74.0;24.7;7.6;20.0
2025-10-13;Chennai;27.7;51.0;7.3;16.4;58.0
2025-10-14;Chennai;26.0;69.0;26.9;5.3;20.0
2025-10-15;Chennai;29.2;92.0;32.3;11.9;77.0
2025-10-16;Chennai;27.8;34.0;9.4;11.7;54.0
2025-10-17;Chennai;28.5;59.0;2.1;11.8;72.0
2025-10-18;Chennai;28.3;73.0;10.3;14.7;78.0
2025-10-19;Chennai;28.9;59.0;5.0;10.5;53.0
2025-10-20;Chennai;28.2;86.0;24.9;14.6;20.0
2025-10-21;Chennai;27.3;63.0;14.7;19.9;84.0
2025-10-22;Chennai;28.5;49.0;2.0;11.4;164.0
2025-10-23;Chennai;29.0;69.0;17.7;3.9;
2025-10-24;Chennai;29.8;73.0;26.0;11.4;115.0
2025-10-25;Chennai;25.7;61.0;13.4;11.0;25.0
2025-10-26;Chennai;28.9;60.0;8.6;13.6;74.0
2025-10-27;Chennai;24.8;62.0;16.7;4.0;65.0
2025-10-28;Chennai;28.6;78.0;37.3;13.3;110.0
2025-10-29;Chennai;26.1;69.0;29.0;10.3;98.0
2025-10-30;Chennai;28.1;61.0;3.9;15.2;80.0
2025-10-31;Chennai;29.0;59.0;14.6;9.9;20.0
2025-11-01;Chennai;27.0;49.0;5.2;15.5;38.0
2025-11-02;Chennai;26.6;53.0;8.5;6.0;107.0
2025-11-03;Chennai;26.4;81.0;30.5;12.1;47.0
2025-11-04;Chennai;25.7;72.0;14.5;8.1;71.0
2025-11-05;Chennai;28.0;66.0;5.7;10.0;109.0
2025-11-06;Chennai;26.1;65.0;10.1;22.9;125.0
2025-11-07;Chennai;22.9;76.0;21.4;8.2;37.0
2025-11-08;Chennai;27.4;61.0;8.0;10.5;106.0
2025-11-09;Chennai;27.2;71.0;15.1;7.4;139.0
2025-11-10;Chennai;26.0;65.0;8.6;10.8;139.0
2025-11-11;Chennai;24.6;57.0;9.3;11.4;59.0
2025-11-12;Chennai;24.0;72.0;32.6;9.1;69.0
2025-11-13;Chennai;24.5;77.0;14.1;18.3;106.0
2025-11-14;Chennai;25.9;71.0;18.9;16.6;72.0
2025-11-15;Chennai;22.7;75.0;14.0;8.2;66.0
2025-11-16;Chennai;26.0;49.0;3.2;15.3;20.0
2025-11-17;Chennai;25.4;56.0;4.8;10.1;51.0
2025-11-18;Chennai;27.2;70.0;32.5;7.1;30.0
2025-11-19;Chennai;26.2;84.0;30.2;9.1;20.0
2025-11-20;Chennai;24.0;61.0;13.6;7.0;81.0
2025-11-21;Chennai;22.5;56.0;6.5;15.8;118.0
2025-11-22;Chennai;23.7;73.0;2.5;8.5;71.0
2025-11-23;Chennai;26.9;100.0;49.9;17.2;20.0
2025-11-24;Chennai;25.2;64.0;4.5;12.6;81.0
2025-11-25;Chennai;25.6;51.0;6.9;10.4;94.0
2025-11-26;Chennai;23.7;47.0;8.0;10.0;90.0
2025-11-27;Chennai;25.3;68.0;6.3;19.0;55.0
2025-11-28;Chennai;22.2;47.0;12.7;12.0;29.0
2025-11-29;Chennai;25.8;88.0;46.0;10.0;79.0
2025-11-30;Chennai;22.6;58.0;11.3;15.4;93.0
2025-12-01;Chennai;21.3;60.0;16.0;14.3;47.0
2025-12-02;Chennai;27.6;67.0;19.9;8.0;20.0
2025-12-03;Chennai;24.4;65.0;23.4;12.0;76.0
2025-12-04;Chennai;24.3;56.0;13.6;4.8;40.0
2025-12-05;Chennai;21.2;62.0;5.9;11.9;99.0
2025-12-06;Chennai;24.9;80.0;20.1;13.3;76.0
2025-12-07;Chennai;25.3;71.0;37.2;13.8;136.0
2025-12-08;Chennai;23.6;63.0;7.6;8.0;79.0
2025-12-09;Chennai;25.2;73.0;16.6;9.0;153.0
2025-12-10;Chennai;25.5;75.0;20.6;13.0;73.0
2025-12-11;Chennai;24.5;61.0;9.1;17.0;54.0
2025-12-12;Chennai;20.4;69.0;23.3;12.4;24.0
2025-12-13;Chennai;21.9;84.0;28.5;9.8;26.0
2025-12-14;Chennai;26.1;71.0;16.6;15.9;91.0
2025-12-15;Chennai;23.7;58.0;22.6;12.5;73.0
2025-12-16;Chennai;23.6;62.0;11.3;12.7;20.0
2025-12-17;Chennai;22.2;59.0;4.3;15.2;127.0
2025-12-18;Chennai;22.5;51.0;5.7;11.6;143.0
2025-12-19;Chennai;25.2;87.0;42.0;8.3;20.0
2025-12-20;Chennai;25.6;82.0;28.7;11.4;102.0
2025-12-21;Chennai;24.5;53.0;5.3;16.4;152.0
2025-12-22;Chennai;24.1;61.0;4.8;19.6;20.0
2025-12-23;Chennai;24.2;63.0;20.4;7.1;51.0
2025-12-24;Chennai;23.1;97.0;65.4;18.5;20.0
2025-12-25;Chennai;21.4;71.0;14.0;10.5;115.0
2025-12-26;Chennai;21.0;70.0;6.6;12.1;67.0
2025-12-27;Chennai;25.1;65.0;24.2;18.8;48.0
2025-12-28;Chennai;23.1;88.0;31.6;10.4;75.0
2025-12-29;Chennai;23.8;71.0;20.4;10.9;
2025-12-30;Chennai;23.4;52.0;18.3;9.4;69.0
2025-12-31;Chennai;23.5;48.0;5.2;12.2;66.0
2023-01-01;Delhi;19.5;47.0;0.0;7.7;171.0
2023-01-02;Delhi;18.0;58.0;0.0;12.9;160.0
2023-01-03;Delhi;21.2;43.0;0.7;11.7;221.0
2023-01-04;Delhi;17.9;48.0;0.0;10.2;180.0
2023-01-05;Delhi;19.8;57.0;1.6;11.6;208.0
2023-01-06;Delhi;19.0;49.0;0.0;6.3;168.0
2023-01-07;Delhi;20.9;57.0;0.4;3.7;163.0
2023-01-08;Delhi;17.8;54.0;0.1;13.2;213.0
2023-01-09;Delhi;19.9;52.0;4.2;12.6;203.0
2023-01-10;Delhi;22.6;49.0;0.5;13.0;167.0
2023-01-11;Delhi;16.8;65.0;0.0;15.1;135.0
2023-01-12;Delhi;17.7;58.0;0.5;14.0;113.0
2023-01-13;Delhi;22.1;60.0;3.4;17.9;115.0
2023-01-14;Delhi;18.8;56.0;0.1;16.7;155.0
2023-01-15;Delhi;19.2;48.0;0.4;12.2;192.0
2023-01-16;Delhi;18.5;51.0;0.1;12.6;113.0
2023-01-17;Delhi;21.5;36.0;0.2;12.9;116.0
2023-01-18;Delhi;16.7;52.0;2.0;5.9;193.0
2023-01-19;Delhi;20.9;50.0;0.1;15.7;243.0
2023-01-20;Delhi;16.9;59.0;0.0;14.3;224.0
2023-01-21;Delhi;16.8;50.0;0.0;5.4;106.0
2023-01-22;Delhi;17.5;64.0;2.9;18.2;193.0
2023-01-23;Delhi;19.0;53.0;0.0;10.3;218.0
2023-01-24;Delhi;18.1;56.0;0.0;11.5;160.0
2023-01-25;Delhi;18.1;55.0;0.2;11.4;170.0
2023-01-26;Delhi;17.9;61.0;0.0;11.3;193.0
2023-01-27;Delhi;17.9;65.0;0.0;21.6;200.0
2023-01-28;Delhi;17.9;47.0;0.0;11.0;195.0
2023-01-29;Delhi;19.7;69.0;0.0;10.7;209.0
2023-01-30;Delhi;18.4;50.0;2.6;12.1;186.0
2023-01-31;Delhi;15.4;54.0;0.1;8.6;155.0
2023-02-01;Delhi;19.4;51.0;0.0;13.2;162.0
2023-02-02;Delhi;20.6;69.0;1.9;8.7;147.0
2023-02-03;Delhi;19.1;47.0;0.0;14.0;162.0
2023-02-04;Delhi;17.7;61.0;0.8;7.8;202.0
2023-02-05;Delhi;20.8;37.0;0.1;9.7;149.0
2023-02-06;Delhi;17.6;62.0;0.6;8.0;222.0
2023-02-07;Delhi;19.3;53.0;0.0;9.9;140.0
2023-02-08;Delhi;19.8;52.0;0.1;4.9;188.0
2023-02-09;Delhi;21.5;50.0;0.7;2.2;213.0
2023-02-10;Delhi;20.8;55.0;0.1;10.7;198.0
2023-02-11;Delhi;20.3;52.0;0.3;5.9;106.0
2023-02-12;Delhi;21.4;45.0;2.0;18.9;183.0
2023-02-13;Delhi;18.3;51.0;2.4;10.6;148.0
2023-02-14;Delhi;22.5;61.0;0.1;14.8;127.0
2023-02-15;Delhi;15.6;52.0;0.2;13.2;189.0
2023-02-16;Delhi;22.4;49.0;0.8;7.7;129.0
2023-02-17;Delhi;19.1;55.0;0.0;10.3;190.0
2023-02-18;Delhi;21.0;59.0;0.0;15.0;238.0
2023-02-19;Delhi;22.6;60.0;0.0;14.7;192.0
2023-02-20;Delhi;21.4;59.0;1.4;15.5;169.0
2023-02-21;Delhi;21.1;65.0;0.5;9.4;173.0
2023-02-22;Delhi;22.0;56.0;0.3;14.3;216.0
2023-02-23;Delhi;18.5;55.0;2.1;9.6;166.0
2023-02-24;Delhi;18.8;63.0;0.7;16.0;161.0
2023-02-25;Delhi;21.3;52.0;3.5;15.9;139.0
2023-02-26;Delhi;20.7;52.0;0.1;6.5;144.0
2023-02-27;Delhi;20.6;42.0;0.0;13.1;216.0
2023-02-28;Delhi;23.0;70.0;0.0;7.6;161.0
2023-03-01;Delhi;22.9;72.0;0.1;15.3;202.0
2023-03-02;Delhi;19.9;54.0;0.6;7.5;205.0
2023-03-03;Delhi;22.0;61.0;0.0;13.3;142.0
2023-03-04;Delhi;19.1;61.0;0.4;15.0;148.0
2023-03-05;Delhi;19.1;58.0;2.0;12.3;201.0
2023-03-06;Delhi;20.3;65.0;0.1;15.4;186.0
2023-03-07;Delhi;21.6;46.0;1.1;13.2;172.0
2023-03-08;Delhi;20.8;54.0;0.0;18.3;198.0
2023-03-09;Delhi;22.5;38.0;0.2;7.6;220.0
2023-03-10;Delhi;21.9;48.0;1.1;10.5;177.0
2023-03-11;Delhi;23.7;42.0;0.1;4.3;157.0
2023-03-12;Delhi;22.9;40.0;0.0;10.8;185.0
2023-03-13;Delhi;20.7;51.0;0.0;7.3;148.0
2023-03-14;Delhi;23.7;59.0;0.8;6.5;185.0
2023-03-15;Delhi;21.1;50.0;0.7;5.8;179.0
2023-03-16;Delhi;23.1;51.0;0.0;10.1;147.0
2023-03-17;Delhi;21.9;49.0;0.1;13.0;164.0
2023-03-18;Delhi;24.7;56.0;0.0;13.9;167.0
2023-03-19;Delhi;23.9;50.0;0.0;16.0;209.0
2023-03-20;Delhi;21.8;47.0;0.1;15.8;145.0
2023-03-21;Delhi;22.4;63.0;0.2;7.5;147.0
2023-03-22;Delhi;28.0;48.0;0.0;9.0;165.0
2023-03-23;Delhi;21.3;45.0;0.7;12.8;202.0
2023-03-24;Delhi;22.2;62.0;1.0;12.8;208.0
2023-03-25;Delhi;22.4;42.0;0.6;17.5;190.0
2023-03-26;Delhi;21.7;65.0;0.0;10.8;209.0
2023-03-27;Delhi;22.0;47.0;0.1;15.1;226.0
2023-03-28;Delhi;23.5;56.0;0.8;11.4;186.0
2023-03-29;Delhi;24.5;47.0;0.4;13.4;148.0
2023-03-30;Delhi;21.5;55.0;0.0;13.6;177.0
2023-03-31;Delhi;23.2;51.0;0.0;11.9;
2023-04-01;Delhi;22.9;49.0;2.8;8.1;193.0
2023-04-02;Delhi;22.4;43.0;0.8;13.1;160.0
2023-04-03;Delhi;25.8;51.0;0.5;14.6;184.0
2023-04-04;Delhi;23.2;60.0;2.1;12.4;175.0
2023-04-05;Delhi;22.4;60.0;0.0;0.9;165.0
2023-04-06;Delhi;25.9;49.0;0.3;11.3;189.0
2023-04-07;Delhi;26.6;49.0;0.1;14.7;175.0
2023-04-08;Delhi;25.1;54.0;0.2;8.1;155.0
2023-04-09;Delhi;23.5;55.0;0.2;16.3;136.0
2023-04-10;Delhi;24.6;55.0;0.0;9.5;194.0
2023-04-11;Delhi;24.1;52.0;0.0;10.7;132.0
2023-04-12;Delhi;25.1;53.0;0.9;12.8;
2023-04-13;Delhi;26.4;54.0;1.1;8.3;230.0
2023-04-14;Delhi;25.4;36.0;0.0;15.6;116.0
2023-04-15;Delhi;25.5;52.0;0.9;17.1;204.0
2023-04-16;Delhi;24.8;61.0;0.1;7.6;225.0
2023-04-17;Delhi;26.7;66.0;0.0;11.3;157.0
2023-04-18;Delhi;26.4;65.0;0.6;19.6;193.0
2023-04-19;Delhi;23.2;56.0;0.2;16.4;175.0
2023-04-20;Delhi;23.4;46.0;0.1;5.5;207.0
2023-04-21;Delhi;25.6;51.0;0.3;16.7;162.0
2023-04-22;Delhi;27.7;50.0;0.8;0.0;220.0
2023-04-23;Delhi;28.1;44.0;0.8;14.5;173.0
2023-04-24;Delhi;27.6;47.0;0.0;8.6;167.0
2023-04-25;Delhi;26.3;50.0;1.1;13.8;205.0
2023-04-26;Delhi;28.8;44.0;0.0;13.0;216.0
2023-04-27;Delhi;25.6;70.0;9.4;12.5;77.0
2023-04-28;Delhi;26.3;60.0;0.1;14.3;64.0
2023-04-29;Delhi;24.8;55.0;0.0;10.0;194.0
2023-04-30;Delhi;26.5;58.0;0.0;9.6;154.0
2023-05-01;Delhi;25.8;60.0;3.4;15.7;124.0
2023-05-02;Delhi;29.5;49.0;0.1;12.0;165.0
2023-05-03;Delhi;29.3;72.0;3.5;9.7;293.0
2023-05-04;Delhi;27.5;49.0;0.1;11.3;127.0
2023-05-05;Delhi;28.2;42.0;1.0;10.9;214.0
2023-05-06;Delhi;26.7;57.0;0.7;10.6;149.0
2023-05-07;Delhi;23.9;60.0;0.5;13.8;121.0
2023-05-08;Delhi;26.6;54.0;2.0;8.5;154.0
2023-05-09;Delhi;29.0;65.0;0.0;18.1;123.0
2023-05-10;Delhi;28.6;57.0;1.1;12.9;116.0
2023-05-11;Delhi;27.5;48.0;0.0;4.7;151.0
2023-05-12;Delhi;29.2;51.0;0.4;13.1;136.0
2023-05-13;Delhi;27.5;57.0;1.0;8.3;173.0
2023-05-14;Delhi;26.6;57.0;2.1;11.9;185.0
2023-05-15;Delhi;29.5;66.0;1.3;11.4;147.0
2023-05-16;Delhi;27.6;62.0;0.1;14.7;205.0
2023-05-17;Delhi;30.1;42.0;0.0;14.7;153.0
2023-05-18;Delhi;25.7;54.0;0.8;12.9;173.0
2023-05-19;Delhi;27.9;46.0;1.3;19.6;92.0
2023-05-20;Delhi;29.7;67.0;0.0;9.1;183.0
2023-05-21;Delhi;29.6;47.0;0.0;17.5;270.0
2023-05-22;Delhi;28.6;57.0;0.1;17.6;212.0
2023-05-23;Delhi;29.5;49.0;0.1;13.3;173.0
2023-05-24;Delhi;29.3;39.0;0.4;13.8;133.0
2023-05-25;Delhi;27.0;45.0;0.0;15.8;245.0
2023-05-26;Delhi;28.7;53.0;0.0;10.7;174.0
2023-05-27;Delhi;29.7;60.0;0.5;10.0;153.0
2023-05-28;Delhi;30.2;59.0;0.1;10.2;154.0
2023-05-29;Delhi;29.4;45.0;0.3;13.2;263.0
2023-05-30;Delhi;28.7;58.0;0.0;10.1;175.0
2023-05-31;Delhi;27.6;63.0;0.0;9.1;198.0
2023-06-01;Delhi;30.8;60.0;0.5;7.9;171.0
2023-06-02;Delhi;30.7;52.0;0.0;8.1;177.0
2023-06-03;Delhi;31.3;56.0;0.7;9.4;162.0
2023-06-04;Delhi;28.3;56.0;0.1;9.5;237.0
2023-06-05;Delhi;30.1;67.0;0.6;12.4;181.0
2023-06-06;Delhi;28.9;69.0;0.0;8.9;124.0
2023-06-07;Delhi;30.1;60.0;0.1;14.0;196.0
2023-06-08;Delhi;34.5;56.0;0.5;19.9;175.0
2023-06-09;Delhi;31.5;55.0;0.9;17.0;194.0
2023-06-10;Delhi;29.1;56.0;0.0;7.8;167.0
2023-06-11;Delhi;29.9;57.0;0.5;10.8;158.0
2023-06-12;Delhi;29.8;51.0;0.0;6.9;216.0
2023-06-13;Delhi;30.5;73.0;2.2;12.8;252.0
2023-06-14;Delhi;28.1;49.0;0.0;13.0;106.0
2023-06-15;Delhi;30.9;66.0;0.8;12.7;182.0
2023-06-16;Delhi;27.3;37.0;0.0;7.8;158.0
2023-06-17;Delhi;28.0;54.0;1.2;9.4;142.0
2023-06-18;Delhi;33.6;52.0;0.0;15.8;94.0
2023-06-19;Delhi;30.1;58.0;1.3;13.6;193.0
2023-06-20;Delhi;32.8;53.0;1.5;8.5;159.0
2023-06-21;Delhi;29.5;69.0;4.2;6.9;154.0
2023-06-22;Delhi;27.6;53.0;0.0;11.7;228.0
2023-06-23;Delhi;29.2;47.0;0.0;11.5;162.0
2023-06-24;Delhi;34.8;47.0;0.1;6.9;161.0
2023-06-25;Delhi;28.7;51.0;0.0;10.8;127.0
2023-06-26;Delhi;33.5;61.0;0.0;10.1;144.0
2023-06-27;Delhi;31.4;64.0;2.3;9.7;236.0
2023-06-28;Delhi;31.0;47.0;1.7;10.3;203.0
2023-06-29;Delhi;29.8;49.0;0.0;13.1;232.0
2023-06-30;Delhi;29.6;47.0;1.0;12.4;145.0
2023-07-01;Delhi;31.8;58.0;6.7;17.0;188.0
2023-07-02;Delhi;32.9;86.0;29.5;12.8;192.0
2023-07-03;Delhi;31.2;100.0;54.6;15.2;149.0
2023-07-04;Delhi;32.1;77.0;21.7;6.7;222.0
2023-07-05;Delhi;30.3;69.0;10.1;12.6;186.0
2023-07-06;Delhi;34.2;55.0;6.1;10.5;174.0
2023-07-07;Delhi;31.3;54.0;12.1;14.9;
2023-07-08;Delhi;34.0;72.0;27.6;13.0;169.0
2023-07-09;Delhi;29.6;77.0;19.5;18.3;184.0
2023-07-10;Delhi;30.9;73.0;17.0;8.3;209.0
2023-07-11;Delhi;32.6;66.0;13.1;9.2;135.0
2023-07-12;Delhi;31.2;77.0;18.5;13.4;160.0
2023-07-13;Delhi;31.8;59.0;3.7;11.5;113.0
2023-07-14;Delhi;29.5;61.0;10.8;8.2;105.0
2023-07-15;Delhi;30.4;51.0;10.3;13.5;190.0
2023-07-16;Delhi;29.7;74.0;10.7;10.0;220.0
2023-07-17;Delhi;30.8;74.0;24.5;13.8;208.0
2023-07-18;Delhi;30.7;54.0;3.3;5.2;194.0
2023-07-19;Delhi;30.1;63.0;10.7;10.8;251.0
2023-07-20;Delhi;31.9;79.0;15.0;12.6;149.0
2023-07-21;Delhi;29.3;73.0;12.9;12.7;203.0
2023-07-22;Delhi;27.7;63.0;13.3;14.8;114.0
2023-07-23;Delhi;30.0;61.0;3.2;11.0;51.0
2023-07-24;Delhi;34.1;79.0;18.2;13.8;143.0
2023-07-25;Delhi;31.6;61.0;4.2;11.7;171.0
2023-07-26;Delhi;29.5;61.0;5.8;14.9;184.0
2023-07-27;Delhi;31.4;58.0;24.3;5.8;148.0
2023-07-28;Delhi;30.5;77.0;14.9;1.6;180.0
2023-07-29;Delhi;31.3;54.0;9.1;17.0;241.0
2023-07-30;Delhi;32.0;77.0;46.1;9.7;163.0
2023-07-31;Delhi;30.9;49.0;10.9;5.2;138.0
2023-08-01;Delhi;30.8;53.0;5.6;11.4;74.0
2023-08-02;Delhi;32.8;61.0;2.4;9.9;135.0
2023-08-03;Delhi;31.3;86.0;27.4;13.5;206.0
2023-08-04;Delhi;30.8;76.0;22.9;14.0;137.0
2023-08-05;Delhi;30.5;80.0;14.0;10.3;193.0
2023-08-06;Delhi;29.5;58.0;7.6;15.7;198.0
2023-08-07;Delhi;28.5;69.0;20.3;7.2;157.0
2023-08-08;Delhi;31.3;58.0;22.2;2.6;154.0
2023-08-09;Delhi;32.1;51.0;0.7;12.6;153.0
2023-08-10;Delhi;30.8;43.0;5.6;11.0;263.0
2023-08-11;Delhi;31.0;64.0;24.6;4.4;117.0
2023-08-12;Delhi;28.7;63.0;4.3;14.4;221.0
2023-08-13;Delhi;29.1;50.0;10.5;5.2;203.0
2023-08-14;Delhi;28.0;53.0;13.1;11.6;192.0
2023-08-15;Delhi;29.5;47.0;7.2;15.1;168.0
2023-08-16;Delhi;31.3;73.0;15.3;13.0;106.0
2023-08-17;Delhi;28.7;74.0;7.3;12.8;127.0
2023-08-18;Delhi;29.6;59.0;5.6;10.1;143.0
2023-08-19;Delhi;30.7;66.0;4.0;12.7;191.0
2023-08-20;Delhi;31.4;49.0;3.9;14.0;212.0
2023-08-21;Delhi;27.0;87.0;27.2;9.4;165.0
2023-08-22;Delhi;28.7;66.0;21.3;7.5;169.0
2023-08-23;Delhi;28.3;72.0;14.7;15.2;207.0
2023-08-24;Delhi;28.0;65.0;12.9;19.4;84.0
2023-08-25;Delhi;28.7;76.0;45.6;18.0;46.0
2023-08-26;Delhi;26.2;68.0;25.0;1.5;93.0
2023-08-27;Delhi;28.5;82.0;32.6;17.0;184.0
2023-08-28;Delhi;29.1;51.0;13.6;9.5;86.0
2023-08-29;Delhi;27.4;63.0;7.1;19.2;173.0
2023-08-30;Delhi;28.1;48.0;5.4;7.8;138.0
2023-08-31;Delhi;28.8;64.0;6.2;7.5;180.0
2023-09-01;Delhi;28.9;44.0;0.1;11.8;174.0
2023-09-02;Delhi;26.2;60.0;1.4;10.4;189.0
2023-09-03;Delhi;29.6;62.0;0.1;10.6;164.0
2023-09-04;Delhi;29.5;55.0;1.9;15.8;206.0
2023-09-05;Delhi;27.2;54.0;0.0;16.9;239.0
2023-09-06;Delhi;30.8;67.0;0.0;8.2;231.0
2023-09-07;Delhi;28.9;49.0;0.0;18.6;166.0
2023-09-08;Delhi;28.6;51.0;0.3;7.1;145.0
2023-09-09;Delhi;29.0;63.0;3.5;9.6;184.0
2023-09-10;Delhi;26.4;59.0;0.4;22.1;259.0
2023-09-11;Delhi;27.3;53.0;0.4;13.5;177.0
2023-09-12;Delhi;28.7;46.0;0.6;9.4;213.0
2023-09-13;Delhi;26.4;63.0;0.2;13.1;211.0
2023-09-14;Delhi;27.0;45.0;0.0;14.8;211.0
2023-09-15;Delhi;28.4;73.0;0.1;13.3;231.0
2023-09-16;Delhi;27.8;46.0;0.1;17.1;127.0
2023-09-17;Delhi;27.3;46.0;0.3;8.5;141.0
2023-09-18;Delhi;27.3;59.0;1.4;9.4;181.0
2023-09-19;Delhi;26.8;60.0;0.3;8.4;229.0
2023-09-20;Delhi;28.3;47.0;0.1;8.7;229.0
2023-09-21;Delhi;30.0;69.0;0.2;12.2;178.0
2023-09-22;Delhi;27.2;64.0;7.4;7.7;213.0
2023-09-23;Delhi;28.6;53.0;0.0;13.2;163.0
2023-09-24;Delhi;25.9;59.0;0.6;14.5;146.0
2023-09-25;Delhi;25.5;65.0;0.1;7.1;127.0
2023-09-26;Delhi;25.2;68.0;0.0;9.5;175.0
2023-09-27;Delhi;24.9;57.0;0.3;10.0;166.0
2023-09-28;Delhi;25.7;46.0;1.9;11.1;218.0
2023-09-29;Delhi;27.4;45.0;0.2;11.3;202.0
2023-09-30;Delhi;27.5;44.0;0.4;15.6;182.0
2023-10-01;Delhi;25.1;50.0;0.2;15.9;182.0
2023-10-02;Delhi;25.3;55.0;0.1;8.8;163.0
2023-10-03;Delhi;25.7;57.0;0.9;14.8;108.0
2023-10-04;Delhi;25.9;65.0;1.7;17.5;131.0
2023-10-05;Delhi;26.3;39.0;1.0;16.8;210.0
2023-10-06;Delhi;24.8;55.0;0.7;12.8;174.0
2023-10-07;Delhi;25.0;59.0;0.0;11.8;128.0
2023-10-08;Delhi;27.2;33.0;1.2;6.4;233.0
2023-10-09;Delhi;24.6;59.0;0.0;10.3;248.0
2023-10-10;Delhi;24.1;77.0;0.3;6.0;228.0
2023-10-11;Delhi;24.7;62.0;1.4;16.6;196.0
2023-10-12;Delhi;24.9;59.0;1.5;10.9;190.0
2023-10-13;Delhi;22.3;53.0;0.0;11.7;179.0
2023-10-14;Delhi;23.9;57.0;0.5;9.5;186.0
2023-10-15;Delhi;25.1;68.0;0.3;6.4;205.0
2023-10-16;Delhi;27.3;52.0;0.0;14.9;208.0
2023-10-17;Delhi;23.4;65.0;0.0;14.0;198.0
2023-10-18;Delhi;25.3;59.0;0.1;15.7;49.0
2023-10-19;Delhi;24.3;68.0;0.0;5.0;226.0
2023-10-20;Delhi;25.7;64.0;0.2;17.3;188.0
2023-10-21;Delhi;22.9;57.0;0.0;11.5;126.0
2023-10-22;Delhi;25.4;56.0;0.0;15.1;188.0
2023-10-23;Delhi;25.7;53.0;1.2;1.5;191.0
2023-10-24;Delhi;25.7;63.0;0.2;13.6;117.0
2023-10-25;Delhi;25.6;50.0;0.0;11.7;154.0
2023-10-26;Delhi;23.6;57.0;1.3;11.1;134.0
2023-10-27;Delhi;24.1;53.0;0.0;11.6;141.0
2023-10-28;Delhi;22.5;44.0;0.1;9.6;203.0
2023-10-29;Delhi;19.7;57.0;0.0;6.4;155.0
2023-10-30;Delhi;23.3;43.0;0.0;6.9;184.0
2023-10-31;Delhi;22.6;51.0;0.1;12.1;209.0
2023-11-01;Delhi;24.2;63.0;3.8;17.2;159.0
2023-11-02;Delhi;23.9;61.0;6.0;16.4;205.0
2023-11-03;Delhi;21.0;56.0;0.0;12.9;234.0
2023-11-04;Delhi;26.0;48.0;0.2;10.0;214.0
2023-11-05;Delhi;22.9;64.0;0.3;20.3;204.0
2023-11-06;Delhi;20.3;48.0;0.0;14.7;214.0
2023-11-07;Delhi;20.5;61.0;0.5;14.4;195.0
2023-11-08;Delhi;18.8;66.0;1.0;6.7;213.0
2023-11-09;Delhi;23.1;43.0;0.0;13.0;133.0
2023-11-10;Delhi;21.1;52.0;0.5;7.0;177.0
2023-11-11;Delhi;20.6;51.0;0.1;20.3;196.0
2023-11-12;Delhi;20.8;57.0;0.0;8.6;177.0
2023-11-13;Delhi;21.2;47.0;0.0;9.6;280.0
2023-11-14;Delhi;22.4;46.0;0.0;9.4;172.0
2023-11-15;Delhi;19.0;58.0;4.9;10.5;104.0
2023-11-16;Delhi;19.8;51.0;0.1;14.7;182.0
2023-11-17;Delhi;22.0;54.0;0.0;12.0;213.0
2023-11-18;Delhi;20.3;62.0;0.0;12.2;145.0
2023-11-19;Delhi;22.0;43.0;0.8;14.9;178.0
2023-11-20;Delhi;20.3;54.0;0.0;5.9;177.0
2023-11-21;Delhi;23.4;50.0;0.1;15.0;178.0
2023-11-22;Delhi;21.2;55.0;0.2;12.5;156.0
2023-11-23;Delhi;22.7;50.0;0.0;9.2;224.0
2023-11-24;Delhi;21.5;48.0;2.5;12.5;264.0
2023-11-25;Delhi;21.6;58.0;0.2;12.5;146.0
2023-11-26;Delhi;19.5;77.0;0.0;1.5;128.0
2023-11-27;Delhi;22.3;54.0;0.0;17.5;162.0
2023-11-28;Delhi;20.8;49.0;0.0;16.8;236.0
2023-11-29;Delhi;19.0;49.0;0.0;6.8;170.0
2023-11-30;Delhi;17.2;62.0;0.0;9.0;195.0
2023-12-01;Delhi;20.5;48.0;0.0;17.4;144.0
2023-12-02;Delhi;22.5;65.0;0.1;14.7;251.0
2023-12-03;Delhi;18.8;42.0;0.0;13.6;168.0
2023-12-04;Delhi;18.7;59.0;2.7;13.7;187.0
2023-12-05;Delhi;19.6;60.0;0.0;13.5;148.0
2023-12-06;Delhi;21.6;64.0;3.4;7.7;141.0
2023-12-07;Delhi;17.2;61.0;0.0;9.7;180.0
2023-12-08;Delhi;18.9;57.0;0.0;16.0;184.0
2023-12-09;Delhi;18.3;64.0;0.0;14.6;215.0
2023-12-10;Delhi;20.6;47.0;0.1;13.1;112.0
2023-12-11;Delhi;19.5;51.0;1.2;9.4;141.0
2023-12-12;Delhi;19.2;52.0;0.4;16.0;152.0
2023-12-13;Delhi;19.4;67.0;0.4;8.1;184.0
2023-12-14;Delhi;20.8;59.0;0.1;17.9;135.0
2023-12-15;Delhi;21.2;60.0;0.0;9.1;176.0
2023-12-16;Delhi;21.0;54.0;0.0;8.5;154.0
2023-12-17;Delhi;20.3;62.0;0.0;12.1;175.0
2023-12-18;Delhi;21.5;43.0;0.7;12.9;148.0
2023-12-19;Delhi;18.0;54.0;2.4;12.4;137.0
2023-12-20;Delhi;19.9;54.0;0.8;6.7;191.0
2023-12-21;Delhi;22.8;52.0;1.0;13.7;224.0
2023-12-22;Delhi;16.5;52.0;0.0;15.9;213.0
2023-12-23;Delhi;18.4;59.0;0.0;11.7;225.0
2023-12-24;Delhi;17.7;57.0;0.0;5.8;229.0
2023-12-25;Delhi;19.6;65.0;1.0;11.2;173.0
2023-12-26;Delhi;21.3;38.0;0.0;7.5;255.0
2023-12-27;Delhi;20.0;67.0;0.0;4.3;210.0
2023-12-28;Delhi;18.8;50.0;0.6;9.8;141.0
2023-12-29;Delhi;19.9;66.0;0.2;18.5;153.0
2023-12-30;Delhi;18.6;52.0;0.2;11.7;186.0
2023-12-31;Delhi;19.4;58.0;0.1;10.9;215.0
2024-01-01;Delhi;20.0;47.0;0.2;14.8;171.0
2024-01-02;Delhi;21.7;45.0;0.0;14.4;141.0
2024-01-03;Delhi;19.7;60.0;0.0;6.1;212.0
2024-01-04;Delhi;19.3;34.0;0.1;19.5;135.0
2024-01-05;Delhi;22.1;46.0;0.3;12.8;192.0
2024-01-06;Delhi;16.1;61.0;0.0;15.6;182.0
2024-01-07;Delhi;18.9;52.0;0.5;9.6;126.0
2024-01-08;Delhi;17.9;49.0;1.2;4.2;250.0
2024-01-09;Delhi;18.6;67.0;0.0;11.5;181.0
2024-01-10;Delhi;19.9;70.0;0.0;7.6;133.0
2024-01-11;Delhi;20.5;55.0;0.0;16.7;182.0
2024-01-12;Delhi;18.2;66.0;0.4;6.3;110.0
2024-01-13;Delhi;20.0;67.0;0.0;12.1;194.0
2024-01-14;Delhi;17.7;55.0;0.0;14.4;214.0
2024-01-15;Delhi;17.1;51.0;0.3;13.7;288.0
2024-01-16;Delhi;19.2;56.0;0.0;10.0;184.0
2024-01-17;Delhi;18.7;43.0;0.0;4.9;154.0
2024-01-18;Delhi;21.3;60.0;0.0;6.0;188.0
2024-01-19;Delhi;22.3;52.0;0.0;9.0;238.0
2024-01-20;Delhi;18.2;55.0;0.0;6.4;200.0
2024-01-21;Delhi;16.4;57.0;2.1;11.7;211.0
2024-01-22;Delhi;17.1;48.0;0.0;8.9;210.0
2024-01-23;Delhi;17.9;56.0;1.4;6.8;199.0
2024-01-24;Delhi;19.5;45.0;1.0;6.3;123.0
2024-01-25;Delhi;18.8;51.0;0.1;5.6;122.0
2024-01-26;Delhi;17.4;47.0;0.7;11.8;116.0
2024-01-27;Delhi;22.0;50.0;2.2;9.1;130.0
2024-01-28;Delhi;20.3;37.0;0.7;12.1;136.0
2024-01-29;Delhi;22.0;52.0;0.0;11.7;254.0
2024-01-30;Delhi;16.7;61.0;2.1;11.2;150.0
2024-01-31;Delhi;21.3;59.0;3.1;14.6;181.0
2024-02-01;Delhi;19.3;64.0;0.0;6.1;170.0
2024-02-02;Delhi;18.9;47.0;0.0;14.6;188.0
2024-02-03;Delhi;19.6;51.0;0.1;13.6;183.0
2024-02-04;Delhi;18.6;63.0;0.7;11.2;129.0
2024-02-05;Delhi;19.4;54.0;0.0;8.8;204.0
2024-02-06;Delhi;21.1;57.0;1.0;12.2;152.0
2024-02-07;Delhi;16.8;72.0;0.7;13.8;151.0
2024-02-08;Delhi;22.0;54.0;0.8;6.4;167.0
2024-02-09;Delhi;20.4;52.0;1.6;14.4;211.0
2024-02-10;Delhi;19.7;47.0;0.0;19.0;155.0
2024-02-11;Delhi;21.4;53.0;0.1;11.7;184.0
2024-02-12;Delhi;20.6;63.0;0.0;17.2;196.0
2024-02-13;Delhi;19.4;60.0;0.1;13.9;190.0
2024-02-14;Delhi;19.0;66.0;0.0;13.1;188.0
2024-02-15;Delhi;22.4;58.0;0.0;9.2;124.0
2024-02-16;Delhi;18.0;37.0;0.0;10.6;185.0
2024-02-17;Delhi;20.0;60.0;0.0;8.1;143.0
2024-02-18;Delhi;18.3;56.0;0.0;15.8;110.0
2024-02-19;Delhi;21.2;55.0;0.0;9.0;161.0
2024-02-20;Delhi;20.4;65.0;0.0;19.0;159.0
2024-02-21;Delhi;18.7;53.0;0.1;13.8;298.0
2024-02-22;Delhi;19.4;60.0;0.1;13.6;219.0
2024-02-23;Delhi;20.8;49.0;3.6;6.7;208.0
2024-02-24;Delhi;21.2;43.0;0.3;14.7;163.0
2024-02-25;Delhi;18.0;50.0;0.3;11.1;172.0
2024-02-26;Delhi;19.9;53.0;0.3;9.7;283.0
2024-02-27;Delhi;21.3;61.0;1.7;9.4;153.0
2024-02-28;Delhi;22.9;46.0;0.3;7.0;190.0
2024-02-29;Delhi;22.4;67.0;0.0;12.0;254.0
2024-03-01;Delhi;20.6;48.0;0.7;11.3;150.0
2024-03-02;Delhi;22.8;55.0;0.3;6.7;186.0
2024-03-03;Delhi;21.0;55.0;0.0;14.1;179.0
2024-03-04;Delhi;16.8;57.0;0.0;20.5;144.0
2024-03-05;Delhi;23.8;59.0;0.0;6.3;211.0
2024-03-06;Delhi;22.4;73.0;0.0;11.5;135.0
2024-03-07;Delhi;22.1;50.0;0.3;18.6;211.0
2024-03-08;Delhi;21.9;58.0;0.4;8.9;197.0
2024-03-09;Delhi;22.4;55.0;0.5;13.8;215.0
2024-03-10;Delhi;22.0;63.0;0.0;13.6;172.0
2024-03-11;Delhi;21.7;59.0;0.2;14.6;195.0
2024-03-12;Delhi;21.2;57.0;0.1;19.3;221.0
2024-03-13;Delhi;22.4;43.0;0.1;4.8;124.0
2024-03-14;Delhi;21.1;54.0;3.0;12.8;
2024-03-15;Delhi;20.8;47.0;0.0;10.0;203.0
2024-03-16;Delhi;23.0;51.0;0.0;11.8;213.0
2024-03-17;Delhi;24.2;48.0;0.1;12.2;185.0
2024-03-18;Delhi;21.6;51.0;0.0;10.8;217.0
2024-03-19;Delhi;21.9;52.0;0.5;7.7;165.0
2024-03-20;Delhi;20.4;52.0;0.0;7.9;231.0
2024-03-21;Delhi;21.1;55.0;3.2;20.5;174.0
2024-03-22;Delhi;21.3;48.0;0.0;6.5;149.0
2024-03-23;Delhi;24.7;55.0;0.0;16.9;237.0
2024-03-24;Delhi;20.8;52.0;5.5;7.9;208.0
2024-03-25;Delhi;24.2;52.0;1.7;12.4;160.0
2024-03-26;Delhi;23.2;55.0;0.5;19.9;162.0
2024-03-27;Delhi;24.6;34.0;0.0;15.2;204.0
2024-03-28;Delhi;25.5;75.0;0.0;6.2;140.0
2024-03-29;Delhi;23.8;60.0;0.5;10.7;192.0
2024-03-30;Delhi;25.7;58.0;0.2;11.9;173.0
2024-03-31;Delhi;26.4;51.0;0.0;16.1;189.0
2024-04-01;Delhi;26.2;57.0;1.8;12.2;97.0
2024-04-02;Delhi;23.3;47.0;1.8;11.4;142.0
2024-04-03;Delhi;21.4;59.0;0.3;18.9;190.0
2024-04-04;Delhi;24.3;42.0;0.0;18.3;222.0
2024-04-05;Delhi;24.9;45.0;0.6;14.8;174.0
2024-04-06;Delhi;21.8;49.0;0.2;9.5;209.0
2024-04-07;Delhi;24.9;67.0;0.0;1.4;121.0
2024-04-08;Delhi;21.0;46.0;0.1;6.9;162.0
2024-04-09;Delhi;27.3;58.0;0.0;5.8;191.0
2024-04-10;Delhi;25.8;39.0;0.1;11.8;
2024-04-11;Delhi;24.0;56.0;0.7;15.8;210.0
2024-04-12;Delhi;25.5;69.0;0.0;19.9;170.0
2024-04-13;Delhi;25.8;59.0;0.0;17.1;170.0
2024-04-14;Delhi;26.2;41.0;3.3;9.2;203.0
2024-04-15;Delhi;25.7;57.0;1.9;13.0;157.0
2024-04-16;Delhi;27.1;51.0;0.1;13.6;144.0
2024-04-17;Delhi;23.9;65.0;0.1;5.8;198.0
2024-04-18;Delhi;25.7;54.0;0.0;8.5;141.0
2024-04-19;Delhi;28.7;43.0;0.0;10.3;237.0
2024-04-20;Delhi;25.6;54.0;0.0;20.5;106.0
2024-04-21;Delhi;26.6;50.0;1.1;13.5;167.0
2024-04-22;Delhi;24.8;38.0;0.4;6.7;245.0
2024-04-23;Delhi;29.7;54.0;0.5;10.3;259.0
2024-04-24;Delhi;27.0;55.0;0.4;13.8;176.0
2024-04-25;Delhi;24.7;59.0;1.6;11.0;223.0
2024-04-26;Delhi;28.4;63.0;0.1;10.6;211.0
2024-04-27;Delhi;25.2;53.0;0.0;14.9;160.0
2024-04-28;Delhi;28.0;44.0;0.9;17.6;198.0
2024-04-29;Delhi;28.6;48.0;0.0;16.9;146.0
2024-04-30;Delhi;30.2;56.0;1.1;10.8;116.0
2024-05-01;Delhi;27.6;67.0;3.0;11.3;197.0
2024-05-02;Delhi;27.4;55.0;0.5;10.8;202.0
2024-05-03;Delhi;24.4;54.0;0.5;16.2;132.0
2024-05-04;Delhi;26.8;53.0;0.3;10.4;174.0
2024-05-05;Delhi;26.5;56.0;1.5;4.3;131.0
2024-05-06;Delhi;27.4;71.0;0.3;13.9;161.0
2024-05-07;Delhi;27.0;55.0;0.3;14.1;162.0
2024-05-08;Delhi;29.1;53.0;0.2;10.4;209.0
2024-05-09;Delhi;27.1;55.0;0.0;19.4;160.0
2024-05-10;Delhi;28.8;51.0;1.5;9.8;128.0
2024-05-11;Delhi;28.0;43.0;0.3;17.7;248.0
2024-05-12;Delhi;27.3;41.0;0.0;6.6;200.0
2024-05-13;Delhi;27.2;49.0;0.0;13.1;216.0
2024-05-14;Delhi;28.7;64.0;0.0;8.8;204.0
2024-05-15;Delhi;30.5;64.0;0.1;11.7;218.0
2024-05-16;Delhi;27.5;46.0;0.0;15.0;197.0
2024-05-17;Delhi;28.7;54.0;0.4;9.7;198.0
2024-05-18;Delhi;29.5;56.0;0.3;9.2;185.0
2024-05-19;Delhi;28.8;49.0;0.1;11.1;162.0
2024-05-20;Delhi;26.3;67.0;2.0;27.0;213.0
2024-05-21;Delhi;29.7;61.0;0.0;12.8;169.0
2024-05-22;Delhi;26.8;58.0;0.0;12.6;185.0
2024-05-23;Delhi;26.9;56.0;0.3;13.7;195.0
2024-05-24;Delhi;27.2;43.0;0.1;5.1;198.0
2024-05-25;Delhi;29.0;66.0;0.0;15.7;139.0
2024-05-26;Delhi;27.9;60.0;0.0;14.8;188.0
2024-05-27;Delhi;27.3;58.0;0.2;4.9;139.0
2024-05-28;Delhi;30.1;49.0;0.0;21.6;187.0
2024-05-29;Delhi;29.5;50.0;0.0;12.0;211.0
2024-05-30;Delhi;30.8;59.0;0.4;7.5;252.0
2024-05-31;Delhi;28.6;64.0;0.0;13.3;203.0
2024-06-01;Delhi;29.7;69.0;0.0;8.4;215.0
2024-06-02;Delhi;31.0;49.0;0.1;5.6;136.0
2024-06-03;Delhi;27.9;54.0;0.0;10.9;202.0
2024-06-04;Delhi;28.9;38.0;0.1;11.1;135.0
2024-06-05;Delhi;31.5;35.0;0.1;5.7;228.0
2024-06-06;Delhi;30.1;59.0;0.0;8.9;137.0
2024-06-07;Delhi;29.9;49.0;1.0;7.9;140.0
2024-06-08;Delhi;30.1;39.0;0.0;10.6;210.0
2024-06-09;Delhi;32.0;46.0;1.0;14.6;246.0
2024-06-10;Delhi;30.2;59.0;1.2;12.6;221.0
2024-06-11;Delhi;30.4;58.0;0.0;11.9;166.0
2024-06-12;Delhi;30.3;42.0;0.1;4.7;140.0
2024-06-13;Delhi;28.0;65.0;0.1;11.9;163.0
2024-06-14;Delhi;31.2;51.0;2.1;7.6;183.0
2024-06-15;Delhi;29.3;58.0;0.9;5.1;176.0
2024-06-16;Delhi;28.6;56.0;0.4;15.5;138.0
2024-06-17;Delhi;27.9;55.0;0.3;6.7;231.0
2024-06-18;Delhi;28.3;48.0;0.0;12.4;232.0
2024-06-19;Delhi;27.2;55.0;0.0;10.1;255.0
2024-06-20;Delhi;29.1;57.0;0.0;8.2;114.0
2024-06-21;Delhi;30.1;53.0;0.0;16.9;148.0
2024-06-22;Delhi;32.3;56.0;0.3;9.6;190.0
2024-06-23;Delhi;30.9;64.0;0.0;9.9;180.0
2024-06-24;Delhi;31.2;51.0;0.1;9.1;162.0
2024-06-25;Delhi;32.7;61.0;0.6;12.7;145.0
2024-06-26;Delhi;26.6;54.0;0.3;11.4;140.0
2024-06-27;Delhi;31.5;68.0;1.8;9.2;259.0
2024-06-28;Delhi;31.4;44.0;0.0;8.3;123.0
2024-06-29;Delhi;32.1;65.0;0.0;11.8;118.0
2024-06-30;Delhi;28.2;52.0;1.0;9.4;131.0
2024-07-01;Delhi;30.1;86.0;17.8;18.9;170.0
2024-07-02;Delhi;29.6;84.0;32.0;9.9;137.0
2024-07-03;Delhi;29.0;70.0;10.8;13.3;186.0
2024-07-04;Delhi;34.4;62.0;10.5;11.6;141.0
2024-07-05;Delhi;30.1;68.0;9.8;10.8;174.0
2024-07-06;Delhi;32.4;73.0;15.5;15.6;168.0
2024-07-07;Delhi;32.1;64.0;12.3;14.3;231.0
2024-07-08;Delhi;28.8;69.0;9.6;14.2;242.0
2024-07-09;Delhi;30.2;36.0;10.2;14.2;164.0
2024-07-10;Delhi;31.1;64.0;17.3;5.5;197.0
2024-07-11;Delhi;31.6;79.0;29.9;13.8;157.0
2024-07-12;Delhi;31.5;66.0;8.3;11.0;203.0
2024-07-13;Delhi;33.6;64.0;1.3;9.9;194.0
2024-07-14;Delhi;32.3;70.0;21.3;25.8;188.0
2024-07-15;Delhi;32.0;57.0;6.0;6.1;208.0
2024-07-16;Delhi;32.4;86.0;29.9;11.6;167.0
2024-07-17;Delhi;33.0;83.0;23.9;11.3;162.0
2024-07-18;Delhi;30.0;81.0;25.3;11.7;196.0
2024-07-19;Delhi;28.5;65.0;14.3;7.9;160.0
2024-07-20;Delhi;30.0;98.0;28.8;12.9;128.0
2024-07-21;Delhi;28.8;70.0;18.2;7.5;100.0
2024-07-22;Delhi;29.4;70.0;17.2;13.1;180.0
2024-07-23;Delhi;31.0;80.0;15.1;12.6;193.0
2024-07-24;Delhi;30.0;83.0;19.6;11.0;91.0
2024-07-25;Delhi;31.8;63.0;3.5;11.7;152.0
2024-07-26;Delhi;31.2;55.0;9.5;18.3;201.0
2024-07-27;Delhi;31.3;64.0;9.5;14.3;165.0
2024-07-28;Delhi;28.8;69.0;12.6;12.7;170.0
2024-07-29;Delhi;29.3;75.0;5.7;13.7;211.0
2024-07-30;Delhi;27.8;85.0;7.9;12.2;168.0
2024-07-31;Delhi;31.4;54.0;4.5;14.2;191.0
2024-08-01;Delhi;33.4;68.0;7.9;9.6;129.0
2024-08-02;Delhi;30.8;54.0;6.6;20.8;187.0
2024-08-03;Delhi;30.9;60.0;7.7;12.8;119.0
2024-08-04;Delhi;29.6;67.0;24.2;23.3;104.0
2024-08-05;Delhi;30.1;79.0;12.9;20.9;147.0
2024-08-06;Delhi;32.2;66.0;11.3;10.0;191.0
2024-08-07;Delhi;30.4;83.0;31.9;13.0;150.0
2024-08-08;Delhi;31.2;69.0;17.4;13.5;131.0
2024-08-09;Delhi;32.1;73.0;18.5;15.7;197.0
2024-08-10;Delhi;31.8;70.0;15.1;12.5;178.0
2024-08-11;Delhi;30.1;69.0;24.6;16.8;197.0
2024-08-12;Delhi;30.2;63.0;27.3;5.0;117.0
2024-08-13;Delhi;29.4;58.0;16.9;9.6;220.0
2024-08-14;Delhi;30.6;62.0;24.4;11.2;219.0
2024-08-15;Delhi;29.2;72.0;19.6;9.3;197.0
2024-08-16;Delhi;30.3;62.0;17.4;5.1;182.0
2024-08-17;Delhi;31.3;71.0;10.6;15.5;189.0
2024-08-18;Delhi;27.1;63.0;7.5;7.6;186.0
2024-08-19;Delhi;26.8;43.0;3.6;9.3;121.0
2024-08-20;Delhi;29.4;82.0;37.9;15.0;118.0
2024-08-21;Delhi;30.5;58.0;24.6;16.9;151.0
2024-08-22;Delhi;29.8;54.0;9.7;9.7;129.0
2024-08-23;Delhi;27.5;53.0;2.9;7.9;234.0
2024-08-24;Delhi;30.6;63.0;19.7;8.7;180.0
2024-08-25;Delhi;32.0;79.0;10.8;16.5;240.0
2024-08-26;Delhi;27.8;81.0;25.5;16.7;186.0
2024-08-27;Delhi;27.9;57.0;6.2;13.3;118.0
2024-08-28;Delhi;29.0;74.0;9.4;13.0;223.0
2024-08-29;Delhi;28.7;57.0;11.7;6.7;150.0
2024-08-30;Delhi;30.6;70.0;21.6;13.9;213.0
2024-08-31;Delhi;29.1;68.0;8.1;15.1;232.0
2024-09-01;Delhi;28.2;46.0;0.4;12.7;234.0
2024-09-02;Delhi;27.6;62.0;2.3;12.8;221.0
2024-09-03;Delhi;26.2;58.0;1.0;7.9;196.0
2024-09-04;Delhi;30.4;60.0;0.0;16.7;180.0
2024-09-05;Delhi;29.2;70.0;0.2;6.6;255.0
2024-09-06;Delhi;28.0;59.0;0.9;11.9;190.0
2024-09-07;Delhi;28.3;56.0;0.0;13.8;165.0
2024-09-08;Delhi;27.8;43.0;0.0;16.6;198.0
2024-09-09;Delhi;25.3;58.0;1.6;16.2;224.0
2024-09-10;Delhi;25.7;52.0;1.2;16.6;223.0
2024-09-11;Delhi;27.4;54.0;0.0;10.8;137.0
2024-09-12;Delhi;27.3;51.0;0.1;21.3;223.0
2024-09-13;Delhi;27.5;59.0;0.1;16.4;207.0
2024-09-14;Delhi;30.0;47.0;0.0;10.6;166.0
2024-09-15;Delhi;26.9;57.0;0.9;10.8;146.0
2024-09-16;Delhi;26.1;47.0;0.0;15.0;237.0
2024-09-17;Delhi;27.2;41.0;0.8;10.1;240.0
2024-09-18;Delhi;25.0;52.0;0.0;6.9;243.0
2024-09-19;Delhi;27.2;59.0;0.7;12.3;127.0
2024-09-20;Delhi;25.8;49.0;0.0;2.9;172.0
2024-09-21;Delhi;27.1;56.0;0.0;13.4;182.0
2024-09-22;Delhi;26.4;52.0;0.0;14.6;240.0
2024-09-23;Delhi;26.4;47.0;0.6;10.9;212.0
2024-09-24;Delhi;27.4;61.0;2.4;16.6;169.0
2024-09-25;Delhi;27.5;50.0;0.2;15.4;186.0
2024-09-26;Delhi;29.3;58.0;0.1;7.9;208.0
2024-09-27;Delhi;27.2;43.0;0.0;12.2;210.0
2024-09-28;Delhi;25.7;56.0;0.2;9.9;247.0
2024-09-29;Delhi;25.0;60.0;0.0;10.7;238.0
2024-09-30;Delhi;26.4;58.0;0.0;16.6;230.0
2024-10-01;Delhi;28.0;63.0;0.7;14.5;149.0
2024-10-02;Delhi;27.0;64.0;4.5;9.1;147.0
2024-10-03;Delhi;24.5;58.0;0.3;12.9;140.0
2024-10-04;Delhi;26.1;62.0;0.2;9.0;197.0
2024-10-05;Delhi;25.7;52.0;0.6;10.1;161.0
2024-10-06;Delhi;26.8;59.0;0.0;18.2;204.0
2024-10-07;Delhi;25.6;55.0;0.0;22.2;210.0
2024-10-08;Delhi;25.4;70.0;0.1;19.1;190.0
2024-10-09;Delhi;23.2;57.0;0.1;13.1;216.0
2024-10-10;Delhi;26.0;45.0;0.1;12.7;155.0
2024-10-11;Delhi;22.7;57.0;0.0;16.1;122.0
2024-10-12;Delhi;24.8;47.0;0.0;12.4;153.0
2024-10-13;Delhi;23.7;63.0;2.5;6.3;212.0
2024-10-14;Delhi;23.5;61.0;0.2;19.3;255.0
2024-10-15;Delhi;25.2;50.0;0.3;7.2;240.0
2024-10-16;Delhi;24.2;47.0;0.1;16.8;173.0
2024-10-17;Delhi;20.5;56.0;0.1;15.0;220.0
2024-10-18;Delhi;23.7;49.0;1.2;19.4;125.0
2024-10-19;Delhi;23.3;49.0;1.2;15.5;242.0
2024-10-20;Delhi;25.7;51.0;0.3;9.6;202.0
2024-10-21;Delhi;21.9;60.0;0.1;16.3;213.0
2024-10-22;Delhi;26.5;45.0;2.0;10.5;103.0
2024-10-23;Delhi;24.8;49.0;0.0;8.1;200.0
2024-10-24;Delhi;23.0;74.0;0.1;4.7;255.0
2024-10-25;Delhi;22.7;71.0;0.0;11.5;194.0
2024-10-26;Delhi;22.3;67.0;2.6;5.2;176.0
2024-10-27;Delhi;23.6;55.0;0.1;17.7;172.0
2024-10-28;Delhi;21.8;61.0;0.0;5.7;153.0
2024-10-29;Delhi;22.8;52.0;0.0;10.5;186.0
2024-10-30;Delhi;21.2;33.0;0.0;10.7;133.0
2024-10-31;Delhi;23.8;51.0;0.1;12.7;200.0
2024-11-01;Delhi;22.9;51.0;0.0;8.5;226.0
2024-11-02;Delhi;21.8;56.0;0.6;16.5;164.0
2024-11-03;Delhi;22.1;59.0;0.0;12.7;197.0
2024-11-04;Delhi;21.3;68.0;0.0;11.9;179.0
2024-11-05;Delhi;22.7;56.0;0.9;9.4;197.0
2024-11-06;Delhi;20.3;48.0;1.2;14.2;217.0
2024-11-07;Delhi;23.4;55.0;2.1;17.6;196.0
2024-11-08;Delhi;22.3;60.0;0.1;22.8;216.0
2024-11-09;Delhi;21.2;54.0;0.0;8.2;203.0
2024-11-10;Delhi;22.7;50.0;2.4;11.5;214.0
2024-11-11;Delhi;22.3;62.0;3.3;4.4;191.0
2024-11-12;Delhi;20.1;50.0;4.9;14.7;190.0
2024-11-13;Delhi;23.5;48.0;0.1;6.5;210.0
2024-11-14;Delhi;17.7;59.0;0.5;13.1;179.0
2024-11-15;Delhi;23.0;49.0;0.0;16.9;200.0
2024-11-16;Delhi;21.1;53.0;0.8;10.4;146.0
2024-11-17;Delhi;22.7;55.0;0.0;8.3;109.0
2024-11-18;Delhi;23.3;55.0;0.0;17.3;186.0
2024-11-19;Delhi;20.4;47.0;0.0;14.8;150.0
2024-11-20;Delhi;20.4;58.0;0.4;7.5;259.0
2024-11-21;Delhi;21.4;49.0;1.3;12.6;149.0
2024-11-22;Delhi;19.1;69.0;0.8;8.6;212.0
2024-11-23;Delhi;20.3;52.0;0.0;16.2;153.0
2024-11-24;Delhi;20.1;60.0;0.0;12.5;181.0
2024-11-25;Delhi;18.8;61.0;0.0;18.1;137.0
2024-11-26;Delhi;19.8;52.0;0.0;8.3;133.0
2024-11-27;Delhi;21.6;47.0;0.0;12.9;193.0
2024-11-28;Delhi;21.4;63.0;2.7;12.0;163.0
2024-11-29;Delhi;20.1;45.0;1.4;13.0;210.0
2024-11-30;Delhi;20.4;45.0;0.2;9.7;231.0
2024-12-01;Delhi;19.8;60.0;0.0;3.0;118.0
2024-12-02;Delhi;17.5;53.0;0.0;14.7;224.0
2024-12-03;Delhi;18.6;49.0;0.1;12.2;141.0
2024-12-04;Delhi;21.5;51.0;0.0;8.7;167.0
2024-12-05;Delhi;21.8;49.0;0.7;10.0;123.0
2024-12-06;Delhi;18.6;72.0;0.0;7.3;125.0
2024-12-07;Delhi;21.6;64.0;0.7;4.6;101.0
2024-12-08;Delhi;18.0;48.0;0.0;16.2;164.0
2024-12-09;Delhi;19.0;53.0;0.2;14.3;182.0
2024-12-10;Delhi;19.5;60.0;0.2;6.6;165.0
2024-12-11;Delhi;19.3;47.0;0.0;22.1;108.0
2024-12-12;Delhi;18.6;51.0;0.2;7.5;102.0
2024-12-13;Delhi;19.8;53.0;0.0;14.9;180.0
2024-12-14;Delhi;20.7;48.0;0.0;12.0;212.0
2024-12-15;Delhi;17.3;64.0;0.0;6.9;190.0
2024-12-16;Delhi;19.6;50.0;0.5;13.4;254.0
2024-12-17;Delhi;20.9;54.0;0.0;11.3;178.0
2024-12-18;Delhi;18.8;56.0;0.0;9.5;193.0
2024-12-19;Delhi;18.5;68.0;0.1;17.3;179.0
2024-12-20;Delhi;18.0;54.0;0.0;14.5;149.0
2024-12-21;Delhi;22.3;72.0;0.1;14.9;173.0
2024-12-22;Delhi;21.5;53.0;0.8;11.1;213.0
2024-12-23;Delhi;18.8;53.0;0.3;13.4;215.0
2024-12-24;Delhi;21.0;63.0;0.7;11.9;194.0
2024-12-25;Delhi;18.4;71.0;0.3;14.0;243.0
2024-12-26;Delhi;18.9;53.0;0.0;8.1;198.0
2024-12-27;Delhi;17.5;65.0;0.1;2.5;193.0
2024-12-28;Delhi;16.3;62.0;0.0;17.4;240.0
2024-12-29;Delhi;18.2;49.0;0.0;11.9;151.0
2024-12-30;Delhi;18.4;57.0;2.8;14.3;234.0
2024-12-31;Delhi;19.7;55.0;0.0;9.3;141.0
2025-01-01;Delhi;20.0;47.0;0.3;11.1;169.0
2025-01-02;Delhi;18.9;57.0;0.7;18.1;106.0
2025-01-03;Delhi;17.5;56.0;0.0;13.5;190.0
2025-01-04;Delhi;18.0;58.0;0.1;20.8;233.0
2025-01-05;Delhi;21.4;56.0;0.0;15.6;142.0
2025-01-06;Delhi;20.0;50.0;0.4;9.3;168.0
2025-01-07;Delhi;21.1;75.0;0.0;13.8;171.0
2025-01-08;Delhi;21.7;57.0;0.0;18.7;171.0
2025-01-09;Delhi;18.0;65.0;0.0;12.9;138.0
2025-01-10;Delhi;20.2;59.0;0.0;14.6;182.0
2025-01-11;Delhi;17.7;68.0;0.6;17.7;242.0
2025-01-12;Delhi;20.6;49.0;0.0;2.6;160.0
2025-01-13;Delhi;20.3;54.0;0.0;14.8;189.0
2025-01-14;Delhi;15.9;51.0;0.1;17.4;189.0
2025-01-15;Delhi;19.6;51.0;1.2;8.9;163.0
2025-01-16;Delhi;17.8;57.0;0.4;16.2;191.0
2025-01-17;Delhi;18.5;53.0;0.0;12.0;165.0
2025-01-18;Delhi;18.1;44.0;0.0;5.2;197.0
2025-01-19;Delhi;20.5;53.0;0.0;15.2;177.0
2025-01-20;Delhi;18.1;52.0;0.5;12.0;123.0
2025-01-21;Delhi;17.2;63.0;1.1;11.7;107.0
2025-01-22;Delhi;17.9;44.0;0.3;14.6;94.0
2025-01-23;Delhi;18.9;51.0;0.6;8.2;163.0
2025-01-24;Delhi;19.8;49.0;0.0;15.1;213.0
2025-01-25;Delhi;21.0;61.0;0.1;8.4;151.0
2025-01-26;Delhi;20.0;51.0;0.1;18.1;170.0
2025-01-27;Delhi;20.2;64.0;0.8;16.6;153.0
2025-01-28;Delhi;20.4;56.0;1.2;18.2;145.0
2025-01-29;Delhi;20.6;60.0;1.1;13.9;267.0
2025-01-30;Delhi;20.9;64.0;0.0;10.3;148.0
2025-01-31;Delhi;23.2;45.0;0.1;9.1;126.0
2025-02-01;Delhi;20.7;54.0;1.4;8.9;143.0
2025-02-02;Delhi;19.9;58.0;0.0;11.3;183.0
2025-02-03;Delhi;18.9;57.0;1.0;9.3;156.0
2025-02-04;Delhi;20.1;45.0;0.2;13.3;191.0
2025-02-05;Delhi;21.4;61.0;0.0;8.8;151.0
2025-02-06;Delhi;17.9;59.0;4.2;9.5;152.0
2025-02-07;Delhi;21.6;56.0;0.0;10.5;152.0
2025-02-08;Delhi;19.2;53.0;0.0;8.9;176.0
2025-02-09;Delhi;19.5;30.0;0.0;10.6;209.0
2025-02-10;Delhi;20.7;59.0;0.0;14.3;213.0
2025-02-11;Delhi;19.2;60.0;0.6;8.5;236.0
2025-02-12;Delhi;20.7;53.0;1.8;7.2;126.0
2025-02-13;Delhi;18.3;45.0;2.9;11.3;136.0
2025-02-14;Delhi;21.4;51.0;0.0;7.4;143.0
2025-02-15;Delhi;20.5;65.0;2.7;17.3;177.0
2025-02-16;Delhi;20.2;52.0;0.6;9.2;136.0
2025-02-17;Delhi;20.7;55.0;0.1;12.2;152.0
2025-02-18;Delhi;20.4;52.0;0.0;13.8;207.0
2025-02-19;Delhi;21.1;58.0;0.1;7.0;223.0
2025-02-20;Delhi;20.2;44.0;0.0;8.6;208.0
2025-02-21;Delhi;20.2;54.0;0.3;9.5;193.0
2025-02-22;Delhi;18.0;66.0;2.6;15.1;151.0
2025-02-23;Delhi;22.8;48.0;0.1;19.3;181.0
2025-02-24;Delhi;19.1;53.0;0.0;19.4;226.0
2025-02-25;Delhi;23.3;64.0;0.3;17.1;206.0
2025-02-26;Delhi;20.6;61.0;0.0;7.0;215.0
2025-02-27;Delhi;22.9;59.0;0.0;8.5;218.0
2025-02-28;Delhi;22.7;58.0;0.1;17.5;167.0
2025-03-01;Delhi;22.6;58.0;0.0;18.1;205.0
2025-03-02;Delhi;21.3;53.0;0.0;15.2;165.0
2025-03-03;Delhi;19.6;64.0;0.0;15.2;204.0
2025-03-04;Delhi;21.2;51.0;0.3;10.3;229.0
2025-03-05;Delhi;21.0;47.0;0.5;18.9;242.0
2025-03-06;Delhi;21.4;45.0;1.9;9.1;202.0
2025-03-07;Delhi;19.8;51.0;1.0;5.6;195.0
2025-03-08;Delhi;21.3;52.0;2.3;15.2;233.0
2025-03-09;Delhi;17.5;52.0;3.9;9.7;142.0
2025-03-10;Delhi;21.5;46.0;0.0;6.8;238.0
2025-03-11;Delhi;22.2;58.0;0.0;15.5;185.0
2025-03-12;Delhi;21.0;48.0;0.1;4.7;185.0
2025-03-13;Delhi;21.8;59.0;0.1;13.8;162.0
2025-03-14;Delhi;22.6;61.0;0.0;10.2;133.0
2025-03-15;Delhi;23.9;76.0;0.0;18.4;239.0
2025-03-16;Delhi;24.1;51.0;0.0;13.8;196.0
2025-03-17;Delhi;23.0;54.0;0.7;16.3;165.0
2025-03-18;Delhi;22.6;49.0;0.0;7.7;194.0
2025-03-19;Delhi;23.3;46.0;0.0;5.2;167.0
2025-03-20;Delhi;25.6;54.0;2.7;10.6;109.0
2025-03-21;Delhi;23.7;53.0;4.7;14.4;168.0
2025-03-22;Delhi;23.5;46.0;0.1;12.3;124.0
2025-03-23;Delhi;24.8;57.0;0.0;16.6;190.0
2025-03-24;Delhi;23.3;49.0;2.7;14.2;241.0
2025-03-25;Delhi;22.1;62.0;3.2;7.8;151.0
2025-03-26;Delhi;24.2;62.0;0.8;13.9;211.0
2025-03-27;Delhi;23.8;48.0;0.0;12.7;154.0
2025-03-28;Delhi;23.3;66.0;0.0;17.1;179.0
2025-03-29;Delhi;24.6;58.0;0.0;8.3;145.0
2025-03-30;Delhi;21.2;57.0;3.6;9.3;201.0
2025-03-31;Delhi;23.2;41.0;0.2;13.6;234.0
2025-04-01;Delhi;22.8;41.0;0.1;17.7;188.0
2025-04-02;Delhi;23.0;68.0;0.0;11.2;201.0
2025-04-03;Delhi;24.0;67.0;2.1;14.4;199.0
2025-04-04;Delhi;23.0;69.0;1.3;12.1;169.0
2025-04-05;Delhi;27.0;70.0;0.0;11.8;232.0
2025-04-06;Delhi;25.3;66.0;0.0;16.6;159.0
2025-04-07;Delhi;23.5;57.0;0.0;12.4;117.0
2025-04-08;Delhi;22.2;59.0;0.0;10.2;143.0
2025-04-09;Delhi;24.0;50.0;0.0;10.0;205.0
2025-04-10;Delhi;24.5;57.0;0.1;10.8;164.0
2025-04-11;Delhi;24.2;66.0;6.6;9.2;177.0
2025-04-12;Delhi;29.0;61.0;0.0;11.0;170.0
2025-04-13;Delhi;22.8;55.0;0.8;12.2;186.0
2025-04-14;Delhi;25.5;39.0;0.0;13.1;224.0
2025-04-15;Delhi;25.3;44.0;1.2;8.1;240.0
2025-04-16;Delhi;25.2;59.0;0.2;10.3;141.0
2025-04-17;Delhi;22.8;52.0;1.1;10.5;216.0
2025-04-18;Delhi;25.8;61.0;1.1;8.9;187.0
2025-04-19;Delhi;26.2;45.0;0.1;9.7;131.0
2025-04-20;Delhi;27.1;66.0;0.0;15.6;200.0
2025-04-21;Delhi;26.9;48.0;0.2;17.5;254.0
2025-04-22;Delhi;28.1;67.0;0.4;10.7;150.0
2025-04-23;Delhi;23.3;45.0;3.4;9.2;167.0
2025-04-24;Delhi;26.1;60.0;0.0;11.7;116.0
2025-04-25;Delhi;30.3;48.0;0.0;12.3;175.0
2025-04-26;Delhi;28.2;55.0;0.1;14.8;186.0
2025-04-27;Delhi;24.6;65.0;1.2;10.4;258.0
2025-04-28;Delhi;27.0;63.0;0.9;9.8;142.0
2025-04-29;Delhi;25.4;48.0;0.0;21.8;219.0
2025-04-30;Delhi;26.4;50.0;0.0;6.8;192.0
2025-05-01;Delhi;30.1;42.0;0.0;15.6;269.0
2025-05-02;Delhi;28.7;41.0;0.7;18.0;186.0
2025-05-03;Delhi;25.0;52.0;4.7;11.0;173.0
2025-05-04;Delhi;26.3;52.0;4.4;13.8;209.0
2025-05-05;Delhi;27.5;46.0;3.2;5.3;196.0
2025-05-06;Delhi;27.2;53.0;0.0;12.1;217.0
2025-05-07;Delhi;28.2;55.0;0.0;16.6;202.0
2025-05-08;Delhi;26.6;55.0;0.2;12.5;121.0
2025-05-09;Delhi;27.3;50.0;1.3;12.2;200.0
2025-05-10;Delhi;26.8;50.0;0.0;18.9;200.0
2025-05-11;Delhi;27.5;52.0;0.0;15.3;150.0
2025-05-12;Delhi;29.2;64.0;2.6;14.8;189.0
2025-05-13;Delhi;28.7;50.0;1.0;8.8;106.0
2025-05-14;Delhi;27.3;42.0;0.0;2.2;190.0
2025-05-15;Delhi;30.1;53.0;0.1;13.5;207.0
2025-05-16;Delhi;30.1;52.0;0.1;12.0;218.0
2025-05-17;Delhi;28.6;42.0;0.5;15.1;208.0
2025-05-18;Delhi;28.3;52.0;0.0;12.5;145.0
2025-05-19;Delhi;31.4;48.0;0.2;12.2;121.0
2025-05-20;Delhi;31.2;56.0;1.7;12.1;216.0
2025-05-21;Delhi;26.6;59.0;0.2;7.6;196.0
2025-05-22;Delhi;30.8;51.0;0.7;4.6;199.0
2025-05-23;Delhi;31.6;61.0;2.5;8.5;245.0
2025-05-24;Delhi;30.1;53.0;0.2;7.6;116.0
2025-05-25;Delhi;28.5;54.0;0.8;11.8;251.0
2025-05-26;Delhi;28.8;53.0;0.7;5.5;157.0
2025-05-27;Delhi;31.9;54.0;0.4;10.1;213.0
2025-05-28;Delhi;30.7;44.0;0.1;19.7;179.0
2025-05-29;Delhi;30.3;41.0;0.6;11.7;166.0
2025-05-30;Delhi;33.0;64.0;0.5;12.2;119.0
2025-05-31;Delhi;28.1;57.0;0.0;12.1;153.0
2025-06-01;Delhi;29.5;56.0;7.0;12.8;192.0
2025-06-02;Delhi;30.0;64.0;0.0;9.9;194.0
2025-06-03;Delhi;29.5;79.0;1.0;11.3;217.0
2025-06-04;Delhi;27.1;43.0;0.0;9.8;152.0
2025-06-05;Delhi;31.4;55.0;0.5;6.0;209.0
2025-06-06;Delhi;28.9;60.0;0.0;16.7;183.0
2025-06-07;Delhi;28.9;42.0;0.2;8.5;205.0
2025-06-08;Delhi;29.6;43.0;0.6;18.4;200.0
2025-06-09;Delhi;29.8;64.0;1.5;8.9;160.0
2025-06-10;Delhi;30.0;55.0;0.1;6.6;190.0
2025-06-11;Delhi;31.7;50.0;0.2;19.7;198.0
2025-06-12;Delhi;32.1;42.0;0.7;6.1;211.0
2025-06-13;Delhi;30.0;58.0;0.0;2.9;240.0
2025-06-14;Delhi;29.5;45.0;1.1;6.2;154.0
2025-06-15;Delhi;30.2;48.0;1.5;11.4;132.0
2025-06-16;Delhi;29.1;51.0;4.0;6.6;227.0
2025-06-17;Delhi;30.5;52.0;0.1;9.7;128.0
2025-06-18;Delhi;29.1;47.0;1.3;3.9;220.0
2025-06-19;Delhi;33.8;48.0;0.6;16.3;143.0
2025-06-20;Delhi;30.8;63.0;0.0;13.7;155.0
2025-06-21;Delhi;29.9;56.0;0.0;6.9;177.0
2025-06-22;Delhi;31.8;57.0;1.8;2.7;120.0
2025-06-23;Delhi;28.9;59.0;0.1;8.4;141.0
2025-06-24;Delhi;29.7;47.0;1.1;14.6;112.0
2025-06-25;Delhi;31.4;58.0;0.1;16.3;207.0
2025-06-26;Delhi;31.0;58.0;0.0;11.1;180.0
2025-06-27;Delhi;32.4;47.0;0.1;10.0;180.0
2025-06-28;Delhi;26.8;60.0;0.3;9.7;177.0
2025-06-29;Delhi;32.1;58.0;0.8;13.2;178.0
2025-06-30;Delhi;30.1;57.0;0.5;15.5;160.0
2025-07-01;Delhi;29.2;95.0;33.4;11.4;185.0
2025-07-02;Delhi;28.4;65.0;11.8;10.5;98.0
2025-07-03;Delhi;30.1;49.0;1.7;15.1;121.0
2025-07-04;Delhi;33.4;65.0;11.3;18.0;223.0
2025-07-05;Delhi;32.4;64.0;11.5;10.9;179.0
2025-07-06;Delhi;33.4;55.0;10.7;12.3;88.0
2025-07-07;Delhi;30.8;49.0;13.0;9.0;180.0
2025-07-08;Delhi;31.2;56.0;2.5;12.3;114.0
2025-07-09;Delhi;28.6;67.0;5.2;8.3;
2025-07-10;Delhi;28.6;71.0;10.4;17.7;206.0
2025-07-11;Delhi;30.8;78.0;25.5;15.5;238.0
2025-07-12;Delhi;28.9;79.0;13.7;18.9;154.0
2025-07-13;Delhi;29.7;73.0;20.3;9.8;111.0
2025-07-14;Delhi;31.1;57.0;4.5;20.3;154.0
2025-07-15;Delhi;32.9;63.0;7.6;13.0;152.0
2025-07-16;Delhi;31.0;49.0;0.4;11.5;
2025-07-17;Delhi;28.9;47.0;2.1;17.0;105.0
2025-07-18;Delhi;28.2;86.0;48.2;7.9;132.0
2025-07-19;Delhi;31.1;55.0;4.3;12.1;135.0
2025-07-20;Delhi;30.0;67.0;6.1;11.4;153.0
2025-07-21;Delhi;31.1;49.0;7.4;13.7;
2025-07-22;Delhi;30.6;78.0;38.8;10.2;181.0
2025-07-23;Delhi;30.8;65.0;4.4;9.8;205.0
2025-07-24;Delhi;32.6;62.0;12.3;10.5;193.0
2025-07-25;Delhi;32.4;60.0;7.9;10.8;162.0
2025-07-26;Delhi;31.3;60.0;9.4;12.3;169.0
2025-07-27;Delhi;29.4;73.0;3.5;17.2;114.0
2025-07-28;Delhi;29.9;66.0;8.1;3.4;123.0
2025-07-29;Delhi;31.8;74.0;21.4;15.1;164.0
2025-07-30;Delhi;32.6;66.0;12.2;10.1;123.0
2025-07-31;Delhi;28.7;72.0;17.7;11.3;190.0
2025-08-01;Delhi;32.9;74.0;4.9;7.7;173.0
2025-08-02;Delhi;29.4;71.0;23.2;12.2;145.0
2025-08-03;Delhi;31.5;67.0;12.9;10.4;143.0
2025-08-04;Delhi;34.7;63.0;9.6;11.1;
2025-08-05;Delhi;28.0;71.0;10.7;14.3;196.0
2025-08-06;Delhi;31.1;80.0;14.2;14.5;131.0
2025-08-07;Delhi;29.9;61.0;13.8;17.7;145.0
2025-08-08;Delhi;31.0;85.0;33.4;9.6;139.0
2025-08-09;Delhi;29.3;68.0;14.6;14.7;178.0
2025-08-10;Delhi;26.5;55.0;14.2;14.5;178.0
2025-08-11;Delhi;29.0;72.0;11.8;12.4;164.0
2025-08-12;Delhi;30.6;81.0;16.5;18.7;192.0
2025-08-13;Delhi;32.0;81.0;24.9;9.4;150.0
2025-08-14;Delhi;30.6;52.0;2.1;12.6;122.0
2025-08-15;Delhi;32.1;46.0;1.8;13.2;232.0
2025-08-16;Delhi;29.1;69.0;11.5;7.2;208.0
2025-08-17;Delhi;28.9;52.0;6.9;17.1;118.0
2025-08-18;Delhi;30.2;58.0;13.7;11.6;173.0
2025-08-19;Delhi;29.1;68.0;13.9;13.7;218.0
2025-08-20;Delhi;31.3;70.0;11.3;18.3;157.0
2025-08-21;Delhi;27.4;76.0;29.6;12.9;181.0
2025-08-22;Delhi;30.7;58.0;6.3;12.2;218.0
2025-08-23;Delhi;31.2;60.0;7.6;12.3;183.0
2025-08-24;Delhi;29.9;76.0;35.6;8.0;230.0
2025-08-25;Delhi;30.6;55.0;4.2;10.5;202.0
2025-08-26;Delhi;28.2;51.0;10.7;11.4;173.0
2025-08-27;Delhi;27.8;69.0;9.8;12.4;164.0
2025-08-28;Delhi;29.5;92.0;18.6;17.5;160.0
2025-08-29;Delhi;27.8;65.0;12.4;15.7;145.0
2025-08-30;Delhi;29.3;67.0;3.7;9.6;
2025-08-31;Delhi;29.2;60.0;8.6;11.9;135.0
2025-09-01;Delhi;28.6;45.0;1.5;17.6;173.0
2025-09-02;Delhi;29.0;74.0;0.9;5.1;211.0
2025-09-03;Delhi;29.5;50.0;2.6;11.1;190.0
2025-09-04;Delhi;28.3;63.0;0.1;6.8;187.0
2025-09-05;Delhi;27.6;57.0;0.8;21.8;264.0
2025-09-06;Delhi;29.5;65.0;0.2;15.1;247.0
2025-09-07;Delhi;28.6;54.0;0.0;10.0;143.0
2025-09-08;Delhi;28.8;46.0;0.2;11.9;208.0
2025-09-09;Delhi;28.9;50.0;0.0;8.7;133.0
2025-09-10;Delhi;28.1;75.0;1.8;20.0;189.0
2025-09-11;Delhi;27.3;58.0;0.0;2.8;125.0
2025-09-12;Delhi;26.8;73.0;0.2;13.3;156.0
2025-09-13;Delhi;27.5;53.0;1.2;11.7;204.0
2025-09-14;Delhi;28.3;61.0;0.0;7.9;162.0
2025-09-15;Delhi;28.2;45.0;0.0;11.0;137.0
2025-09-16;Delhi;27.6;58.0;3.6;5.5;149.0
2025-09-17;Delhi;27.8;74.0;0.9;18.3;141.0
2025-09-18;Delhi;25.5;51.0;2.7;12.1;194.0
2025-09-19;Delhi;26.4;49.0;0.0;15.7;228.0
2025-09-20;Delhi;28.0;62.0;0.3;10.1;172.0
2025-09-21;Delhi;25.6;56.0;0.0;17.4;221.0
2025-09-22;Delhi;27.0;70.0;0.0;12.1;157.0
2025-09-23;Delhi;26.8;53.0;0.0;16.3;176.0
2025-09-24;Delhi;26.4;56.0;0.3;14.3;251.0
2025-09-25;Delhi;27.5;58.0;0.0;11.9;173.0
2025-09-26;Delhi;26.7;46.0;0.0;16.0;223.0
2025-09-27;Delhi;24.5;45.0;0.4;28.7;151.0
2025-09-28;Delhi;27.0;44.0;0.0;7.5;
2025-09-29;Delhi;25.3;29.0;1.0;11.5;145.0
2025-09-30;Delhi;23.9;54.0;0.2;6.8;182.0
2025-10-01;Delhi;27.0;45.0;0.6;13.7;189.0
2025-10-02;Delhi;24.0;51.0;0.5;12.9;210.0
2025-10-03;Delhi;25.1;63.0;0.0;19.8;157.0
2025-10-04;Delhi;26.0;48.0;0.1;11.0;173.0
2025-10-05;Delhi;25.4;61.0;0.1;15.8;227.0
2025-10-06;Delhi;24.4;43.0;0.4;3.7;131.0
2025-10-07;Delhi;23.8;50.0;0.0;12.6;81.0
2025-10-08;Delhi;24.0;69.0;0.0;8.5;154.0
2025-10-09;Delhi;23.4;52.0;0.1;14.4;204.0
2025-10-10;Delhi;24.8;65.0;0.0;16.6;183.0
2025-10-11;Delhi;24.0;74.0;0.0;9.6;142.0
2025-10-12;Delhi;22.7;52.0;0.1;14.2;183.0
2025-10-13;Delhi;24.2;50.0;0.0;10.6;165.0
2025-10-14;Delhi;23.6;38.0;0.0;12.2;117.0
2025-10-15;Delhi;24.8;57.0;0.1;13.6;166.0
2025-10-16;Delhi;24.9;58.0;0.1;8.0;210.0
2025-10-17;Delhi;26.2;61.0;0.1;8.0;169.0
2025-10-18;Delhi;25.1;66.0;0.1;15.5;119.0
2025-10-19;Delhi;22.4;47.0;0.0;9.3;249.0
2025-10-20;Delhi;20.7;70.0;0.0;17.1;140.0
2025-10-21;Delhi;21.5;53.0;0.1;4.9;195.0
2025-10-22;Delhi;23.0;58.0;0.1;15.7;213.0
2025-10-23;Delhi;21.2;54.0;0.0;12.0;197.0
2025-10-24;Delhi;22.6;49.0;0.0;11.6;171.0
2025-10-25;Delhi;23.5;45.0;0.1;12.6;107.0
2025-10-26;Delhi;22.5;59.0;2.4;6.2;224.0
2025-10-27;Delhi;23.6;48.0;1.1;16.5;132.0
2025-10-28;Delhi;22.2;53.0;0.2;10.3;219.0
2025-10-29;Delhi;21.9;52.0;0.0;8.7;224.0
2025-10-30;Delhi;25.5;52.0;0.0;20.7;131.0
2025-10-31;Delhi;22.8;41.0;0.0;10.6;131.0
2025-11-01;Delhi;22.9;30.0;0.6;8.5;164.0
2025-11-02;Delhi;23.9;62.0;0.2;15.3;217.0
2025-11-03;Delhi;23.9;64.0;0.0;13.1;156.0
2025-11-04;Delhi;21.9;35.0;0.9;16.0;183.0
2025-11-05;Delhi;23.9;58.0;0.0;12.3;160.0
2025-11-06;Delhi;21.6;57.0;0.1;15.8;211.0
2025-11-07;Delhi;23.7;44.0;0.1;20.2;155.0
2025-11-08;Delhi;20.2;63.0;1.0;9.0;150.0
2025-11-09;Delhi;21.5;65.0;0.8;10.2;138.0
2025-11-10;Delhi;22.2;64.0;1.1;5.6;136.0
2025-11-11;Delhi;22.4;69.0;0.1;13.5;222.0
2025-11-12;Delhi;20.5;63.0;0.0;12.5;166.0
2025-11-13;Delhi;19.2;48.0;0.0;17.1;142.0
2025-11-14;Delhi;22.2;60.0;5.5;11.9;
2025-11-15;Delhi;21.2;58.0;0.0;11.7;169.0
2025-11-16;Delhi;20.8;70.0;4.1;12.8;143.0
2025-11-17;Delhi;23.8;53.0;0.6;11.1;139.0
2025-11-18;Delhi;20.8;50.0;0.2;13.5;149.0
2025-11-19;Delhi;20.4;42.0;0.9;12.9;184.0
2025-11-20;Delhi;18.4;62.0;0.0;14.2;134.0
2025-11-21;Delhi;19.4;57.0;0.2;11.1;168.0
2025-11-22;Delhi;22.2;50.0;2.1;14.2;213.0
2025-11-23;Delhi;19.8;61.0;0.4;14.5;157.0
2025-11-24;Delhi;21.7;53.0;1.1;10.7;136.0
2025-11-25;Delhi;18.8;44.0;0.0;11.7;222.0
2025-11-26;Delhi;19.3;66.0;0.6;11.3;176.0
2025-11-27;Delhi;19.2;39.0;0.3;7.1;173.0
2025-11-28;Delhi;21.2;57.0;0.8;10.1;200.0
2025-11-29;Delhi;20.1;54.0;0.1;15.0;176.0
2025-11-30;Delhi;18.7;46.0;5.0;15.4;178.0
2025-12-01;Delhi;21.4;58.0;0.0;13.4;117.0
2025-12-02;Delhi;21.0;50.0;0.6;7.9;146.0
2025-12-03;Delhi;20.7;69.0;0.9;15.9;254.0
2025-12-04;Delhi;20.5;63.0;0.3;19.4;138.0
2025-12-05;Delhi;18.8;58.0;1.6;14.4;181.0
2025-12-06;Delhi;21.9;35.0;0.0;12.0;250.0
2025-12-07;Delhi;19.8;51.0;0.1;8.5;207.0
2025-12-08;Delhi;20.3;50.0;0.3;11.9;191.0
2025-12-09;Delhi;20.4;65.0;0.0;10.0;148.0
2025-12-10;Delhi;18.4;58.0;1.5;11.2;154.0
2025-12-11;Delhi;22.6;58.0;0.0;17.2;168.0
2025-12-12;Delhi;19.6;63.0;0.0;15.5;193.0
2025-12-13;Delhi;19.7;68.0;0.3;10.6;231.0
2025-12-14;Delhi;19.0;67.0;0.7;12.4;184.0
2025-12-15;Delhi;21.3;60.0;0.4;12.0;157.0
2025-12-16;Delhi;21.3;53.0;0.0;10.3;176.0
2025-12-17;Delhi;19.7;59.0;0.6;6.6;200.0
2025-12-18;Delhi;17.2;55.0;0.2;15.3;193.0
2025-12-19;Delhi;19.1;67.0;6.7;16.7;163.0
2025-12-20;Delhi;19.2;50.0;0.0;9.6;135.0
2025-12-21;Delhi;18.6;62.0;0.1;9.4;223.0
2025-12-22;Delhi;17.8;55.0;0.0;15.6;170.0
2025-12-23;Delhi;16.9;58.0;0.0;9.3;190.0
2025-12-24;Delhi;21.4;45.0;0.0;6.5;153.0
2025-12-25;Delhi;20.3;53.0;0.0;10.2;152.0
2025-12-26;Delhi;19.2;60.0;1.4;17.4;198.0
2025-12-27;Delhi;18.2;54.0;0.0;9.9;129.0
2025-12-28;Delhi;19.7;36.0;0.0;9.4;133.0
2025-12-29;Delhi;19.4;45.0;0.2;10.1;240.0
2025-12-30;Delhi;18.5;58.0;0.1;7.4;213.0
2025-12-31;Delhi;19.7;67.0;0.5;6.7;196.0
2023-01-01;Mumbai;21.7;58.0;0.0;14.8;93.0
2023-01-02;Mumbai;19.9;67.0;1.4;0.6;123.0
2023-01-03;Mumbai;21.4;57.0;0.8;8.1;
2023-01-04;Mumbai;22.4;60.0;0.1;16.0;44.0
2023-01-05;Mumbai;22.6;64.0;0.1;12.6;103.0
2023-01-06;Mumbai;21.8;56.0;0.8;11.1;151.0
2023-01-07;Mumbai;20.2;63.0;0.0;8.2;20.0
2023-01-08;Mumbai;21.4;38.0;0.2;12.1;
2023-01-09;Mumbai;22.5;50.0;0.0;9.9;91.0
2023-01-10;Mumbai;22.9;48.0;0.9;5.0;68.0
2023-01-11;Mumbai;21.6;67.0;0.1;17.2;64.0
2023-01-12;Mumbai;21.0;61.0;0.0;9.2;126.0
2023-01-13;Mumbai;22.1;47.0;0.5;10.9;117.0
2023-01-14;Mumbai;21.5;49.0;0.8;4.9;48.0
2023-01-15;Mumbai;20.5;46.0;0.9;9.9;101.0
2023-01-16;Mumbai;22.5;59.0;0.9;16.0;144.0
2023-01-17;Mumbai;22.1;60.0;2.7;15.7;
2023-01-18;Mumbai;20.4;54.0;1.4;12.1;22.0
2023-01-19;Mumbai;21.1;49.0;0.0;9.5;116.0
2023-01-20;Mumbai;21.8;56.0;0.6;12.1;40.0
2023-01-21;Mumbai;19.8;77.0;0.1;14.0;99.0
2023-01-22;Mumbai;21.1;53.0;0.4;6.0;60.0
2023-01-23;Mumbai;23.1;67.0;2.6;13.0;103.0
2023-01-24;Mumbai;21.5;54.0;0.1;15.1;63.0
2023-01-25;Mumbai;21.0;64.0;0.0;11.8;48.0
2023-01-26;Mumbai;23.9;61.0;0.0;11.9;103.0
2023-01-27;Mumbai;22.8;56.0;0.7;9.1;94.0
2023-01-28;Mumbai;23.4;61.0;0.5;13.2;122.0
2023-01-29;Mumbai;21.2;66.0;0.0;18.4;69.0
2023-01-30;Mumbai;22.0;57.0;0.0;17.6;29.0
2023-01-31;Mumbai;22.4;55.0;0.5;9.7;117.0
2023-02-01;Mumbai;22.8;62.0;0.6;10.5;147.0
2023-02-02;Mumbai;25.9;69.0;0.1;17.5;67.0
2023-02-03;Mumbai;22.7;45.0;0.0;14.4;109.0
2023-02-04;Mumbai;24.2;46.0;0.1;14.3;77.0
2023-02-05;Mumbai;26.1;67.0;0.1;4.8;167.0
2023-02-06;Mumbai;25.3;52.0;0.1;15.7;69.0
2023-02-07;Mumbai;23.0;66.0;0.1;10.9;88.0
2023-02-08;Mumbai;24.5;51.0;0.0;12.9;20.0
2023-02-09;Mumbai;23.0;53.0;0.7;9.2;152.0
2023-02-10;Mumbai;22.8;65.0;1.4;18.6;67.0
2023-02-11;Mumbai;24.2;62.0;0.2;8.1;142.0
2023-02-12;Mumbai;24.3;47.0;0.0;19.8;63.0
2023-02-13;Mumbai;23.8;61.0;0.0;12.1;87.0
2023-02-14;Mumbai;22.9;51.0;0.6;11.3;58.0
2023-02-15;Mumbai;22.5;61.0;2.4;8.5;50.0
2023-02-16;Mumbai;21.4;56.0;0.0;9.9;78.0
2023-02-17;Mumbai;23.6;55.0;0.0;11.2;84.0
2023-02-18;Mumbai;23.7;51.0;0.3;12.5;
2023-02-19;Mumbai;24.7;43.0;0.0;14.2;29.0
2023-02-20;Mumbai;21.3;51.0;0.0;11.2;101.0
2023-02-21;Mumbai;23.7;62.0;0.4;14.2;20.0
2023-02-22;Mumbai;23.4;60.0;0.0;16.7;76.0
2023-02-23;Mumbai;23.6;50.0;0.3;16.2;26.0
2023-02-24;Mumbai;25.7;65.0;0.0;14.5;126.0
2023-02-25;Mumbai;25.8;59.0;0.2;14.0;139.0
2023-02-26;Mumbai;25.5;61.0;0.1;7.8;114.0
2023-02-27;Mumbai;24.2;49.0;1.5;12.8;69.0
2023-02-28;Mumbai;23.8;71.0;0.0;7.7;60.0
2023-03-01;Mumbai;26.0;60.0;0.1;16.1;80.0
2023-03-02;Mumbai;26.8;69.0;0.4;13.2;87.0
2023-03-03;Mumbai;26.7;51.0;0.0;16.5;109.0
2023-03-04;Mumbai;25.2;48.0;8.6;16.7;97.0
2023-03-05;Mumbai;24.6;49.0;0.2;13.8;20.0
2023-03-06;Mumbai;25.6;66.0;1.8;9.3;115.0
2023-03-07;Mumbai;25.8;47.0;0.4;3.0;105.0
2023-03-08;Mumbai;24.2;68.0;0.1;14.2;59.0
2023-03-09;Mumbai;24.6;51.0;0.5;11.3;51.0
2023-03-10;Mumbai;29.5;59.0;0.0;15.2;92.0
2023-03-11;Mumbai;24.4;58.0;0.2;14.8;97.0
2023-03-12;Mumbai;26.4;54.0;0.0;14.4;46.0
2023-03-13;Mumbai;24.4;54.0;0.0;13.0;
2023-03-14;Mumbai;25.1;48.0;0.0;5.4;97.0
2023-03-15;Mumbai;24.0;73.0;1.2;17.1;123.0
2023-03-16;Mumbai;24.1;60.0;0.0;7.0;86.0
2023-03-17;Mumbai;26.5;44.0;1.1;9.4;20.0
2023-03-18;Mumbai;26.4;48.0;3.3;10.7;97.0
2023-03-19;Mumbai;28.5;60.0;0.1;12.1;22.0
2023-03-20;Mumbai;25.9;56.0;0.0;10.7;56.0
2023-03-21;Mumbai;26.2;42.0;0.0;9.8;36.0
2023-03-22;Mumbai;26.0;76.0;0.0;15.2;110.0
2023-03-23;Mumbai;24.7;35.0;1.3;6.7;45.0
2023-03-24;Mumbai;27.2;53.0;0.1;10.3;130.0
2023-03-25;Mumbai;26.1;56.0;0.0;3.6;44.0
2023-03-26;Mumbai;24.3;51.0;0.0;7.9;20.0
2023-03-27;Mumbai;28.2;65.0;2.2;5.7;74.0
2023-03-28;Mumbai;25.8;61.0;0.5;14.9;36.0
2023-03-29;Mumbai;27.3;57.0;0.0;12.7;143.0
2023-03-30;Mumbai;27.4;56.0;0.0;8.8;63.0
2023-03-31;Mumbai;27.3;61.0;0.2;0.0;136.0
2023-04-01;Mumbai;25.6;55.0;1.2;5.9;77.0
2023-04-02;Mumbai;29.3;45.0;0.6;7.6;104.0
2023-04-03;Mumbai;26.2;64.0;0.3;10.6;69.0
2023-04-04;Mumbai;23.7;70.0;0.4;15.0;185.0
2023-04-05;Mumbai;28.8;58.0;1.1;6.2;43.0
2023-04-06;Mumbai;28.8;57.0;0.1;6.6;20.0
2023-04-07;Mumbai;25.9;56.0;0.0;5.3;100.0
2023-04-08;Mumbai;27.8;48.0;2.7;12.0;46.0
2023-04-09;Mumbai;29.5;52.0;0.0;3.3;98.0
2023-04-10;Mumbai;30.1;63.0;0.0;4.9;87.0
2023-04-11;Mumbai;29.0;58.0;0.0;13.9;69.0
2023-04-12;Mumbai;29.4;70.0;0.0;18.1;74.0
2023-04-13;Mumbai;29.4;62.0;0.1;12.3;106.0
2023-04-14;Mumbai;28.2;53.0;0.0;10.7;76.0
2023-04-15;Mumbai;26.9;62.0;0.1;20.7;84.0
2023-04-16;Mumbai;28.2;55.0;0.0;9.9;70.0
2023-04-17;Mumbai;30.4;43.0;0.0;9.9;155.0
2023-04-18;Mumbai;30.5;65.0;0.3;9.9;142.0
2023-04-19;Mumbai;29.2;60.0;0.2;18.0;31.0
2023-04-20;Mumbai;28.5;80.0;0.0;14.2;90.0
2023-04-21;Mumbai;31.7;52.0;0.0;14.1;57.0
2023-04-22;Mumbai;29.4;63.0;0.9;13.3;39.0
2023-04-23;Mumbai;30.3;51.0;0.7;10.2;20.0
2023-04-24;Mumbai;27.6;50.0;0.5;10.7;76.0
2023-04-25;Mumbai;29.4;75.0;0.3;8.1;80.0
2023-04-26;Mumbai;31.3;40.0;0.1;10.4;144.0
2023-04-27;Mumbai;27.7;56.0;0.6;13.1;131.0
2023-04-28;Mumbai;29.8;71.0;0.5;11.2;109.0
2023-04-29;Mumbai;30.5;44.0;0.0;15.2;120.0
2023-04-30;Mumbai;32.2;52.0;0.0;13.1;124.0
2023-05-01;Mumbai;31.6;63.0;0.0;12.8;110.0
2023-05-02;Mumbai;32.8;47.0;0.0;8.5;145.0
2023-05-03;Mumbai;31.6;59.0;0.1;7.1;39.0
2023-05-04;Mumbai;31.7;50.0;0.4;7.5;70.0
2023-05-05;Mumbai;29.1;67.0;0.1;16.4;65.0
2023-05-06;Mumbai;29.1;68.0;2.2;5.1;66.0
2023-05-07;Mumbai;33.2;52.0;0.1;12.8;84.0
2023-05-08;Mumbai;30.1;35.0;1.9;12.8;153.0
2023-05-09;Mumbai;30.1;60.0;0.1;9.3;126.0
2023-05-10;Mumbai;27.5;64.0;0.1;11.9;139.0
2023-05-11;Mumbai;32.6;60.0;0.2;12.7;87.0
2023-05-12;Mumbai;29.5;59.0;0.2;7.4;85.0
2023-05-13;Mumbai;30.0;58.0;0.1;8.8;113.0
2023-05-14;Mumbai;33.0;53.0;0.0;11.5;107.0
2023-05-15;Mumbai;28.1;50.0;0.2;11.6;107.0
2023-05-16;Mumbai;33.5;57.0;0.2;6.3;183.0
2023-05-17;Mumbai;30.3;54.0;0.2;12.0;113.0
2023-05-18;Mumbai;31.4;62.0;0.2;12.2;58.0
2023-05-19;Mumbai;30.6;50.0;0.5;15.7;61.0
2023-05-20;Mumbai;29.8;53.0;0.1;11.6;124.0
2023-05-21;Mumbai;30.8;59.0;2.5;10.1;118.0
2023-05-22;Mumbai;30.7;51.0;0.9;14.7;128.0
2023-05-23;Mumbai;30.2;45.0;0.1;16.1;111.0
2023-05-24;Mumbai;34.4;61.0;0.0;6.1;48.0
2023-05-25;Mumbai;30.7;45.0;0.0;9.6;151.0
2023-05-26;Mumbai;29.4;58.0;0.8;3.2;143.0
2023-05-27;Mumbai;29.2;64.0;4.9;7.8;70.0
2023-05-28;Mumbai;33.1;70.0;3.3;17.6;101.0
2023-05-29;Mumbai;29.9;75.0;0.3;7.3;97.0
2023-05-30;Mumbai;32.3;69.0;3.8;13.5;71.0
2023-05-31;Mumbai;35.6;50.0;0.0;13.3;44.0
2023-06-01;Mumbai;33.0;57.0;4.6;9.3;108.0
2023-06-02;Mumbai;33.2;73.0;18.0;9.8;20.0
2023-06-03;Mumbai;32.0;66.0;13.8;17.2;52.0
2023-06-04;Mumbai;32.8;64.0;8.5;15.4;150.0
2023-06-05;Mumbai;32.6;69.0;3.5;20.6;103.0
2023-06-06;Mumbai;33.5;67.0;12.9;1.4;92.0
2023-06-07;Mumbai;35.5;73.0;12.1;13.8;66.0
2023-06-08;Mumbai;32.5;83.0;44.8;2.1;20.0
2023-06-09;Mumbai;32.0;67.0;9.5;11.5;97.0
2023-06-10;Mumbai;33.1;60.0;22.6;10.7;87.0
2023-06-11;Mumbai;34.7;70.0;7.2;7.0;115.0
2023-06-12;Mumbai;32.8;59.0;5.4;9.2;69.0
2023-06-13;Mumbai;33.8;60.0;19.2;10.4;54.0
2023-06-14;Mumbai;34.2;61.0;9.0;13.4;104.0
2023-06-15;Mumbai;36.7;70.0;12.6;7.0;27.0
2023-06-16;Mumbai;34.9;47.0;0.9;8.7;122.0
2023-06-17;Mumbai;32.2;55.0;7.5;13.7;76.0
2023-06-18;Mumbai;30.3;59.0;8.4;14.5;93.0
2023-06-19;Mumbai;33.8;66.0;4.9;22.1;177.0
2023-06-20;Mumbai;32.6;47.0;9.8;12.3;69.0
2023-06-21;Mumbai;32.9;61.0;2.4;14.1;93.0
2023-06-22;Mumbai;32.2;65.0;14.7;10.7;76.0
2023-06-23;Mumbai;33.0;72.0;9.9;17.2;20.0
2023-06-24;Mumbai;33.0;66.0;9.3;7.9;105.0
2023-06-25;Mumbai;33.6;82.0;19.3;11.3;20.0
2023-06-26;Mumbai;32.8;63.0;5.1;12.6;115.0
2023-06-27;Mumbai;32.8;75.0;36.6;13.6;26.0
2023-06-28;Mumbai;34.7;63.0;4.9;15.3;56.0
2023-06-29;Mumbai;33.9;80.0;24.9;10.8;64.0
2023-06-30;Mumbai;33.9;76.0;32.8;15.2;20.0
2023-07-01;Mumbai;33.9;53.0;1.7;5.9;84.0
2023-07-02;Mumbai;32.6;42.0;6.8;12.6;39.0
2023-07-03;Mumbai;36.1;64.0;3.6;4.1;35.0
2023-07-04;Mumbai;37.0;70.0;18.9;10.7;62.0
2023-07-05;Mumbai;35.8;57.0;7.6;21.6;131.0
2023-07-06;Mumbai;31.3;52.0;5.2;12.7;114.0
2023-07-07;Mumbai;33.0;60.0;11.0;9.7;57.0
2023-07-08;Mumbai;35.1;69.0;13.0;13.7;70.0
2023-07-09;Mumbai;32.9;81.0;29.8;11.4;38.0
2023-07-10;Mumbai;32.9;77.0;29.9;7.1;20.0
2023-07-11;Mumbai;31.9;51.0;6.6;4.2;42.0
2023-07-12;Mumbai;33.5;55.0;2.9;11.6;98.0
2023-07-13;Mumbai;32.8;62.0;17.0;10.8;44.0
2023-07-14;Mumbai;30.4;62.0;10.7;10.6;77.0
2023-07-15;Mumbai;35.7;86.0;31.5;15.0;20.0
2023-07-16;Mumbai;34.6;77.0;32.2;17.2;89.0
2023-07-17;Mumbai;32.0;83.0;17.8;14.6;98.0
2023-07-18;Mumbai;35.2;62.0;14.3;10.3;138.0
2023-07-19;Mumbai;34.1;54.0;15.4;12.2;129.0
2023-07-20;Mumbai;35.7;65.0;14.1;16.1;39.0
2023-07-21;Mumbai;35.0;63.0;15.2;15.2;40.0
2023-07-22;Mumbai;32.7;89.0;8.5;14.0;96.0
2023-07-23;Mumbai;34.9;58.0;7.7;9.8;47.0
2023-07-24;Mumbai;34.9;50.0;9.1;16.1;90.0
2023-07-25;Mumbai;35.4;90.0;42.9;17.4;33.0
2023-07-26;Mumbai;35.3;54.0;1.0;15.3;126.0
2023-07-27;Mumbai;36.9;52.0;7.7;23.8;120.0
2023-07-28;Mumbai;35.2;65.0;9.0;15.0;69.0
2023-07-29;Mumbai;32.5;73.0;17.0;16.6;20.0
2023-07-30;Mumbai;33.9;61.0;7.3;14.6;123.0
2023-07-31;Mumbai;32.0;80.0;33.5;11.5;32.0
2023-08-01;Mumbai;35.4;75.0;28.2;7.3;61.0
2023-08-02;Mumbai;32.3;78.0;34.8;8.9;50.0
2023-08-03;Mumbai;36.9;56.0;14.5;9.0;91.0
2023-08-04;Mumbai;33.0;92.0;31.8;7.2;33.0
2023-08-05;Mumbai;33.4;80.0;6.6;10.9;39.0
2023-08-06;Mumbai;32.7;57.0;12.9;12.0;83.0
2023-08-07;Mumbai;32.3;52.0;1.8;16.8;121.0
2023-08-08;Mumbai;32.5;61.0;18.7;7.2;66.0
2023-08-09;Mumbai;33.6;77.0;18.5;15.6;66.0
2023-08-10;Mumbai;33.2;59.0;14.7;13.1;28.0
2023-08-11;Mumbai;32.5;69.0;10.5;13.5;100.0
2023-08-12;Mumbai;33.5;77.0;23.3;11.6;90.0
2023-08-13;Mumbai;32.2;78.0;30.8;20.4;55.0
2023-08-14;Mumbai;33.0;100.0;44.3;8.9;20.0
2023-08-15;Mumbai;35.5;67.0;18.0;9.8;75.0
2023-08-16;Mumbai;32.0;65.0;12.2;12.5;84.0
2023-08-17;Mumbai;32.3;52.0;8.3;13.6;80.0
2023-08-18;Mumbai;31.0;51.0;19.8;12.9;27.0
2023-08-19;Mumbai;32.1;69.0;6.5;11.8;94.0
2023-08-20;Mumbai;33.1;65.0;18.9;14.1;78.0
2023-08-21;Mumbai;31.7;70.0;6.7;14.4;100.0
2023-08-22;Mumbai;30.7;62.0;12.6;11.8;72.0
2023-08-23;Mumbai;32.9;59.0;5.9;19.3;135.0
2023-08-24;Mumbai;33.0;64.0;9.0;13.8;81.0
2023-08-25;Mumbai;33.2;65.0;17.5;10.9;128.0
2023-08-26;Mumbai;30.3;62.0;25.5;17.0;73.0
2023-08-27;Mumbai;34.1;56.0;10.1;3.9;34.0
2023-08-28;Mumbai;31.3;48.0;1.1;7.5;122.0
2023-08-29;Mumbai;30.4;56.0;2.2;11.2;73.0
2023-08-30;Mumbai;33.4;66.0;2.3;7.3;70.0
2023-08-31;Mumbai;33.8;75.0;32.4;15.2;99.0
2023-09-01;Mumbai;31.2;100.0;61.9;15.1;20.0
2023-09-02;Mumbai;30.4;67.0;12.0;18.5;20.0
2023-09-03;Mumbai;32.2;51.0;2.4;9.7;79.0
2023-09-04;Mumbai;29.4;62.0;5.4;14.3;
2023-09-05;Mumbai;35.2;68.0;4.8;17.1;120.0
2023-09-06;Mumbai;29.7;83.0;31.3;12.7;64.0
2023-09-07;Mumbai;31.7;62.0;9.2;15.9;20.0
2023-09-08;Mumbai;30.9;100.0;91.3;11.6;20.0
2023-09-09;Mumbai;29.6;58.0;4.7;17.3;35.0
2023-09-10;Mumbai;29.5;53.0;5.2;9.0;20.0
2023-09-11;Mumbai;32.5;58.0;9.2;5.8;74.0
2023-09-12;Mumbai;31.3;61.0;8.3;10.5;102.0
2023-09-13;Mumbai;29.6;76.0;27.9;11.6;101.0
2023-09-14;Mumbai;29.7;74.0;13.6;13.8;96.0
2023-09-15;Mumbai;29.2;67.0;20.8;13.8;47.0
2023-09-16;Mumbai;31.7;71.0;16.4;9.2;117.0
2023-09-17;Mumbai;31.6;64.0;16.4;8.0;65.0
2023-09-18;Mumbai;31.0;57.0;11.1;18.5;81.0
2023-09-19;Mumbai;30.5;83.0;29.4;11.4;34.0
2023-09-20;Mumbai;30.9;78.0;25.1;10.1;55.0
2023-09-21;Mumbai;27.4;55.0;6.5;13.3;67.0
2023-09-22;Mumbai;30.2;38.0;9.4;8.1;25.0
2023-09-23;Mumbai;31.3;69.0;5.8;9.1;110.0
2023-09-24;Mumbai;29.9;72.0;14.1;15.2;83.0
2023-09-25;Mumbai;29.6;78.0;17.7;7.9;104.0
2023-09-26;Mumbai;28.4;71.0;8.4;6.7;53.0
2023-09-27;Mumbai;28.4;63.0;9.5;10.6;109.0
2023-09-28;Mumbai;28.4;57.0;6.4;13.0;21.0
2023-09-29;Mumbai;29.4;45.0;5.3;17.5;106.0
2023-09-30;Mumbai;28.2;63.0;9.2;13.4;108.0
2023-10-01;Mumbai;26.1;52.0;0.6;14.1;48.0
2023-10-02;Mumbai;30.0;49.0;0.4;7.9;134.0
2023-10-03;Mumbai;29.5;44.0;0.0;12.7;152.0
2023-10-04;Mumbai;29.1;47.0;0.2;7.5;67.0
2023-10-05;Mumbai;27.1;44.0;0.0;15.7;148.0
2023-10-06;Mumbai;27.6;64.0;1.3;12.5;21.0
2023-10-07;Mumbai;29.0;66.0;2.2;11.8;82.0
2023-10-08;Mumbai;28.2;50.0;0.9;14.0;20.0
2023-10-09;Mumbai;27.0;65.0;0.5;10.0;127.0
2023-10-10;Mumbai;29.9;56.0;0.0;10.1;29.0
2023-10-11;Mumbai;26.6;67.0;0.1;8.2;20.0
2023-10-12;Mumbai;23.3;60.0;0.0;19.1;100.0
2023-10-13;Mumbai;27.8;60.0;0.0;11.1;131.0
2023-10-14;Mumbai;27.7;57.0;0.3;10.7;74.0
2023-10-15;Mumbai;27.5;50.0;0.8;14.8;95.0
2023-10-16;Mumbai;27.9;45.0;0.1;12.0;160.0
2023-10-17;Mumbai;26.4;57.0;1.0;2.7;51.0
2023-10-18;Mumbai;28.7;54.0;0.1;20.1;51.0
2023-10-19;Mumbai;25.0;76.0;0.1;10.1;133.0
2023-10-20;Mumbai;26.9;61.0;0.5;8.6;98.0
2023-10-21;Mumbai;25.9;50.0;1.9;11.3;145.0
2023-10-22;Mumbai;28.2;54.0;0.1;9.9;38.0
2023-10-23;Mumbai;25.4;53.0;0.8;10.0;20.0
2023-10-24;Mumbai;26.6;55.0;0.1;12.5;33.0
2023-10-25;Mumbai;26.5;45.0;0.8;4.6;117.0
2023-10-26;Mumbai;26.6;62.0;0.0;14.9;138.0
2023-10-27;Mumbai;25.1;52.0;0.0;15.8;133.0
2023-10-28;Mumbai;26.7;60.0;0.0;5.2;112.0
2023-10-29;Mumbai;26.1;50.0;0.0;13.8;140.0
2023-10-30;Mumbai;26.4;52.0;0.1;8.6;66.0
2023-10-31;Mumbai;28.2;60.0;0.0;10.2;
2023-11-01;Mumbai;25.9;38.0;0.0;13.4;25.0
2023-11-02;Mumbai;24.1;63.0;0.5;15.5;31.0
2023-11-03;Mumbai;28.5;67.0;0.1;13.3;20.0
2023-11-04;Mumbai;26.9;69.0;3.6;6.4;32.0
2023-11-05;Mumbai;26.3;49.0;0.0;12.3;53.0
2023-11-06;Mumbai;25.0;58.0;1.1;14.0;113.0
2023-11-07;Mumbai;26.3;52.0;0.7;8.9;101.0
2023-11-08;Mumbai;22.0;44.0;0.8;8.6;150.0
2023-11-09;Mumbai;27.3;56.0;0.0;11.7;40.0
2023-11-10;Mumbai;26.2;48.0;5.8;14.3;99.0
2023-11-11;Mumbai;24.6;60.0;0.0;9.7;143.0
2023-11-12;Mumbai;26.0;63.0;1.9;13.0;68.0
2023-11-13;Mumbai;25.6;65.0;0.0;7.0;72.0
2023-11-14;Mumbai;23.0;59.0;0.3;13.1;145.0
2023-11-15;Mumbai;24.7;52.0;0.7;4.7;75.0
2023-11-16;Mumbai;25.0;53.0;0.0;13.2;147.0
2023-11-17;Mumbai;24.1;56.0;0.2;15.5;31.0
2023-11-18;Mumbai;23.9;69.0;3.0;11.3;152.0
2023-11-19;Mumbai;25.5;67.0;0.4;14.2;140.0
2023-11-20;Mumbai;24.3;54.0;0.0;13.0;52.0
2023-11-21;Mumbai;26.8;63.0;0.4;6.5;77.0
2023-11-22;Mumbai;22.9;51.0;0.5;7.3;
2023-11-23;Mumbai;24.5;58.0;0.0;10.6;70.0
2023-11-24;Mumbai;22.4;52.0;0.2;11.4;27.0
2023-11-25;Mumbai;24.7;57.0;0.1;8.9;20.0
2023-11-26;Mumbai;22.0;49.0;0.3;7.1;
2023-11-27;Mumbai;24.0;44.0;0.0;0.6;131.0
2023-11-28;Mumbai;25.3;45.0;0.5;18.7;20.0
2023-11-29;Mumbai;23.5;60.0;0.5;18.8;144.0
2023-11-30;Mumbai;21.9;46.0;0.1;8.6;126.0
2023-12-01;Mumbai;24.7;55.0;3.3;6.2;139.0
2023-12-02;Mumbai;23.8;72.0;12.0;17.8;92.0
2023-12-03;Mumbai;23.0;66.0;3.1;3.5;153.0
2023-12-04;Mumbai;21.6;48.0;1.2;16.1;31.0
2023-12-05;Mumbai;20.6;36.0;0.2;14.5;145.0
2023-12-06;Mumbai;26.4;50.0;2.0;10.6;210.0
2023-12-07;Mumbai;22.1;57.0;0.0;17.6;79.0
2023-12-08;Mumbai;21.4;60.0;0.1;9.4;88.0
2023-12-09;Mumbai;23.3;46.0;0.2;15.4;53.0
2023-12-10;Mumbai;21.2;41.0;0.0;11.0;93.0
2023-12-11;Mumbai;23.5;48.0;0.3;7.1;97.0
2023-12-12;Mumbai;24.7;51.0;0.0;20.2;20.0
2023-12-13;Mumbai;21.0;72.0;0.0;9.2;114.0
2023-12-14;Mumbai;22.1;57.0;0.8;10.3;134.0
2023-12-15;Mumbai;23.2;60.0;0.0;15.3;55.0
2023-12-16;Mumbai;20.7;65.0;1.0;17.0;72.0
2023-12-17;Mumbai;21.1;52.0;0.8;6.7;123.0
2023-12-18;Mumbai;22.2;56.0;0.0;17.8;53.0
2023-12-19;Mumbai;25.3;57.0;0.3;12.0;119.0
2023-12-20;Mumbai;21.1;60.0;0.0;11.6;101.0
2023-12-21;Mumbai;21.9;54.0;0.4;11.3;183.0
2023-12-22;Mumbai;26.0;65.0;1.5;11.9;83.0
2023-12-23;Mumbai;23.4;64.0;0.5;5.8;68.0
2023-12-24;Mumbai;19.7;53.0;0.0;13.6;100.0
2023-12-25;Mumbai;21.8;61.0;0.0;12.8;95.0
2023-12-26;Mumbai;23.0;58.0;0.3;10.5;155.0
2023-12-27;Mumbai;24.3;76.0;0.0;12.8;153.0
2023-12-28;Mumbai;24.2;63.0;0.8;11.2;60.0
2023-12-29;Mumbai;22.9;58.0;0.0;11.7;82.0
2023-12-30;Mumbai;23.2;50.0;0.0;13.7;62.0
2023-12-31;Mumbai;20.1;48.0;1.3;11.1;54.0
2024-01-01;Mumbai;21.0;59.0;0.2;8.9;20.0
2024-01-02;Mumbai;20.1;41.0;0.0;15.0;158.0
2024-01-03;Mumbai;23.6;69.0;1.5;7.7;62.0
2024-01-04;Mumbai;22.6;40.0;2.4;16.2;70.0
2024-01-05;Mumbai;22.2;48.0;1.1;10.6;200.0
2024-01-06;Mumbai;24.3;63.0;0.0;15.5;64.0
2024-01-07;Mumbai;22.8;55.0;0.0;17.8;83.0
2024-01-08;Mumbai;23.7;56.0;0.0;11.8;101.0
2024-01-09;Mumbai;23.1;50.0;0.3;15.5;103.0
2024-01-10;Mumbai;23.3;54.0;0.0;14.5;65.0
2024-01-11;Mumbai;20.4;61.0;0.2;12.7;135.0
2024-01-12;Mumbai;23.5;49.0;0.5;14.4;96.0
2024-01-13;Mumbai;22.7;54.0;0.9;10.9;94.0
2024-01-14;Mumbai;21.4;56.0;1.2;18.6;62.0
2024-01-15;Mumbai;23.1;53.0;0.1;12.3;85.0
2024-01-16;Mumbai;24.0;61.0;0.1;9.1;129.0
2024-01-17;Mumbai;21.9;59.0;0.2;10.3;129.0
2024-01-18;Mumbai;21.0;54.0;0.3;15.6;73.0
2024-01-19;Mumbai;21.0;42.0;0.5;8.3;59.0
2024-01-20;Mumbai;20.0;65.0;0.1;19.6;125.0
2024-01-21;Mumbai;21.9;48.0;0.0;17.2;102.0
2024-01-22;Mumbai;23.0;69.0;0.0;7.1;125.0
2024-01-23;Mumbai;24.8;48.0;0.2;15.1;51.0
2024-01-24;Mumbai;21.0;57.0;0.0;8.1;89.0
2024-01-25;Mumbai;22.8;60.0;0.1;8.7;125.0
2024-01-26;Mumbai;22.3;53.0;0.0;10.1;62.0
2024-01-27;Mumbai;22.3;58.0;0.7;9.0;165.0
2024-01-28;Mumbai;20.0;53.0;0.0;14.9;155.0
2024-01-29;Mumbai;20.8;70.0;0.4;13.0;81.0
2024-01-30;Mumbai;25.1;57.0;0.1;13.7;82.0
2024-01-31;Mumbai;23.9;54.0;0.5;12.0;102.0
2024-02-01;Mumbai;22.9;57.0;0.2;9.9;97.0
2024-02-02;Mumbai;23.2;64.0;0.0;9.9;139.0
2024-02-03;Mumbai;23.7;58.0;0.0;16.4;55.0
2024-02-04;Mumbai;21.9;56.0;0.0;10.6;55.0
2024-02-05;Mumbai;22.0;44.0;0.0;17.6;101.0
2024-02-06;Mumbai;21.8;65.0;0.4;9.5;109.0
2024-02-07;Mumbai;23.0;59.0;1.1;12.2;87.0
2024-02-08;Mumbai;21.1;51.0;0.0;13.2;126.0
2024-02-09;Mumbai;21.9;58.0;0.0;16.7;145.0
2024-02-10;Mumbai;23.7;66.0;0.2;15.9;120.0
2024-02-11;Mumbai;22.4;61.0;0.8;13.2;104.0
2024-02-12;Mumbai;20.4;73.0;3.4;12.3;78.0
2024-02-13;Mumbai;22.5;62.0;0.0;8.4;93.0
2024-02-14;Mumbai;23.9;40.0;0.0;11.2;35.0
2024-02-15;Mumbai;23.4;65.0;0.0;21.1;42.0
2024-02-16;Mumbai;20.7;41.0;0.0;8.2;140.0
2024-02-17;Mumbai;24.9;66.0;0.0;9.7;160.0
2024-02-18;Mumbai;23.0;62.0;0.2;6.5;35.0
2024-02-19;Mumbai;24.0;68.0;0.0;9.0;112.0
2024-02-20;Mumbai;25.1;59.0;0.0;7.3;
2024-02-21;Mumbai;23.4;57.0;0.0;7.1;156.0
2024-02-22;Mumbai;20.8;65.0;0.0;13.3;89.0
2024-02-23;Mumbai;26.4;46.0;0.1;14.9;191.0
2024-02-24;Mumbai;20.5;55.0;0.0;13.4;65.0
2024-02-25;Mumbai;23.4;53.0;0.4;7.9;69.0
2024-02-26;Mumbai;25.9;53.0;1.3;5.3;105.0
2024-02-27;Mumbai;23.0;51.0;0.1;3.8;126.0
2024-02-28;Mumbai;23.2;56.0;0.1;7.1;122.0
2024-02-29;Mumbai;23.9;61.0;0.0;7.9;129.0
2024-03-01;Mumbai;24.0;67.0;0.2;10.2;81.0
2024-03-02;Mumbai;23.1;53.0;0.8;13.0;129.0
2024-03-03;Mumbai;23.5;52.0;0.0;10.5;
2024-03-04;Mumbai;26.1;32.0;0.0;18.3;122.0
2024-03-05;Mumbai;23.8;67.0;0.2;21.2;57.0
2024-03-06;Mumbai;25.4;44.0;0.0;11.6;107.0
2024-03-07;Mumbai;23.4;59.0;0.1;4.3;20.0
2024-03-08;Mumbai;26.9;65.0;9.1;9.9;109.0
2024-03-09;Mumbai;26.4;63.0;0.2;10.9;23.0
2024-03-10;Mumbai;24.9;48.0;0.1;14.7;119.0
2024-03-11;Mumbai;26.1;60.0;0.0;6.7;88.0
2024-03-12;Mumbai;27.5;71.0;4.0;5.5;126.0
2024-03-13;Mumbai;23.8;57.0;0.0;13.0;92.0
2024-03-14;Mumbai;23.8;48.0;0.2;9.8;146.0
2024-03-15;Mumbai;26.1;44.0;0.4;9.7;112.0
2024-03-16;Mumbai;23.7;68.0;1.6;8.5;132.0
2024-03-17;Mumbai;23.4;52.0;0.6;10.4;74.0
2024-03-18;Mumbai;23.4;53.0;0.1;12.8;72.0
2024-03-19;Mumbai;26.1;75.0;0.0;2.4;34.0
2024-03-20;Mumbai;22.9;63.0;0.2;12.1;44.0
2024-03-21;Mumbai;25.5;65.0;1.0;14.8;93.0
2024-03-22;Mumbai;21.0;69.0;0.6;13.8;92.0
2024-03-23;Mumbai;26.9;43.0;0.1;20.4;106.0
2024-03-24;Mumbai;27.1;70.0;2.8;10.2;60.0
2024-03-25;Mumbai;26.1;68.0;0.1;11.6;97.0
2024-03-26;Mumbai;28.3;51.0;0.0;17.1;144.0
2024-03-27;Mumbai;27.9;61.0;0.0;12.2;107.0
2024-03-28;Mumbai;25.6;63.0;0.0;18.0;92.0
2024-03-29;Mumbai;25.6;50.0;0.8;15.3;101.0
2024-03-30;Mumbai;28.3;65.0;3.3;12.6;136.0
2024-03-31;Mumbai;28.1;50.0;0.0;12.0;97.0
2024-04-01;Mumbai;26.8;76.0;0.3;11.1;69.0
2024-04-02;Mumbai;24.6;56.0;0.0;11.9;70.0
2024-04-03;Mumbai;28.8;60.0;0.0;8.6;68.0
2024-04-04;Mumbai;27.6;42.0;0.1;14.7;67.0
2024-04-05;Mumbai;27.5;59.0;0.8;19.7;121.0
2024-04-06;Mumbai;23.4;67.0;2.9;4.8;155.0
2024-04-07;Mumbai;28.6;48.0;0.0;16.7;74.0
2024-04-08;Mumbai;27.8;51.0;0.0;13.0;54.0
2024-04-09;Mumbai;27.2;49.0;0.0;16.2;39.0
2024-04-10;Mumbai;26.8;46.0;0.0;9.7;159.0
2024-04-11;Mumbai;28.4;45.0;0.0;11.3;129.0
2024-04-12;Mumbai;29.0;63.0;0.0;17.1;63.0
2024-04-13;Mumbai;27.8;45.0;0.2;11.8;95.0
2024-04-14;Mumbai;29.4;41.0;0.0;15.3;146.0
2024-04-15;Mumbai;26.9;52.0;1.0;9.6;86.0
2024-04-16;Mumbai;27.7;57.0;2.5;11.2;122.0
2024-04-17;Mumbai;29.9;60.0;0.1;14.0;84.0
2024-04-18;Mumbai;28.3;51.0;3.3;13.6;75.0
2024-04-19;Mumbai;31.6;50.0;0.0;15.3;20.0
2024-04-20;Mumbai;29.5;59.0;0.0;10.6;74.0
2024-04-21;Mumbai;27.5;62.0;0.2;12.0;68.0
2024-04-22;Mumbai;27.0;65.0;0.4;15.9;110.0
2024-04-23;Mumbai;30.6;59.0;0.0;17.8;100.0
2024-04-24;Mumbai;28.6;42.0;0.0;8.6;98.0
2024-04-25;Mumbai;31.0;48.0;0.1;16.8;128.0
2024-04-26;Mumbai;28.9;65.0;0.0;8.9;20.0
2024-04-27;Mumbai;30.2;69.0;0.0;12.8;88.0
2024-04-28;Mumbai;29.4;54.0;0.0;13.1;43.0
2024-04-29;Mumbai;30.4;54.0;0.2;10.1;40.0
2024-04-30;Mumbai;31.2;47.0;0.4;11.3;78.0
2024-05-01;Mumbai;30.2;66.0;0.1;4.9;91.0
2024-05-02;Mumbai;31.3;47.0;0.3;14.9;110.0
2024-05-03;Mumbai;27.9;71.0;0.1;10.9;107.0
2024-05-04;Mumbai;31.1;56.0;1.6;11.8;55.0
2024-05-05;Mumbai;30.6;48.0;0.0;9.7;82.0
2024-05-06;Mumbai;30.3;41.0;0.0;14.9;147.0
2024-05-07;Mumbai;27.2;53.0;0.0;12.7;155.0
2024-05-08;Mumbai;28.4;55.0;1.0;7.4;77.0
2024-05-09;Mumbai;31.3;53.0;0.4;11.6;93.0
2024-05-10;Mumbai;31.6;56.0;0.6;7.9;54.0
2024-05-11;Mumbai;31.8;66.0;0.0;12.1;131.0
2024-05-12;Mumbai;31.2;61.0;0.9;14.7;182.0
2024-05-13;Mumbai;29.5;57.0;0.1;12.8;68.0
2024-05-14;Mumbai;29.9;64.0;0.4;13.7;137.0
2024-05-15;Mumbai;28.3;49.0;1.7;16.2;118.0
2024-05-16;Mumbai;31.8;61.0;0.3;8.7;83.0
2024-05-17;Mumbai;34.5;63.0;3.0;10.2;59.0
2024-05-18;Mumbai;31.6;67.0;0.2;4.8;189.0
2024-05-19;Mumbai;30.7;44.0;0.0;10.5;121.0
2024-05-20;Mumbai;31.9;50.0;1.8;9.5;127.0
2024-05-21;Mumbai;31.8;50.0;1.7;14.6;80.0
2024-05-22;Mumbai;29.4;60.0;2.0;13.8;90.0
2024-05-23;Mumbai;32.5;57.0;0.0;18.0;41.0
2024-05-24;Mumbai;32.0;60.0;0.4;10.0;120.0
2024-05-25;Mumbai;32.0;39.0;0.5;13.6;75.0
2024-05-26;Mumbai;35.3;67.0;0.5;15.0;48.0
2024-05-27;Mumbai;32.3;57.0;0.0;21.2;56.0
2024-05-28;Mumbai;35.2;60.0;0.1;13.7;186.0
2024-05-29;Mumbai;31.3;58.0;0.0;11.8;78.0
2024-05-30;Mumbai;30.4;50.0;0.0;12.5;105.0
2024-05-31;Mumbai;31.5;61.0;2.8;13.9;39.0
2024-06-01;Mumbai;34.5;58.0;3.4;17.5;79.0
2024-06-02;Mumbai;31.7;78.0;27.6;10.3;20.0
2024-06-03;Mumbai;30.7;81.0;27.7;9.2;77.0
2024-06-04;Mumbai;33.4;84.0;37.6;22.5;20.0
2024-06-05;Mumbai;32.4;68.0;29.7;7.5;92.0
2024-06-06;Mumbai;33.9;66.0;15.6;15.4;20.0
2024-06-07;Mumbai;32.1;82.0;17.2;13.7;48.0
2024-06-08;Mumbai;31.8;52.0;1.2;13.3;136.0
2024-06-09;Mumbai;35.7;56.0;0.9;7.1;150.0
2024-06-10;Mumbai;32.0;72.0;12.4;22.8;78.0
2024-06-11;Mumbai;32.1;82.0;12.1;12.7;62.0
2024-06-12;Mumbai;34.0;58.0;6.0;9.9;89.0
2024-06-13;Mumbai;29.2;55.0;12.8;6.7;159.0
2024-06-14;Mumbai;34.5;66.0;7.0;4.0;72.0
2024-06-15;Mumbai;36.2;71.0;27.8;14.8;62.0
2024-06-16;Mumbai;34.8;69.0;14.5;8.6;33.0
2024-06-17;Mumbai;32.0;66.0;7.8;10.9;55.0
2024-06-18;Mumbai;32.5;73.0;27.8;9.6;80.0
2024-06-19;Mumbai;33.7;56.0;4.0;14.2;122.0
2024-06-20;Mumbai;34.2;100.0;48.4;13.6;54.0
2024-06-21;Mumbai;36.1;77.0;16.1;15.0;107.0
2024-06-22;Mumbai;36.1;65.0;12.2;15.2;38.0
2024-06-23;Mumbai;33.4;58.0;2.6;9.1;43.0
2024-06-24;Mumbai;33.0;57.0;13.4;6.6;108.0
2024-06-25;Mumbai;32.6;65.0;11.3;11.4;60.0
2024-06-26;Mumbai;34.8;69.0;21.1;14.1;22.0
2024-06-27;Mumbai;35.5;65.0;12.1;12.4;86.0
2024-06-28;Mumbai;34.0;70.0;4.2;4.5;89.0
2024-06-29;Mumbai;33.9;55.0;10.7;12.2;72.0
2024-06-30;Mumbai;37.1;70.0;7.0;8.0;146.0
2024-07-01;Mumbai;35.0;60.0;4.0;12.1;161.0
2024-07-02;Mumbai;30.9;80.0;30.9;15.9;97.0
2024-07-03;Mumbai;33.9;50.0;2.1;2.0;105.0
2024-07-04;Mumbai;34.3;80.0;28.4;18.0;117.0
2024-07-05;Mumbai;33.6;84.0;14.0;7.8;82.0
2024-07-06;Mumbai;35.9;53.0;22.5;16.0;60.0
2024-07-07;Mumbai;33.5;66.0;32.7;15.4;34.0
2024-07-08;Mumbai;32.5;60.0;7.9;10.8;51.0
2024-07-09;Mumbai;32.9;69.0;14.6;13.8;113.0
2024-07-10;Mumbai;35.0;69.0;8.5;9.2;21.0
2024-07-11;Mumbai;32.0;68.0;11.4;5.1;55.0
2024-07-12;Mumbai;33.3;59.0;21.3;16.6;55.0
2024-07-13;Mumbai;35.3;70.0;12.9;9.3;21.0
2024-07-14;Mumbai;31.9;65.0;14.4;19.2;60.0
2024-07-15;Mumbai;32.4;67.0;5.7;15.5;88.0
2024-07-16;Mumbai;31.4;59.0;12.3;8.6;119.0
2024-07-17;Mumbai;32.6;50.0;9.2;14.4;61.0
2024-07-18;Mumbai;33.1;62.0;13.6;14.1;80.0
2024-07-19;Mumbai;33.6;63.0;5.2;18.9;25.0
2024-07-20;Mumbai;32.5;64.0;7.9;10.0;33.0
2024-07-21;Mumbai;33.3;68.0;16.3;11.1;20.0
2024-07-22;Mumbai;35.3;66.0;20.4;13.7;109.0
2024-07-23;Mumbai;34.3;66.0;15.2;12.1;62.0
2024-07-24;Mumbai;37.0;75.0;10.5;6.4;88.0
2024-07-25;Mumbai;32.8;81.0;7.6;16.1;103.0
2024-07-26;Mumbai;33.1;60.0;2.0;18.4;120.0
2024-07-27;Mumbai;34.0;88.0;31.6;12.6;139.0
2024-07-28;Mumbai;32.9;71.0;27.0;6.9;61.0
2024-07-29;Mumbai;33.6;94.0;34.8;11.5;27.0
2024-07-30;Mumbai;30.7;79.0;34.1;8.4;84.0
2024-07-31;Mumbai;33.0;58.0;16.9;11.0;168.0
2024-08-01;Mumbai;34.9;100.0;55.7;12.7;20.0
2024-08-02;Mumbai;36.4;65.0;11.6;14.6;47.0
2024-08-03;Mumbai;35.6;78.0;14.6;17.6;20.0
2024-08-04;Mumbai;33.6;68.0;7.7;14.5;20.0
2024-08-05;Mumbai;34.1;48.0;3.8;7.8;143.0
2024-08-06;Mumbai;33.8;64.0;9.1;14.7;74.0
2024-08-07;Mumbai;32.4;55.0;8.6;10.9;36.0
2024-08-08;Mumbai;31.8;83.0;22.5;11.3;68.0
2024-08-09;Mumbai;33.6;68.0;15.6;11.9;178.0
2024-08-10;Mumbai;33.0;65.0;18.9;12.5;71.0
2024-08-11;Mumbai;34.3;52.0;16.9;16.1;150.0
2024-08-12;Mumbai;29.4;78.0;17.2;14.0;35.0
2024-08-13;Mumbai;32.7;59.0;8.0;7.3;140.0
2024-08-14;Mumbai;34.7;66.0;16.5;6.0;51.0
2024-08-15;Mumbai;33.7;78.0;23.6;14.6;36.0
2024-08-16;Mumbai;31.3;72.0;30.4;14.2;22.0
2024-08-17;Mumbai;30.8;64.0;26.7;17.0;50.0
2024-08-18;Mumbai;32.6;73.0;21.0;11.6;108.0
2024-08-19;Mumbai;33.8;60.0;15.4;13.1;55.0
2024-08-20;Mumbai;33.3;62.0;9.7;13.9;123.0
2024-08-21;Mumbai;32.6;62.0;17.2;5.8;44.0
2024-08-22;Mumbai;33.3;73.0;35.8;5.6;51.0
2024-08-23;Mumbai;32.7;51.0;10.9;14.9;58.0
2024-08-24;Mumbai;33.1;89.0;41.3;13.5;121.0
2024-08-25;Mumbai;33.6;78.0;17.7;17.4;93.0
2024-08-26;Mumbai;31.4;88.0;31.4;19.4;70.0
2024-08-27;Mumbai;30.7;62.0;8.5;10.8;70.0
2024-08-28;Mumbai;33.0;73.0;7.7;10.6;59.0
2024-08-29;Mumbai;31.1;54.0;4.2;6.6;46.0
2024-08-30;Mumbai;28.9;90.0;35.5;14.1;107.0
2024-08-31;Mumbai;33.8;65.0;17.7;3.8;20.0
2024-09-01;Mumbai;32.0;68.0;23.4;8.1;52.0
2024-09-02;Mumbai;31.8;73.0;14.6;13.2;111.0
2024-09-03;Mumbai;31.2;71.0;15.5;9.4;20.0
2024-09-04;Mumbai;32.6;63.0;3.6;11.8;94.0
2024-09-05;Mumbai;29.3;57.0;17.9;11.2;37.0
2024-09-06;Mumbai;31.2;83.0;25.2;7.6;66.0
2024-09-07;Mumbai;31.5;62.0;1.6;3.7;82.0
2024-09-08;Mumbai;31.8;60.0;9.8;14.8;20.0
2024-09-09;Mumbai;28.4;65.0;7.0;11.3;109.0
2024-09-10;Mumbai;31.7;80.0;20.7;13.4;30.0
2024-09-11;Mumbai;30.1;65.0;19.9;11.8;48.0
2024-09-12;Mumbai;29.7;68.0;23.3;11.7;69.0
2024-09-13;Mumbai;28.2;65.0;14.8;12.7;90.0
2024-09-14;Mumbai;33.8;39.0;2.2;11.2;106.0
2024-09-15;Mumbai;30.2;71.0;17.1;10.6;105.0
2024-09-16;Mumbai;30.6;65.0;3.8;8.0;20.0
2024-09-17;Mumbai;28.6;75.0;19.6;21.9;90.0
2024-09-18;Mumbai;27.8;62.0;3.9;16.0;87.0
2024-09-19;Mumbai;31.2;68.0;5.7;18.0;62.0
2024-09-20;Mumbai;27.9;78.0;29.3;17.1;71.0
2024-09-21;Mumbai;31.7;52.0;12.5;10.9;114.0
2024-09-22;Mumbai;32.4;66.0;12.9;11.3;42.0
2024-09-23;Mumbai;28.4;70.0;5.5;12.0;141.0
2024-09-24;Mumbai;28.8;80.0;27.2;10.5;109.0
2024-09-25;Mumbai;25.6;66.0;17.9;15.5;87.0
2024-09-26;Mumbai;26.7;75.0;16.9;8.7;24.0
2024-09-27;Mumbai;30.1;62.0;4.8;7.7;171.0
2024-09-28;Mumbai;31.0;65.0;14.7;6.8;87.0
2024-09-29;Mumbai;27.8;100.0;61.7;10.7;34.0
2024-09-30;Mumbai;27.9;59.0;7.6;10.1;87.0
2024-10-01;Mumbai;26.4;60.0;0.0;9.5;112.0
2024-10-02;Mumbai;27.0;48.0;0.0;12.3;127.0
2024-10-03;Mumbai;30.6;58.0;0.2;7.3;89.0
2024-10-04;Mumbai;28.9;63.0;1.3;15.0;39.0
2024-10-05;Mumbai;25.7;57.0;0.1;7.6;131.0
2024-10-06;Mumbai;29.1;57.0;0.0;7.3;57.0
2024-10-07;Mumbai;31.7;57.0;2.3;9.4;48.0
2024-10-08;Mumbai;27.5;60.0;0.7;11.4;87.0
2024-10-09;Mumbai;26.9;52.0;0.4;15.4;71.0
2024-10-10;Mumbai;28.7;55.0;1.0;11.7;104.0
2024-10-11;Mumbai;29.3;48.0;0.1;5.6;113.0
2024-10-12;Mumbai;28.9;53.0;0.0;14.0;71.0
2024-10-13;Mumbai;27.1;39.0;0.2;13.9;95.0
2024-10-14;Mumbai;26.8;56.0;1.2;9.7;69.0
2024-10-15;Mumbai;24.7;60.0;0.0;12.7;121.0
2024-10-16;Mumbai;25.4;54.0;0.0;17.7;110.0
2024-10-17;Mumbai;27.7;62.0;0.0;8.5;119.0
2024-10-18;Mumbai;26.2;66.0;0.0;15.8;79.0
2024-10-19;Mumbai;27.3;55.0;0.1;17.1;100.0
2024-10-20;Mumbai;26.5;48.0;1.6;12.7;109.0
2024-10-21;Mumbai;26.8;64.0;0.2;7.1;120.0
2024-10-22;Mumbai;26.6;62.0;0.1;17.2;116.0
2024-10-23;Mumbai;27.6;59.0;0.0;15.7;85.0
2024-10-24;Mumbai;27.7;51.0;0.1;14.2;44.0
2024-10-25;Mumbai;26.3;59.0;1.7;11.8;108.0
2024-10-26;Mumbai;25.9;53.0;0.1;16.6;108.0
2024-10-27;Mumbai;26.1;49.0;0.0;8.6;46.0
2024-10-28;Mumbai;24.8;58.0;0.3;15.4;124.0
2024-10-29;Mumbai;27.6;49.0;1.9;10.7;94.0
2024-10-30;Mumbai;25.0;61.0;0.0;5.3;85.0
2024-10-31;Mumbai;25.5;57.0;0.1;8.0;98.0
2024-11-01;Mumbai;25.9;55.0;0.9;13.6;126.0
2024-11-02;Mumbai;26.0;55.0;0.5;12.9;152.0
2024-11-03;Mumbai;25.9;46.0;0.0;13.8;88.0
2024-11-04;Mumbai;25.2;47.0;0.0;10.5;81.0
2024-11-05;Mumbai;27.7;69.0;0.2;12.8;114.0
2024-11-06;Mumbai;25.3;54.0;0.0;14.5;36.0
2024-11-07;Mumbai;24.7;50.0;7.5;21.4;117.0
2024-11-08;Mumbai;27.7;62.0;0.0;10.4;36.0
2024-11-09;Mumbai;23.7;47.0;0.2;16.1;35.0
2024-11-10;Mumbai;27.5;60.0;0.0;14.6;152.0
2024-11-11;Mumbai;21.7;67.0;0.5;12.5;20.0
2024-11-12;Mumbai;24.0;53.0;0.1;6.8;142.0
2024-11-13;Mumbai;22.1;65.0;1.1;17.6;151.0
2024-11-14;Mumbai;22.4;61.0;0.0;13.0;104.0
2024-11-15;Mumbai;25.1;68.0;0.7;9.6;114.0
2024-11-16;Mumbai;24.7;60.0;0.4;8.5;27.0
2024-11-17;Mumbai;23.3;51.0;0.0;13.0;70.0
2024-11-18;Mumbai;26.6;38.0;0.1;8.2;104.0
2024-11-19;Mumbai;25.8;49.0;0.0;9.7;103.0
2024-11-20;Mumbai;23.9;51.0;0.3;9.6;107.0
2024-11-21;Mumbai;21.2;63.0;0.0;12.2;103.0
2024-11-22;Mumbai;25.3;65.0;0.0;14.4;91.0
2024-11-23;Mumbai;23.0;46.0;0.3;10.7;41.0
2024-11-24;Mumbai;24.1;65.0;0.1;11.1;104.0
2024-11-25;Mumbai;24.8;50.0;1.1;12.4;43.0
2024-11-26;Mumbai;23.0;49.0;0.3;9.0;75.0
2024-11-27;Mumbai;25.4;45.0;1.9;9.7;144.0
2024-11-28;Mumbai;22.8;58.0;0.0;10.1;27.0
2024-11-29;Mumbai;24.2;50.0;0.0;13.2;85.0
2024-11-30;Mumbai;24.4;66.0;0.0;18.4;125.0
2024-12-01;Mumbai;24.6;48.0;0.1;7.0;
2024-12-02;Mumbai;25.8;61.0;0.1;13.0;102.0
2024-12-03;Mumbai;21.9;45.0;0.0;11.1;63.0
2024-12-04;Mumbai;21.3;63.0;0.0;11.3;142.0
2024-12-05;Mumbai;22.5;56.0;0.0;10.0;41.0
2024-12-06;Mumbai;27.5;58.0;0.9;16.6;117.0
2024-12-07;Mumbai;24.9;52.0;0.0;2.3;96.0
2024-12-08;Mumbai;22.0;52.0;0.0;7.5;59.0
2024-12-09;Mumbai;22.2;59.0;0.1;16.4;74.0
2024-12-10;Mumbai;22.7;70.0;0.6;16.7;162.0
2024-12-11;Mumbai;23.1;47.0;0.0;19.0;44.0
2024-12-12;Mumbai;23.6;52.0;0.0;13.2;20.0
2024-12-13;Mumbai;23.6;50.0;0.0;13.9;64.0
2024-12-14;Mumbai;24.3;43.0;0.1;4.5;106.0
2024-12-15;Mumbai;25.5;43.0;0.2;12.0;147.0
2024-12-16;Mumbai;22.3;49.0;0.1;14.2;91.0
2024-12-17;Mumbai;22.1;52.0;0.0;10.0;25.0
2024-12-18;Mumbai;21.8;66.0;0.0;11.6;94.0
2024-12-19;Mumbai;21.9;63.0;0.0;16.9;124.0
2024-12-20;Mumbai;22.9;49.0;0.7;17.8;102.0
2024-12-21;Mumbai;23.2;62.0;0.7;13.0;109.0
2024-12-22;Mumbai;24.8;49.0;0.1;11.8;20.0
2024-12-23;Mumbai;21.2;54.0;0.0;14.9;36.0
2024-12-24;Mumbai;22.7;58.0;0.0;10.5;85.0
2024-12-25;Mumbai;20.9;72.0;0.7;16.2;135.0
2024-12-26;Mumbai;22.8;59.0;2.7;9.9;56.0
2024-12-27;Mumbai;26.1;43.0;0.0;15.0;98.0
2024-12-28;Mumbai;21.9;62.0;1.2;11.9;95.0
2024-12-29;Mumbai;25.8;64.0;0.0;9.5;48.0
2024-12-30;Mumbai;20.8;62.0;0.1;13.4;60.0
2024-12-31;Mumbai;21.4;48.0;1.4;10.4;88.0
2025-01-01;Mumbai;21.5;56.0;0.0;16.0;75.0
2025-01-02;Mumbai;22.3;55.0;0.3;8.0;123.0
2025-01-03;Mumbai;21.8;70.0;0.9;12.9;72.0
2025-01-04;Mumbai;23.2;60.0;0.0;9.1;125.0
2025-01-05;Mumbai;17.9;69.0;0.3;16.8;75.0
2025-01-06;Mumbai;20.5;50.0;0.3;14.9;91.0
2025-01-07;Mumbai;24.8;54.0;1.3;11.8;121.0
2025-01-08;Mumbai;19.9;51.0;0.5;11.9;85.0
2025-01-09;Mumbai;21.5;63.0;0.2;18.7;73.0
2025-01-10;Mumbai;22.9;64.0;0.0;15.0;87.0
2025-01-11;Mumbai;21.9;58.0;0.2;9.0;126.0
2025-01-12;Mumbai;20.7;56.0;0.2;15.7;103.0
2025-01-13;Mumbai;22.7;59.0;1.2;9.7;20.0
2025-01-14;Mumbai;23.3;45.0;1.6;12.6;60.0
2025-01-15;Mumbai;21.1;53.0;1.3;3.6;60.0
2025-01-16;Mumbai;22.7;52.0;0.1;15.3;113.0
2025-01-17;Mumbai;23.4;55.0;0.0;9.3;20.0
2025-01-18;Mumbai;23.7;50.0;0.4;11.2;101.0
2025-01-19;Mumbai;22.6;48.0;0.3;6.4;115.0
2025-01-20;Mumbai;24.7;42.0;0.1;12.7;115.0
2025-01-21;Mumbai;22.2;59.0;0.1;12.3;87.0
2025-01-22;Mumbai;20.7;50.0;7.5;6.9;20.0
2025-01-23;Mumbai;21.9;63.0;0.0;12.1;80.0
2025-01-24;Mumbai;24.0;58.0;0.0;10.9;149.0
2025-01-25;Mumbai;20.9;62.0;0.1;16.9;66.0
2025-01-26;Mumbai;18.9;48.0;0.0;9.2;177.0
2025-01-27;Mumbai;23.0;70.0;0.1;13.9;122.0
2025-01-28;Mumbai;21.7;73.0;0.0;6.1;84.0
2025-01-29;Mumbai;25.7;55.0;0.0;12.3;99.0
2025-01-30;Mumbai;22.8;60.0;2.6;13.4;102.0
2025-01-31;Mumbai;24.3;55.0;0.7;13.6;66.0
2025-02-01;Mumbai;21.7;63.0;0.4;11.5;73.0
2025-02-02;Mumbai;23.4;61.0;0.0;18.9;170.0
2025-02-03;Mumbai;23.1;41.0;0.0;10.6;150.0
2025-02-04;Mumbai;24.7;50.0;1.4;13.9;73.0
2025-02-05;Mumbai;22.9;59.0;1.2;10.7;58.0
2025-02-06;Mumbai;21.9;64.0;3.1;8.6;23.0
2025-02-07;Mumbai;24.3;56.0;0.0;7.2;176.0
2025-02-08;Mumbai;21.7;42.0;0.1;8.3;131.0
2025-02-09;Mumbai;21.6;61.0;1.4;14.4;138.0
2025-02-10;Mumbai;22.8;70.0;0.1;17.3;68.0
2025-02-11;Mumbai;22.5;37.0;0.5;14.4;65.0
2025-02-12;Mumbai;23.0;63.0;1.1;10.7;52.0
2025-02-13;Mumbai;22.1;70.0;1.0;9.5;20.0
2025-02-14;Mumbai;24.8;63.0;0.0;12.7;55.0
2025-02-15;Mumbai;24.9;55.0;0.6;7.8;102.0
2025-02-16;Mumbai;24.5;63.0;0.7;15.5;99.0
2025-02-17;Mumbai;24.4;54.0;0.0;13.5;65.0
2025-02-18;Mumbai;20.6;60.0;0.8;8.1;115.0
2025-02-19;Mumbai;23.6;57.0;1.9;18.0;61.0
2025-02-20;Mumbai;24.8;56.0;0.2;7.2;121.0
2025-02-21;Mumbai;25.6;53.0;5.1;12.2;115.0
2025-02-22;Mumbai;23.4;52.0;0.5;15.3;122.0
2025-02-23;Mumbai;25.7;68.0;0.1;14.9;93.0
2025-02-24;Mumbai;24.3;50.0;0.1;9.5;57.0
2025-02-25;Mumbai;20.0;40.0;0.7;10.4;42.0
2025-02-26;Mumbai;23.8;84.0;1.1;8.2;20.0
2025-02-27;Mumbai;22.8;52.0;0.0;12.9;120.0
2025-02-28;Mumbai;23.2;53.0;0.1;15.3;22.0
2025-03-01;Mumbai;25.8;52.0;0.0;4.4;85.0
2025-03-02;Mumbai;24.7;55.0;0.1;14.2;99.0
2025-03-03;Mumbai;23.6;49.0;0.0;10.0;47.0
2025-03-04;Mumbai;23.4;67.0;0.0;11.6;85.0
2025-03-05;Mumbai;25.2;54.0;0.9;7.7;102.0
2025-03-06;Mumbai;24.3;47.0;0.1;9.5;79.0
2025-03-07;Mumbai;25.7;32.0;0.0;20.0;108.0
2025-03-08;Mumbai;23.5;64.0;0.0;10.6;72.0
2025-03-09;Mumbai;24.3;52.0;0.2;12.0;79.0
2025-03-10;Mumbai;23.3;59.0;1.7;8.3;53.0
2025-03-11;Mumbai;24.2;48.0;0.0;22.3;85.0
2025-03-12;Mumbai;28.4;56.0;0.0;13.9;90.0
2025-03-13;Mumbai;24.1;55.0;0.1;11.9;53.0
2025-03-14;Mumbai;24.6;66.0;4.2;15.7;103.0
2025-03-15;Mumbai;24.2;58.0;2.1;13.4;20.0
2025-03-16;Mumbai;25.2;46.0;0.0;11.3;133.0
2025-03-17;Mumbai;25.5;74.0;0.1;11.5;33.0
2025-03-18;Mumbai;27.5;59.0;0.1;5.8;132.0
2025-03-19;Mumbai;25.2;48.0;0.7;10.5;114.0
2025-03-20;Mumbai;26.0;57.0;0.0;10.0;131.0
2025-03-21;Mumbai;23.2;58.0;0.0;13.3;45.0
2025-03-22;Mumbai;24.8;59.0;0.7;11.2;81.0
2025-03-23;Mumbai;27.8;58.0;0.2;14.7;102.0
2025-03-24;Mumbai;25.0;59.0;2.7;12.4;104.0
2025-03-25;Mumbai;27.5;63.0;1.4;8.6;122.0
2025-03-26;Mumbai;25.1;61.0;0.0;18.0;116.0
2025-03-27;Mumbai;26.3;61.0;0.0;10.5;109.0
2025-03-28;Mumbai;29.2;41.0;0.6;14.2;109.0
2025-03-29;Mumbai;27.9;41.0;0.0;6.8;117.0
2025-03-30;Mumbai;23.9;49.0;0.0;15.1;91.0
2025-03-31;Mumbai;31.8;53.0;0.0;5.5;136.0
2025-04-01;Mumbai;25.5;49.0;0.0;19.7;87.0
2025-04-02;Mumbai;30.0;47.0;0.2;14.7;22.0
2025-04-03;Mumbai;26.6;57.0;0.5;11.1;139.0
2025-04-04;Mumbai;25.5;48.0;0.2;14.3;109.0
2025-04-05;Mumbai;26.8;36.0;0.0;6.9;84.0
2025-04-06;Mumbai;26.6;44.0;0.0;11.2;95.0
2025-04-07;Mumbai;26.9;50.0;0.0;15.0;150.0
2025-04-08;Mumbai;27.9;53.0;0.7;14.3;93.0
2025-04-09;Mumbai;28.6;66.0;4.2;12.0;147.0
2025-04-10;Mumbai;30.1;58.0;0.0;13.3;109.0
2025-04-11;Mumbai;28.4;39.0;0.0;16.3;75.0
2025-04-12;Mumbai;28.3;67.0;0.3;14.9;37.0
2025-04-13;Mumbai;27.2;54.0;0.2;4.5;93.0
2025-04-14;Mumbai;28.0;57.0;1.8;12.0;141.0
2025-04-15;Mumbai;27.8;56.0;0.0;12.1;67.0
2025-04-16;Mumbai;26.6;48.0;0.1;7.0;105.0
2025-04-17;Mumbai;32.5;60.0;1.0;7.8;150.0
2025-04-18;Mumbai;29.2;39.0;0.0;18.0;20.0
2025-04-19;Mumbai;29.3;66.0;0.0;9.1;106.0
2025-04-20;Mumbai;30.9;57.0;0.2;10.3;112.0
2025-04-21;Mumbai;25.3;58.0;0.0;8.8;104.0
2025-04-22;Mumbai;32.6;59.0;0.0;13.7;22.0
2025-04-23;Mumbai;28.0;52.0;0.5;13.1;59.0
2025-04-24;Mumbai;28.1;66.0;1.3;19.8;20.0
2025-04-25;Mumbai;28.7;51.0;1.9;9.9;35.0
2025-04-26;Mumbai;31.1;50.0;3.2;14.1;121.0
2025-04-27;Mumbai;32.9;56.0;0.0;4.5;77.0
2025-04-28;Mumbai;32.3;45.0;1.9;6.3;121.0
2025-04-29;Mumbai;29.2;50.0;0.0;17.3;121.0
2025-04-30;Mumbai;27.3;57.0;0.1;16.4;45.0
2025-05-01;Mumbai;29.5;61.0;0.0;13.8;97.0
2025-05-02;Mumbai;29.3;55.0;0.0;16.5;27.0
2025-05-03;Mumbai;27.8;48.0;0.9;7.7;100.0
2025-05-04;Mumbai;31.3;52.0;0.0;18.6;107.0
2025-05-05;Mumbai;30.5;52.0;2.4;7.9;79.0
2025-05-06;Mumbai;31.3;54.0;0.0;13.3;23.0
2025-05-07;Mumbai;31.8;51.0;1.3;23.1;29.0
2025-05-08;Mumbai;31.8;47.0;0.0;8.5;192.0
2025-05-09;Mumbai;30.8;47.0;0.9;17.4;114.0
2025-05-10;Mumbai;33.4;41.0;0.4;15.9;78.0
2025-05-11;Mumbai;30.3;64.0;0.2;9.9;128.0
2025-05-12;Mumbai;30.2;61.0;0.0;20.4;149.0
2025-05-13;Mumbai;30.9;47.0;1.8;8.4;137.0
2025-05-14;Mumbai;32.1;61.0;0.8;11.9;81.0
2025-05-15;Mumbai;32.4;55.0;0.0;14.6;77.0
2025-05-16;Mumbai;31.0;45.0;0.0;11.6;122.0
2025-05-17;Mumbai;31.1;47.0;0.0;24.4;81.0
2025-05-18;Mumbai;33.6;55.0;1.3;7.0;137.0
2025-05-19;Mumbai;29.8;61.0;0.1;18.5;94.0
2025-05-20;Mumbai;35.9;60.0;0.1;3.0;122.0
2025-05-21;Mumbai;31.4;51.0;0.0;0.4;132.0
2025-05-22;Mumbai;31.7;59.0;0.3;12.2;38.0
2025-05-23;Mumbai;32.6;54.0;0.5;14.9;95.0
2025-05-24;Mumbai;32.9;49.0;0.0;18.0;136.0
2025-05-25;Mumbai;31.2;64.0;1.4;18.4;56.0
2025-05-26;Mumbai;32.8;57.0;0.9;12.8;67.0
2025-05-27;Mumbai;30.9;59.0;0.0;14.0;138.0
2025-05-28;Mumbai;31.5;46.0;0.0;13.0;151.0
2025-05-29;Mumbai;30.1;51.0;0.1;18.1;20.0
2025-05-30;Mumbai;32.8;62.0;0.6;7.1;137.0
2025-05-31;Mumbai;32.4;53.0;0.6;9.3;20.0
2025-06-01;Mumbai;29.7;74.0;25.9;15.4;62.0
2025-06-02;Mumbai;31.7;59.0;15.6;16.2;20.0
2025-06-03;Mumbai;32.8;88.0;39.2;17.4;29.0
2025-06-04;Mumbai;34.2;60.0;16.8;11.7;77.0
2025-06-05;Mumbai;31.0;67.0;11.2;10.0;100.0
2025-06-06;Mumbai;32.5;66.0;23.2;14.8;124.0
2025-06-07;Mumbai;31.4;82.0;36.2;7.6;20.0
2025-06-08;Mumbai;34.2;70.0;2.4;18.7;134.0
2025-06-09;Mumbai;32.2;77.0;23.3;10.0;56.0
2025-06-10;Mumbai;34.0;62.0;11.9;10.9;68.0
2025-06-11;Mumbai;32.7;75.0;17.0;15.0;141.0
2025-06-12;Mumbai;30.7;80.0;38.1;9.1;86.0
2025-06-13;Mumbai;33.2;57.0;12.7;7.4;20.0
2025-06-14;Mumbai;31.6;56.0;4.8;16.6;82.0
2025-06-15;Mumbai;35.1;66.0;3.3;7.8;57.0
2025-06-16;Mumbai;36.2;93.0;37.3;13.0;35.0
2025-06-17;Mumbai;34.5;63.0;15.5;12.1;69.0
2025-06-18;Mumbai;32.6;63.0;12.7;4.4;96.0
2025-06-19;Mumbai;33.6;86.0;34.5;7.8;20.0
2025-06-20;Mumbai;34.1;80.0;6.8;13.4;74.0
2025-06-21;Mumbai;35.3;59.0;6.8;16.9;67.0
2025-06-22;Mumbai;33.4;100.0;42.4;9.0;63.0
2025-06-23;Mumbai;34.3;62.0;5.9;8.5;82.0
2025-06-24;Mumbai;31.2;65.0;4.0;14.5;124.0
2025-06-25;Mumbai;34.2;97.0;41.9;15.2;58.0
2025-06-26;Mumbai;32.5;75.0;22.7;15.7;91.0
2025-06-27;Mumbai;33.9;64.0;11.9;12.9;87.0
2025-06-28;Mumbai;32.3;98.0;56.0;9.9;20.0
2025-06-29;Mumbai;34.5;64.0;8.3;15.1;67.0
2025-06-30;Mumbai;34.9;80.0;19.4;11.7;44.0
2025-07-01;Mumbai;33.6;80.0;17.8;14.7;103.0
2025-07-02;Mumbai;32.6;93.0;35.0;9.9;89.0
2025-07-03;Mumbai;34.8;57.0;6.6;11.2;80.0
2025-07-04;Mumbai;36.3;84.0;41.9;14.1;54.0
2025-07-05;Mumbai;36.9;90.0;52.1;3.8;20.0
2025-07-06;Mumbai;34.6;81.0;30.8;17.4;44.0
2025-07-07;Mumbai;34.4;68.0;7.4;11.8;20.0
2025-07-08;Mumbai;32.0;63.0;15.1;0.7;107.0
2025-07-09;Mumbai;36.0;68.0;17.8;12.7;161.0
2025-07-10;Mumbai;30.5;74.0;17.3;10.3;51.0
2025-07-11;Mumbai;35.8;55.0;3.2;7.8;96.0
2025-07-12;Mumbai;34.0;71.0;21.3;19.8;85.0
2025-07-13;Mumbai;30.3;77.0;16.0;15.3;29.0
2025-07-14;Mumbai;34.5;64.0;11.4;11.4;73.0
2025-07-15;Mumbai;33.7;59.0;12.3;12.2;
2025-07-16;Mumbai;33.3;100.0;57.4;13.1;39.0
2025-07-17;Mumbai;33.6;83.0;31.2;5.5;61.0
2025-07-18;Mumbai;33.9;77.0;2.7;22.5;75.0
2025-07-19;Mumbai;33.9;76.0;11.5;12.2;46.0
2025-07-20;Mumbai;31.7;100.0;27.3;19.2;90.0
2025-07-21;Mumbai;34.5;72.0;31.7;8.6;129.0
2025-07-22;Mumbai;33.3;80.0;17.0;14.3;20.0
2025-07-23;Mumbai;36.2;72.0;5.1;7.3;20.0
2025-07-24;Mumbai;35.1;59.0;4.6;0.5;37.0
2025-07-25;Mumbai;35.3;69.0;21.0;15.6;51.0
2025-07-26;Mumbai;36.6;69.0;9.7;12.8;70.0
2025-07-27;Mumbai;34.9;57.0;5.9;9.9;89.0
2025-07-28;Mumbai;33.5;47.0;1.0;0.0;92.0
2025-07-29;Mumbai;29.9;46.0;3.5;10.1;81.0
2025-07-30;Mumbai;34.0;56.0;15.7;13.1;125.0
2025-07-31;Mumbai;36.2;66.0;10.8;7.7;42.0
2025-08-01;Mumbai;34.9;87.0;33.9;12.5;92.0
2025-08-02;Mumbai;32.8;51.0;4.2;9.5;165.0
2025-08-03;Mumbai;33.6;65.0;7.4;7.2;24.0
2025-08-04;Mumbai;32.6;66.0;8.5;11.4;20.0
2025-08-05;Mumbai;33.9;69.0;14.6;3.3;83.0
2025-08-06;Mumbai;32.6;67.0;8.6;14.0;107.0
2025-08-07;Mumbai;35.5;62.0;6.6;12.4;85.0
2025-08-08;Mumbai;33.5;80.0;17.3;14.4;20.0
2025-08-09;Mumbai;33.6;71.0;14.0;16.5;20.0
2025-08-10;Mumbai;31.9;64.0;23.2;11.0;46.0
2025-08-11;Mumbai;32.5;78.0;10.7;1.2;96.0
2025-08-12;Mumbai;31.3;71.0;29.6;11.0;46.0
2025-08-13;Mumbai;35.1;60.0;6.0;7.4;93.0
2025-08-14;Mumbai;32.2;92.0;20.9;17.7;77.0
2025-08-15;Mumbai;33.1;79.0;24.8;10.5;102.0
2025-08-16;Mumbai;30.5;49.0;1.2;15.4;42.0
2025-08-17;Mumbai;30.9;75.0;21.2;17.8;72.0
2025-08-18;Mumbai;32.3;69.0;11.9;9.0;136.0
2025-08-19;Mumbai;32.2;68.0;14.8;12.3;44.0
2025-08-20;Mumbai;33.0;78.0;33.4;12.2;32.0
2025-08-21;Mumbai;35.5;55.0;12.8;20.8;81.0
2025-08-22;Mumbai;29.4;50.0;5.7;17.1;42.0
2025-08-23;Mumbai;33.8;65.0;20.1;7.7;23.0
2025-08-24;Mumbai;33.1;74.0;11.2;9.6;65.0
2025-08-25;Mumbai;31.3;56.0;13.0;10.1;67.0
2025-08-26;Mumbai;31.5;66.0;12.0;8.8;108.0
2025-08-27;Mumbai;33.8;84.0;22.6;10.7;32.0
2025-08-28;Mumbai;31.9;74.0;17.2;9.9;74.0
2025-08-29;Mumbai;31.4;77.0;13.1;12.1;126.0
2025-08-30;Mumbai;30.3;63.0;16.3;11.5;121.0
2025-08-31;Mumbai;30.5;65.0;5.9;16.6;80.0
2025-09-01;Mumbai;29.9;81.0;21.3;9.0;76.0
2025-09-02;Mumbai;32.9;77.0;17.5;5.3;36.0
2025-09-03;Mumbai;30.4;91.0;36.4;10.0;65.0
2025-09-04;Mumbai;29.7;52.0;8.1;9.5;143.0
2025-09-05;Mumbai;31.6;67.0;8.3;17.9;134.0
2025-09-06;Mumbai;30.0;71.0;15.4;15.4;74.0
2025-09-07;Mumbai;33.5;64.0;12.7;17.2;91.0
2025-09-08;Mumbai;31.2;55.0;5.7;15.9;55.0
2025-09-09;Mumbai;31.3;62.0;4.7;4.1;48.0
2025-09-10;Mumbai;31.2;70.0;28.6;8.6;47.0
2025-09-11;Mumbai;31.7;57.0;7.4;6.0;93.0
2025-09-12;Mumbai;31.8;71.0;10.7;18.3;108.0
2025-09-13;Mumbai;30.7;67.0;4.4;15.4;82.0
2025-09-14;Mumbai;29.0;100.0;52.4;13.6;55.0
2025-09-15;Mumbai;30.2;58.0;7.8;9.7;20.0
2025-09-16;Mumbai;30.5;55.0;11.7;10.2;85.0
2025-09-17;Mumbai;27.8;51.0;3.1;8.6;62.0
2025-09-18;Mumbai;27.0;77.0;14.7;14.6;25.0
2025-09-19;Mumbai;28.3;91.0;43.3;12.4;65.0
2025-09-20;Mumbai;27.1;58.0;4.8;14.8;143.0
2025-09-21;Mumbai;29.1;68.0;15.2;13.7;74.0
2025-09-22;Mumbai;28.6;68.0;9.3;15.3;116.0
2025-09-23;Mumbai;29.8;57.0;13.2;14.1;60.0
2025-09-24;Mumbai;30.6;59.0;9.9;16.4;162.0
2025-09-25;Mumbai;29.9;63.0;4.1;15.0;23.0
2025-09-26;Mumbai;30.0;70.0;16.3;9.9;70.0
2025-09-27;Mumbai;30.7;83.0;23.7;14.0;96.0
2025-09-28;Mumbai;28.7;69.0;9.5;13.2;79.0
2025-09-29;Mumbai;25.2;72.0;28.4;11.2;117.0
2025-09-30;Mumbai;26.4;51.0;28.6;11.9;20.0
2025-10-01;Mumbai;29.6;57.0;0.1;16.0;85.0
2025-10-02;Mumbai;29.1;47.0;0.0;14.2;80.0
2025-10-03;Mumbai;29.7;59.0;0.2;15.7;85.0
2025-10-04;Mumbai;32.8;68.0;0.9;12.2;26.0
2025-10-05;Mumbai;28.8;48.0;1.3;16.6;77.0
2025-10-06;Mumbai;28.2;61.0;1.1;15.1;75.0
2025-10-07;Mumbai;28.8;62.0;0.6;8.8;99.0
2025-10-08;Mumbai;26.4;58.0;0.0;10.6;134.0
2025-10-09;Mumbai;29.2;58.0;0.1;8.6;94.0
2025-10-10;Mumbai;27.7;38.0;0.0;7.7;107.0
2025-10-11;Mumbai;30.4;56.0;0.4;22.7;140.0
2025-10-12;Mumbai;25.3;55.0;0.0;18.7;138.0
2025-10-13;Mumbai;27.6;63.0;0.1;16.6;20.0
2025-10-14;Mumbai;26.6;63.0;0.0;13.8;122.0
2025-10-15;Mumbai;25.8;51.0;0.0;9.8;122.0
2025-10-16;Mumbai;28.3;41.0;0.9;7.6;79.0
2025-10-17;Mumbai;26.8;42.0;0.0;11.2;72.0
2025-10-18;Mumbai;29.1;71.0;5.5;9.1;39.0
2025-10-19;Mumbai;26.2;54.0;0.1;14.9;20.0
2025-10-20;Mumbai;26.3;43.0;0.0;12.6;124.0
2025-10-21;Mumbai;29.8;45.0;0.2;15.4;120.0
2025-10-22;Mumbai;24.7;59.0;2.8;13.0;83.0
2025-10-23;Mumbai;25.4;58.0;2.0;5.2;116.0
2025-10-24;Mumbai;21.9;68.0;0.0;11.3;131.0
2025-10-25;Mumbai;25.7;55.0;0.2;13.6;20.0
2025-10-26;Mumbai;27.4;58.0;0.0;13.1;100.0
2025-10-27;Mumbai;26.8;55.0;0.4;9.8;80.0
2025-10-28;Mumbai;26.3;64.0;2.6;10.0;105.0
2025-10-29;Mumbai;24.7;69.0;0.0;9.3;97.0
2025-10-30;Mumbai;25.6;63.0;0.1;5.3;121.0
2025-10-31;Mumbai;25.2;71.0;0.0;11.9;27.0
2025-11-01;Mumbai;25.7;59.0;0.0;15.1;143.0
2025-11-02;Mumbai;25.9;42.0;0.0;10.1;69.0
2025-11-03;Mumbai;25.0;49.0;0.3;7.0;84.0
2025-11-04;Mumbai;25.5;66.0;5.3;16.0;20.0
2025-11-05;Mumbai;25.2;53.0;0.0;17.5;86.0
2025-11-06;Mumbai;24.3;55.0;0.0;10.2;89.0
2025-11-07;Mumbai;25.3;49.0;0.0;8.2;87.0
2025-11-08;Mumbai;23.2;67.0;1.0;11.4;60.0
2025-11-09;Mumbai;25.3;67.0;0.2;13.1;41.0
2025-11-10;Mumbai;23.2;54.0;1.5;10.2;114.0
2025-11-11;Mumbai;24.8;56.0;3.3;5.7;20.0
2025-11-12;Mumbai;25.4;65.0;0.2;15.8;122.0
2025-11-13;Mumbai;23.3;64.0;0.2;13.0;158.0
2025-11-14;Mumbai;26.1;42.0;0.0;18.2;179.0
2025-11-15;Mumbai;27.2;61.0;0.1;12.2;47.0
2025-11-16;Mumbai;23.4;59.0;0.6;17.9;
2025-11-17;Mumbai;24.1;57.0;0.2;11.1;67.0
2025-11-18;Mumbai;26.0;48.0;0.2;9.6;139.0
2025-11-19;Mumbai;21.5;48.0;0.4;10.0;105.0
2025-11-20;Mumbai;24.1;30.0;0.3;19.3;78.0
2025-11-21;Mumbai;23.5;50.0;0.9;11.2;53.0
2025-11-22;Mumbai;25.3;40.0;0.4;18.3;75.0
2025-11-23;Mumbai;23.5;51.0;0.0;10.2;
2025-11-24;Mumbai;24.4;58.0;0.0;6.5;89.0
2025-11-25;Mumbai;22.5;46.0;0.2;14.8;91.0
2025-11-26;Mumbai;25.1;66.0;0.1;9.4;68.0
2025-11-27;Mumbai;21.9;71.0;0.1;13.2;64.0
2025-11-28;Mumbai;24.8;57.0;0.0;12.8;115.0
2025-11-29;Mumbai;23.5;60.0;0.0;12.7;118.0
2025-11-30;Mumbai;19.8;42.0;0.1;18.6;57.0
2025-12-01;Mumbai;23.4;58.0;1.7;13.0;86.0
2025-12-02;Mumbai;24.1;44.0;0.0;12.5;55.0
2025-12-03;Mumbai;21.3;43.0;2.3;10.6;192.0
2025-12-04;Mumbai;21.8;46.0;0.9;14.2;51.0
2025-12-05;Mumbai;23.2;54.0;0.0;13.8;100.0
2025-12-06;Mumbai;22.2;55.0;0.0;10.4;108.0
2025-12-07;Mumbai;23.4;55.0;0.2;15.8;63.0
2025-12-08;Mumbai;22.6;46.0;0.2;11.2;55.0
2025-12-09;Mumbai;20.8;56.0;0.0;14.3;79.0
2025-12-10;Mumbai;26.3;50.0;0.3;6.7;55.0
2025-12-11;Mumbai;22.2;56.0;0.3;15.7;97.0
2025-12-12;Mumbai;22.9;53.0;0.3;9.1;56.0
2025-12-13;Mumbai;25.3;41.0;0.0;14.7;96.0
2025-12-14;Mumbai;23.9;50.0;0.0;17.1;20.0
2025-12-15;Mumbai;23.4;59.0;0.1;13.6;58.0
2025-12-16;Mumbai;24.1;62.0;0.1;16.6;73.0
2025-12-17;Mumbai;23.3;45.0;0.1;7.7;130.0
2025-12-18;Mumbai;23.2;49.0;0.0;11.7;20.0
2025-12-19;Mumbai;23.2;52.0;0.1;9.4;131.0
2025-12-20;Mumbai;22.1;64.0;0.1;9.4;116.0
2025-12-21;Mumbai;23.9;59.0;0.0;5.7;20.0
2025-12-22;Mumbai;23.3;48.0;4.1;12.3;107.0
2025-12-23;Mumbai;18.8;59.0;0.0;15.8;53.0
2025-12-24;Mumbai;23.5;65.0;0.3;17.1;113.0
2025-12-25;Mumbai;21.0;57.0;0.2;7.8;115.0
2025-12-26;Mumbai;22.5;49.0;0.6;10.1;121.0
2025-12-27;Mumbai;19.6;62.0;0.0;9.0;67.0
2025-12-28;Mumbai;21.2;56.0;0.0;8.8;117.0
2025-12-29;Mumbai;21.6;53.0;0.4;10.8;151.0
2025-12-30;Mumbai;22.9;62.0;0.3;12.1;78.0
2025-12-31;Mumbai;21.2;55.0;0.0;10.8;83.0
