Order_ID,Order_Date,Product_Category,Region,Payment_Method,Quantity,Unit_Price,Discount_Pct,Total_Amount,Customer_Rating
ORD-00001,2024-01-01 17:52,Clothing,North,Card,2,984.0,0,1968.0,3.0
ORD-00002,2024-01-01 17:57,Electronics,East,Card,5,7785.0,15,33086.25,
ORD-00003,2024-01-01 19:12,Home,South,UPI,5,1261.0,20,5044.0,3.0
ORD-00004,2024-01-02 09:09,Groceries,West,Cash,4,284.0,0,1136.0,5.0
ORD-00005,2024-01-02 14:01,Groceries,South,UPI,3,336.0,0,1008.0,4.0
ORD-00006,2024-01-03 09:16,Clothing,South,UPI,4,1306.0,15,4440.4,1.0
ORD-00007,2024-01-03 10:43,Groceries,North,UPI,5,316.0,0,1580.0,3.0
ORD-00008,2024-01-03 12:01,Groceries,North,Card,2,479.0,10,862.2,4.0
ORD-00009,2024-01-03 14:07,Beauty,South,Card,1,762.0,0,762.0,4.0
ORD-00010,2024-01-03 14:42,Home,East,Cash,2,1841.0,10,3313.8,5.0
ORD-00011,2024-01-03 16:58,Groceries,South,Card,3,377.0,0,1131.0,4.0
ORD-00012,2024-01-03 17:24,Home,West,UPI,4,2196.0,10,7905.6,5.0
ORD-00013,2024-01-04 09:32,Electronics,North,Card,3,6433.0,5,18334.05,3.0
ORD-00014,2024-01-04 12:58,Electronics,South,Card,5,2743.0,0,13715.0,5.0
ORD-00015,2024-01-04 17:05,Groceries,South,Card,2,464.0,5,881.6,5.0
ORD-00016,2024-01-04 17:34,Groceries,East,UPI,3,363.0,5,1034.55,
ORD-00017,2024-01-05 10:00,Electronics,South,UPI,5,7233.0,20,28932.0,5.0
ORD-00018,2024-01-05 10:46,Clothing,South,Cash,1,1054.0,5,1001.3,4.0
ORD-00019,2024-01-05 11:26,Groceries,North,Card,5,158.0,0,790.0,4.0
ORD-00020,2024-01-05 12:51,Electronics,East,Cash,1,1898.0,5,1803.1,1.0
ORD-00021,2024-01-05 20:39,Clothing,West,Cash,5,860.0,0,4300.0,3.0
ORD-00022,2024-01-05 21:04,Groceries,West,Card,2,404.0,15,686.8,4.0
ORD-00023,2024-01-06 18:50,Beauty,East,UPI,4,973.0,15,3308.2,5.0
ORD-00024,2024-01-07 13:36,Clothing,East,UPI,4,1309.0,0,5236.0,5.0
ORD-00025,2024-01-07 14:39,Electronics,East,UPI,2,4106.0,5,7801.4,4.0
ORD-00026,2024-01-07 16:46,Electronics,East,UPI,3,4589.0,10,12390.3,5.0
ORD-00027,2024-01-07 18:17,Electronics,North,UPI,4,8449.0,0,33796.0,5.0
ORD-00028,2024-01-08 14:24,Home,South,Card,5,1092.0,10,4914.0,5.0
ORD-00029,2024-01-08 14:57,Clothing,West,UPI,1,1957.0,5,1859.15,2.0
ORD-00030,2024-01-08 17:22,Electronics,West,UPI,3,9377.0,5,26724.45,4.0
ORD-00031,2024-01-09 16:10,Beauty,East,UPI,5,1148.0,5,5453.0,4.0
ORD-00032,2024-01-09 18:02,Home,South,Cash,3,2006.0,5,5717.1,5.0
ORD-00033,2024-01-09 20:27,Electronics,East,UPI,1,5385.0,10,4846.5,4.0
ORD-00034,2024-01-09 21:02,Clothing,North,Net Banking,1,1328.0,5,1261.6,5.0
ORD-00035,2024-01-10 12:50,Home,North,Cash,5,2291.0,10,10309.5,
ORD-00036,2024-01-10 12:52,Groceries,South,Cash,3,282.0,5,803.7,4.0
ORD-00037,2024-01-10 14:54,Beauty,South,Card,4,469.0,10,1688.4,5.0
ORD-00038,2024-01-11 10:44,Electronics,South,Cash,5,5489.0,0,27445.0,4.0
ORD-00039,2024-01-11 10:46,Home,East,UPI,1,1383.0,5,1313.85,4.0
ORD-00040,2024-01-11 12:18,Electronics,East,Card,3,8234.0,5,23466.9,4.0
ORD-00041,2024-01-11 13:59,Clothing,North,UPI,1,978.0,0,978.0,5.0
ORD-00042,2024-01-11 16:40,Home,North,UPI,5,1852.0,0,9260.0,5.0
ORD-00043,2024-01-12 13:08,Groceries,East,Net Banking,3,453.0,5,1291.05,5.0
ORD-00044,2024-01-13 09:11,Electronics,West,Card,5,8304.0,0,41520.0,3.0
ORD-00045,2024-01-13 11:04,Clothing,West,UPI,2,1275.0,0,2550.0,4.0
ORD-00046,2024-01-13 16:23,Home,North,UPI,1,2008.0,0,2008.0,5.0
ORD-00047,2024-01-13 20:24,Electronics,South,Card,5,4169.0,10,18760.5,5.0
ORD-00048,2024-01-14 09:38,Clothing,West,Cash,4,1568.0,20,5017.6,5.0
ORD-00049,2024-01-14 09:42,Electronics,North,Cash,1,8274.0,15,7032.9,5.0
ORD-00050,2024-01-14 11:15,Electronics,East,UPI,4,2633.0,20,8425.6,5.0
ORD-00051,2024-01-14 15:33,Home,South,UPI,3,2752.0,20,6604.8,2.0
ORD-00052,2024-01-15 09:24,Electronics,East,UPI,1,4739.0,0,4739.0,5.0
ORD-00053,2024-01-15 10:31,Groceries,North,Card,2,412.0,0,824.0,4.0
ORD-00054,2024-01-15 14:34,Groceries,South,Card,4,358.0,0,1432.0,5.0
ORD-00055,2024-01-16 09:42,Electronics,South,Cash,1,5891.0,0,5891.0,1.0
ORD-00056,2024-01-16 09:50,Groceries,South,Card,2,328.0,15,557.6,5.0
ORD-00057,2024-01-16 10:26,Clothing,North,UPI,2,843.0,15,1433.1,4.0
ORD-00058,2024-01-16 10:32,Home,South,UPI,4,2083.0,10,7498.8,2.0
ORD-00059,2024-01-16 16:31,Home,South,UPI,5,1646.0,15,6995.5,4.0
ORD-00060,2024-01-16 18:12,Home,North,Cash,4,1093.0,10,3934.8,4.0
ORD-00061,2024-01-16 18:16,Clothing,South,Card,4,827.0,5,3142.6,5.0
ORD-00062,2024-01-17 21:31,Home,North,Net Banking,1,1102.0,0,1102.0,5.0
ORD-00063,2024-01-18 17:57,Groceries,West,UPI,5,295.0,20,1180.0,4.0
ORD-00064,2024-01-18 18:41,Clothing,North,Net Banking,1,1375.0,10,1237.5,2.0
ORD-00065,2024-01-18 19:02,Electronics,East,UPI,3,4720.0,0,14160.0,5.0
ORD-00066,2024-01-19 10:51,Electronics,South,UPI,5,7756.0,0,38780.0,5.0
ORD-00067,2024-01-19 17:19,Clothing,North,UPI,2,1157.0,10,2082.6,5.0
ORD-00068,2024-01-19 18:54,Clothing,West,UPI,2,1096.0,15,1863.2,1.0
ORD-00069,2024-01-19 20:47,Beauty,East,UPI,1,704.0,5,668.8,5.0
ORD-00070,2024-01-20 13:05,Beauty,East,UPI,2,993.0,20,1588.8,3.0
ORD-00071,2024-01-20 15:00,Electronics,North,Card,3,3532.0,0,10596.0,5.0
ORD-00072,2024-01-20 15:22,Beauty,North,Cash,3,1048.0,20,2515.2,2.0
ORD-00073,2024-01-20 15:46,Groceries,North,Cash,1,451.0,10,405.9,2.0
ORD-00074,2024-01-20 17:50,Groceries,South,Cash,2,348.0,10,626.4,3.0
ORD-00075,2024-01-20 19:39,Beauty,West,Cash,1,948.0,20,758.4,5.0
ORD-00076,2024-01-20 20:43,Groceries,South,Net Banking,2,316.0,15,537.2,4.0
ORD-00077,2024-01-20 21:12,Groceries,South,UPI,4,380.0,0,1520.0,5.0
ORD-00078,2024-01-21 10:50,Clothing,North,Net Banking,1,1005.0,15,854.25,4.0
ORD-00079,2024-01-21 14:45,Clothing,South,UPI,1,1548.0,5,1470.6,5.0
ORD-00080,2024-01-21 15:50,Beauty,North,Card,3,551.0,0,1653.0,4.0
ORD-00081,2024-01-21 16:44,Clothing,South,Card,3,1182.0,10,3191.4,3.0
ORD-00082,2024-01-21 18:04,Electronics,West,UPI,5,7222.0,5,34304.5,5.0
ORD-00083,2024-01-22 13:42,Clothing,South,UPI,3,1577.0,5,4494.45,4.0
ORD-00084,2024-01-22 19:32,Groceries,North,UPI,5,264.0,5,1254.0,4.0
ORD-00085,2024-01-22 21:00,Clothing,North,Cash,4,1471.0,0,5884.0,4.0
ORD-00086,2024-01-23 09:46,Beauty,South,Cash,3,494.0,0,1482.0,5.0
ORD-00087,2024-01-23 10:28,Clothing,North,UPI,2,426.0,10,766.8,1.0
ORD-00088,2024-01-23 12:01,Home,West,UPI,1,1396.0,0,1396.0,4.0
ORD-00089,2024-01-23 13:04,Groceries,South,Card,4,438.0,10,1576.8,4.0
ORD-00090,2024-01-23 14:37,Groceries,South,UPI,5,349.0,5,1657.75,5.0
ORD-00091,2024-01-24 10:14,Electronics,East,UPI,2,5037.0,0,10074.0,3.0
ORD-00092,2024-01-24 18:18,Clothing,North,UPI,2,1220.0,0,2440.0,3.0
ORD-00093,2024-01-25 10:48,Home,North,Cash,1,1812.0,0,1812.0,3.0
ORD-00094,2024-01-26 14:57,Home,East,UPI,3,2136.0,15,5446.8,4.0
ORD-00095,2024-01-26 16:16,Clothing,North,UPI,2,620.0,20,992.0,3.0
ORD-00096,2024-01-26 18:14,Beauty,North,UPI,1,679.0,0,679.0,4.0
ORD-00097,2024-01-27 09:11,Home,West,Card,1,1867.0,0,1867.0,4.0
ORD-00098,2024-01-27 09:31,Electronics,East,UPI,2,3542.0,10,6375.6,
ORD-00099,2024-01-27 12:07,Groceries,North,Card,3,205.0,5,584.25,4.0
ORD-00100,2024-01-27 15:10,Home,West,Cash,3,1603.0,5,4568.55,
ORD-00101,2024-01-27 21:24,Home,North,UPI,4,1805.0,5,6859.0,5.0
ORD-00102,2024-01-28 12:19,Electronics,West,UPI,3,6022.0,10,16259.4,4.0
ORD-00103,2024-01-28 15:25,Clothing,South,UPI,4,1000.0,0,4000.0,5.0
ORD-00104,2024-01-28 16:31,Clothing,South,Net Banking,2,985.0,15,1674.5,4.0
ORD-00105,2024-01-28 18:14,Clothing,East,Card,2,1058.0,5,2010.2,4.0
ORD-00106,2024-01-28 19:45,Electronics,North,Cash,3,6537.0,0,19611.0,3.0
ORD-00107,2024-01-29 14:55,Groceries,West,Cash,1,481.0,20,384.8,4.0
ORD-00108,2024-01-29 15:51,Groceries,North,Net Banking,4,117.0,0,468.0,5.0
ORD-00109,2024-01-29 21:14,Electronics,West,Cash,1,7121.0,0,7121.0,2.0
ORD-00110,2024-01-29 21:35,Groceries,North,UPI,5,338.0,0,1690.0,3.0
ORD-00111,2024-01-30 09:42,Electronics,North,Card,5,6946.0,10,31257.0,4.0
ORD-00112,2024-01-30 11:17,Clothing,North,Net Banking,3,1627.0,5,4636.95,
ORD-00113,2024-01-30 11:19,Home,South,Card,2,1392.0,5,2644.8,5.0
ORD-00114,2024-01-30 12:10,Home,South,Cash,2,2310.0,0,4620.0,1.0
ORD-00115,2024-01-30 16:02,Clothing,East,Net Banking,3,749.0,0,2247.0,5.0
ORD-00116,2024-01-30 17:28,Home,West,Card,3,1869.0,0,5607.0,5.0
ORD-00117,2024-01-31 12:07,Home,South,Card,1,1669.0,5,1585.55,5.0
ORD-00118,2024-01-31 18:21,Groceries,South,Card,1,355.0,0,355.0,4.0
ORD-00119,2024-01-31 18:54,Beauty,South,UPI,4,492.0,5,1869.6,3.0
ORD-00120,2024-02-01 11:45,Clothing,East,UPI,1,1357.0,10,1221.3,1.0
ORD-00121,2024-02-01 11:46,Electronics,West,Card,3,8855.0,10,23908.5,5.0
ORD-00122,2024-02-01 12:15,Home,South,Net Banking,5,1275.0,10,5737.5,3.0
ORD-00123,2024-02-01 13:16,Groceries,South,Net Banking,1,370.0,5,351.5,
ORD-00124,2024-02-01 19:26,Clothing,South,UPI,5,1508.0,0,7540.0,3.0
ORD-00125,2024-02-01 20:00,Electronics,North,Cash,3,5466.0,10,14758.2,5.0
ORD-00126,2024-02-01 21:22,Electronics,South,UPI,3,8449.0,0,25347.0,
ORD-00127,2024-02-02 09:47,Electronics,North,Card,50,5227.0,10,235215.0,4.0
ORD-00128,2024-02-02 09:48,Electronics,West,Net Banking,4,5791.0,5,22005.8,5.0
ORD-00129,2024-02-02 17:23,Beauty,North,Net Banking,3,491.0,5,1399.35,5.0
ORD-00130,2024-02-02 18:15,Clothing,North,Card,1,1246.0,15,1059.1,5.0
ORD-00131,2024-02-03 09:52,Home,North,Card,5,1802.0,0,9010.0,4.0
ORD-00132,2024-02-03 11:31,Electronics,South,UPI,1,7145.0,0,7145.0,1.0
ORD-00133,2024-02-03 17:55,Clothing,East,Cash,5,971.0,15,4126.75,3.0
ORD-00134,2024-02-03 18:38,Beauty,West,UPI,3,557.0,0,1671.0,3.0
ORD-00135,2024-02-03 19:53,Electronics,South,UPI,3,6832.0,5,19471.2,4.0
ORD-00136,2024-02-03 21:47,Clothing,North,Cash,4,1703.0,0,6812.0,4.0
ORD-00137,2024-02-04 12:18,Home,East,UPI,5,2140.0,5,10165.0,4.0
ORD-00138,2024-02-04 12:28,Electronics,East,Card,1,9325.0,5,8858.75,
ORD-00139,2024-02-04 14:13,Electronics,East,UPI,5,7000.0,15,29750.0,5.0
ORD-00140,2024-02-04 20:16,Beauty,South,UPI,4,809.0,10,2912.4,2.0
ORD-00141,2024-02-05 11:02,Clothing,South,UPI,2,1445.0,5,2745.5,5.0
ORD-00142,2024-02-05 13:43,Groceries,North,UPI,3,506.0,10,1366.2,5.0
ORD-00143,2024-02-05 19:12,Electronics,North,UPI,4,8228.0,15,27975.2,
ORD-00144,2024-02-05 19:38,Clothing,West,Card,1,809.0,0,809.0,4.0
ORD-00145,2024-02-06 16:50,Groceries,North,Card,3,434.0,5,1236.9,5.0
ORD-00146,2024-02-07 12:39,Groceries,South,UPI,4,378.0,0,1512.0,5.0
ORD-00147,2024-02-07 14:18,Clothing,North,Cash,3,1130.0,0,3390.0,4.0
ORD-00148,2024-02-07 14:33,Home,North,Cash,3,843.0,10,2276.1,2.0
ORD-00149,2024-02-07 20:52,Home,West,Card,3,968.0,10,2613.6,5.0
ORD-00150,2024-02-08 18:48,Groceries,North,Card,3,312.0,15,795.6,4.0
ORD-00151,2024-02-08 21:23,Groceries,South,Card,5,196.0,5,931.0,4.0
ORD-00152,2024-02-09 09:13,Groceries,West,UPI,5,314.0,0,1570.0,3.0
ORD-00153,2024-02-09 09:17,Groceries,North,UPI,76,425.0,0,32300.0,5.0
ORD-00154,2024-02-09 11:44,Electronics,North,UPI,1,4954.0,0,4954.0,4.0
ORD-00155,2024-02-09 12:33,Home,South,Cash,2,1845.0,0,3690.0,4.0
ORD-00156,2024-02-09 13:30,Groceries,North,UPI,5,238.0,5,1130.5,5.0
ORD-00157,2024-02-09 15:57,Beauty,North,Net Banking,4,763.0,10,2746.8,
ORD-00158,2024-02-10 09:29,Beauty,South,UPI,2,807.0,0,1614.0,4.0
ORD-00159,2024-02-10 15:54,Electronics,North,UPI,4,3439.0,0,13756.0,4.0
ORD-00160,2024-02-10 18:56,Clothing,East,UPI,3,929.0,0,2787.0,4.0
ORD-00161,2024-02-11 15:10,Groceries,West,Cash,5,217.0,10,976.5,5.0
ORD-00162,2024-02-12 10:59,Groceries,North,Card,3,403.0,0,1209.0,4.0
ORD-00163,2024-02-12 20:07,Home,North,Card,3,1889.0,0,5667.0,3.0
ORD-00164,2024-02-13 11:00,Electronics,North,Card,4,5911.0,5,22461.8,3.0
ORD-00165,2024-02-13 12:45,Groceries,North,UPI,1,337.0,0,337.0,4.0
ORD-00166,2024-02-13 18:23,Beauty,South,Cash,4,768.0,0,3072.0,2.0
ORD-00167,2024-02-13 19:14,Beauty,South,Cash,2,772.0,15,1312.4,4.0
ORD-00168,2024-02-14 09:26,Electronics,North,Card,1,5108.0,0,5108.0,4.0
ORD-00169,2024-02-14 14:34,Beauty,South,UPI,1,567.0,0,567.0,4.0
ORD-00170,2024-02-14 15:10,Electronics,North,Cash,1,5894.0,0,5894.0,3.0
ORD-00171,2024-02-15 09:47,Groceries,East,Cash,1,330.0,0,330.0,4.0
ORD-00172,2024-02-15 14:55,Clothing,South,Net Banking,1,1942.0,20,1553.6,1.0
ORD-00173,2024-02-15 17:06,Groceries,East,UPI,2,310.0,10,558.0,4.0
ORD-00174,2024-02-15 17:25,Electronics,South,Net Banking,5,6521.0,5,30974.75,3.0
ORD-00175,2024-02-15 19:47,Clothing,South,Cash,1,1368.0,5,1299.6,5.0
ORD-00176,2024-02-15 20:26,Clothing,East,UPI,4,1704.0,0,6816.0,4.0
ORD-00177,2024-02-15 21:58,Beauty,North,Cash,5,530.0,5,2517.5,5.0
ORD-00178,2024-02-16 17:00,Groceries,East,UPI,5,491.0,0,2455.0,5.0
ORD-00179,2024-02-16 21:38,Groceries,South,UPI,2,335.0,15,569.5,5.0
ORD-00180,2024-02-17 09:55,Groceries,South,Card,1,613.0,10,551.7,5.0
ORD-00181,2024-02-17 14:39,Clothing,South,UPI,2,1331.0,0,2662.0,3.0
ORD-00182,2024-02-17 18:59,Electronics,South,UPI,4,3788.0,10,13636.8,3.0
ORD-00183,2024-02-18 12:51,Electronics,East,Card,4,5645.0,0,22580.0,
ORD-00184,2024-02-18 13:32,Groceries,North,Net Banking,1,490.0,0,490.0,4.0
ORD-00185,2024-02-18 14:03,Beauty,South,UPI,2,717.0,0,1434.0,4.0
ORD-00186,2024-02-18 20:58,Clothing,North,UPI,4,1179.0,0,4716.0,4.0
ORD-00187,2024-02-19 09:15,Groceries,North,UPI,4,425.0,0,1700.0,2.0
ORD-00188,2024-02-19 15:05,Home,North,UPI,2,1614.0,20,2582.4,3.0
ORD-00189,2024-02-19 16:47,Beauty,South,Net Banking,5,656.0,0,3280.0,4.0
ORD-00190,2024-02-19 18:50,Clothing,East,Card,5,860.0,0,4300.0,4.0
ORD-00191,2024-02-20 12:56,Beauty,West,Card,2,1063.0,0,2126.0,5.0
ORD-00192,2024-02-21 11:20,Groceries,South,UPI,3,222.0,0,666.0,4.0
ORD-00193,2024-02-21 11:52,Groceries,East,Net Banking,3,368.0,0,1104.0,3.0
ORD-00194,2024-02-21 13:01,Home,West,Card,4,2059.0,0,8236.0,2.0
ORD-00195,2024-02-21 16:03,Clothing,North,Net Banking,2,1195.0,0,2390.0,4.0
ORD-00196,2024-02-21 17:46,Home,East,Card,2,1123.0,0,2246.0,4.0
ORD-00197,2024-02-21 19:24,Groceries,South,Net Banking,3,245.0,0,735.0,5.0
ORD-00198,2024-02-22 13:09,Home,North,Card,2,2082.0,10,3747.6,4.0
ORD-00199,2024-02-22 13:26,Home,West,Cash,3,1379.0,20,3309.6,
ORD-00200,2024-02-22 15:54,Groceries,North,UPI,5,132.0,0,660.0,4.0
ORD-00201,2024-02-22 19:10,Electronics,West,Card,2,6697.0,10,12054.6,3.0
ORD-00202,2024-02-23 12:42,Clothing,West,Card,5,886.0,10,3987.0,4.0
ORD-00203,2024-02-23 15:10,Home,West,Card,3,2141.0,5,6101.85,3.0
ORD-00204,2024-02-24 10:58,Groceries,South,Card,1,329.0,10,296.1,
ORD-00205,2024-02-24 14:00,Home,South,UPI,3,1665.0,5,4745.25,4.0
ORD-00206,2024-02-24 15:48,Clothing,South,Net Banking,3,1219.0,20,2925.6,4.0
ORD-00207,2024-02-24 16:43,Groceries,South,Card,1,230.0,0,230.0,1.0
ORD-00208,2024-02-24 19:45,Home,West,UPI,3,1354.0,5,3858.9,5.0
ORD-00209,2024-02-25 12:41,Home,South,Cash,1,1660.0,10,1494.0,4.0
ORD-00210,2024-02-25 17:35,Clothing,South,Cash,4,788.0,20,2521.6,2.0
ORD-00211,2024-02-25 19:51,Electronics,West,UPI,3,7285.0,5,20762.25,5.0
ORD-00212,2024-02-26 10:38,Home,South,UPI,2,1634.0,20,2614.4,2.0
ORD-00213,2024-02-26 16:44,Home,West,Card,1,1017.0,10,915.3,4.0
ORD-00214,2024-02-27 10:14,Clothing,North,Cash,3,999.0,10,2697.3,4.0
ORD-00215,2024-02-27 12:47,Groceries,North,UPI,4,361.0,15,1227.4,4.0
ORD-00216,2024-02-27 16:28,Clothing,South,UPI,3,1039.0,10,2805.3,5.0
ORD-00217,2024-02-27 18:46,Clothing,South,Cash,5,1344.0,5,6384.0,4.0
ORD-00218,2024-02-27 19:24,Electronics,East,UPI,1,7033.0,10,6329.7,3.0
ORD-00219,2024-02-27 20:47,Clothing,North,Cash,4,2065.0,0,8260.0,4.0
ORD-00220,2024-02-28 17:50,Home,North,Cash,3,2421.0,20,5810.4,4.0
ORD-00221,2024-02-29 14:04,Clothing,West,Cash,2,611.0,15,1038.7,3.0
ORD-00222,2024-02-29 15:11,Home,South,UPI,2,1605.0,10,2889.0,4.0
ORD-00223,2024-02-29 21:25,Groceries,South,UPI,3,322.0,0,966.0,3.0
ORD-00224,2024-03-01 10:50,Electronics,North,Card,1,7035.0,0,7035.0,4.0
ORD-00225,2024-03-01 19:32,Clothing,West,UPI,4,864.0,0,3456.0,4.0
ORD-00226,2024-03-02 10:25,Electronics,West,UPI,3,5044.0,0,15132.0,5.0
ORD-00227,2024-03-02 13:36,Groceries,South,UPI,4,219.0,10,788.4,5.0
ORD-00228,2024-03-03 09:53,Beauty,North,Card,3,574.0,15,1463.7,4.0
ORD-00229,2024-03-03 11:30,Home,West,UPI,5,1495.0,10,6727.5,5.0
ORD-00230,2024-03-03 13:17,Home,West,UPI,1,1631.0,0,1631.0,4.0
ORD-00231,2024-03-03 17:26,Home,South,UPI,3,1159.0,20,2781.6,5.0
ORD-00232,2024-03-03 18:20,Home,East,Card,3,2330.0,15,5941.5,5.0
ORD-00233,2024-03-03 21:39,Groceries,South,UPI,2,400.0,10,720.0,5.0
ORD-00234,2024-03-03 21:57,Groceries,North,Card,4,198.0,0,792.0,5.0
ORD-00235,2024-03-04 09:30,Clothing,East,Cash,2,1209.0,10,2176.2,5.0
ORD-00236,2024-03-04 11:55,Electronics,East,Cash,4,3183.0,5,12095.4,4.0
ORD-00237,2024-03-04 12:01,Groceries,South,Net Banking,5,491.0,0,2455.0,5.0
ORD-00238,2024-03-04 12:06,Groceries,West,Net Banking,5,519.0,10,2335.5,4.0
ORD-00239,2024-03-04 13:08,Clothing,South,UPI,4,1180.0,10,4248.0,2.0
ORD-00240,2024-03-04 17:46,Beauty,West,UPI,4,521.0,0,2084.0,3.0
ORD-00241,2024-03-04 18:34,Electronics,North,Cash,5,4804.0,20,19216.0,
ORD-00242,2024-03-04 19:07,Groceries,West,Cash,5,302.0,15,1283.5,1.0
ORD-00243,2024-03-05 12:08,Beauty,North,UPI,4,678.0,5,2576.4,
ORD-00244,2024-03-05 14:07,Clothing,North,Net Banking,5,1693.0,0,8465.0,4.0
ORD-00245,2024-03-05 17:02,Beauty,East,Cash,5,901.0,0,4505.0,4.0
ORD-00246,2024-03-05 17:28,Home,North,Cash,1,2324.0,10,2091.6,3.0
ORD-00247,2024-03-05 21:10,Groceries,North,UPI,3,368.0,15,938.4,4.0
ORD-00248,2024-03-06 14:17,Beauty,East,Card,2,458.0,5,870.2,4.0
ORD-00249,2024-03-06 17:29,Groceries,South,UPI,5,269.0,0,1345.0,5.0
ORD-00250,2024-03-07 09:09,Groceries,West,UPI,4,356.0,0,1424.0,4.0
ORD-00251,2024-03-07 12:14,Groceries,North,UPI,5,224.0,0,1120.0,3.0
ORD-00252,2024-03-07 12:37,Clothing,South,UPI,2,1309.0,10,2356.2,5.0
ORD-00253,2024-03-07 16:15,Clothing,South,Cash,5,1490.0,5,7077.5,5.0
ORD-00254,2024-03-07 16:53,Electronics,South,Card,1,6982.0,0,6982.0,4.0
ORD-00255,2024-03-07 20:01,Clothing,South,Card,5,1382.0,5,6564.5,1.0
ORD-00256,2024-03-08 21:20,Home,South,UPI,2,792.0,15,1346.4,4.0
ORD-00257,2024-03-09 09:08,Beauty,South,Net Banking,3,980.0,5,2793.0,
ORD-00258,2024-03-09 14:19,Beauty,North,Net Banking,4,371.0,0,1484.0,5.0
ORD-00259,2024-03-09 17:19,Clothing,East,Card,4,1145.0,5,4351.0,5.0
ORD-00260,2024-03-09 18:12,Groceries,South,UPI,2,415.0,20,664.0,5.0
ORD-00261,2024-03-10 10:09,Groceries,South,UPI,3,388.0,0,1164.0,5.0
ORD-00262,2024-03-10 15:07,Electronics,North,Card,3,3700.0,0,11100.0,3.0
ORD-00263,2024-03-10 18:16,Groceries,West,Cash,4,235.0,5,893.0,1.0
ORD-00264,2024-03-10 20:58,Clothing,North,Net Banking,2,1303.0,0,2606.0,3.0
ORD-00265,2024-03-11 12:07,Beauty,West,UPI,4,807.0,15,2743.8,3.0
ORD-00266,2024-03-11 12:56,Clothing,North,UPI,4,801.0,10,2883.6,2.0
ORD-00267,2024-03-11 16:43,Home,West,UPI,4,2012.0,0,8048.0,4.0
ORD-00268,2024-03-11 21:10,Home,South,UPI,5,982.0,15,4173.5,5.0
ORD-00269,2024-03-12 20:07,Groceries,South,Card,3,416.0,10,1123.2,1.0
ORD-00270,2024-03-13 11:02,Clothing,North,Card,3,882.0,5,2513.7,5.0
ORD-00271,2024-03-13 12:25,Clothing,West,Cash,4,1229.0,0,4916.0,5.0
ORD-00272,2024-03-14 09:56,Beauty,North,UPI,4,682.0,10,2455.2,3.0
ORD-00273,2024-03-14 11:05,Electronics,East,UPI,5,8089.0,15,34378.25,1.0
ORD-00274,2024-03-14 11:12,Electronics,North,Card,3,6436.0,0,19308.0,4.0
ORD-00275,2024-03-14 13:32,Beauty,South,Cash,4,574.0,0,2296.0,5.0
ORD-00276,2024-03-14 16:34,Home,East,Cash,1,1994.0,20,1595.2,5.0
ORD-00277,2024-03-14 19:04,Groceries,South,Cash,3,575.0,0,1725.0,1.0
ORD-00278,2024-03-15 12:11,Electronics,East,Card,2,7332.0,0,14664.0,4.0
ORD-00279,2024-03-15 12:12,Groceries,East,UPI,5,344.0,0,1720.0,5.0
ORD-00280,2024-03-15 16:33,Home,South,Cash,1,1350.0,10,1215.0,3.0
ORD-00281,2024-03-16 09:02,Clothing,North,Net Banking,4,978.0,10,3520.8,4.0
ORD-00282,2024-03-16 11:10,Electronics,South,UPI,5,7224.0,0,36120.0,4.0
ORD-00283,2024-03-16 14:49,Electronics,East,UPI,3,4406.0,0,13218.0,3.0
ORD-00284,2024-03-16 17:04,Groceries,North,UPI,4,350.0,5,1330.0,5.0
ORD-00285,2024-03-17 09:00,Clothing,East,Card,3,1718.0,10,4638.6,3.0
ORD-00286,2024-03-17 09:46,Home,North,Card,4,1881.0,0,7524.0,5.0
ORD-00287,2024-03-18 09:33,Clothing,West,UPI,4,812.0,5,3085.6,5.0
ORD-00288,2024-03-18 12:07,Electronics,East,UPI,2,9920.0,5,18848.0,3.0
ORD-00289,2024-03-18 13:42,Beauty,South,Card,4,1070.0,0,4280.0,
ORD-00290,2024-03-18 17:15,Beauty,West,UPI,5,805.0,0,4025.0,1.0
ORD-00291,2024-03-18 17:58,Groceries,East,UPI,2,484.0,20,774.4,3.0
ORD-00292,2024-03-19 16:34,Beauty,North,Card,2,644.0,15,1094.8,3.0
ORD-00293,2024-03-19 18:44,Electronics,South,UPI,2,7304.0,0,14608.0,5.0
ORD-00294,2024-03-19 19:36,Groceries,South,UPI,5,306.0,15,1300.5,5.0
ORD-00295,2024-03-20 10:26,Clothing,South,UPI,5,712.0,10,3204.0,3.0
ORD-00296,2024-03-20 11:15,Groceries,South,UPI,2,622.0,20,995.2,4.0
ORD-00297,2024-03-20 13:52,Home,South,UPI,5,1040.0,20,4160.0,
ORD-00298,2024-03-20 16:59,Home,North,UPI,4,1961.0,10,7059.6,4.0
ORD-00299,2024-03-20 19:35,Electronics,North,UPI,3,6515.0,5,18567.75,2.0
ORD-00300,2024-03-21 15:40,Clothing,North,Cash,5,1386.0,0,6930.0,4.0
ORD-00301,2024-03-21 19:48,Beauty,North,Cash,5,681.0,5,3234.75,4.0
ORD-00302,2024-03-22 09:59,Groceries,South,UPI,5,342.0,0,1710.0,3.0
ORD-00303,2024-03-22 21:25,Clothing,North,Card,3,1250.0,10,3375.0,4.0
ORD-00304,2024-03-22 21:34,Clothing,North,UPI,2,1373.0,0,2746.0,5.0
ORD-00305,2024-03-23 09:03,Clothing,West,Cash,1,1199.0,15,1019.15,4.0
ORD-00306,2024-03-23 09:07,Clothing,South,UPI,5,1175.0,20,4700.0,4.0
ORD-00307,2024-03-23 09:27,Clothing,West,UPI,4,724.0,0,2896.0,5.0
ORD-00308,2024-03-23 10:37,Groceries,West,UPI,4,561.0,10,2019.6,4.0
ORD-00309,2024-03-23 18:48,Groceries,South,UPI,1,406.0,15,345.1,5.0
ORD-00310,2024-03-23 21:56,Groceries,East,UPI,5,372.0,5,1767.0,2.0
ORD-00311,2024-03-24 09:43,Electronics,North,UPI,1,4876.0,20,3900.8,4.0
ORD-00312,2024-03-24 11:13,Electronics,East,Card,3,4193.0,5,11950.05,4.0
ORD-00313,2024-03-24 15:31,Clothing,South,UPI,5,1510.0,0,7550.0,4.0
ORD-00314,2024-03-24 18:57,Home,East,UPI,2,1714.0,5,3256.6,4.0
ORD-00315,2024-03-24 19:07,Home,North,Cash,3,2135.0,5,6084.75,4.0
ORD-00316,2024-03-26 10:14,Electronics,West,UPI,5,3566.0,0,17830.0,4.0
ORD-00317,2024-03-26 11:15,Groceries,South,UPI,2,512.0,10,921.6,4.0
ORD-00318,2024-03-26 12:55,Groceries,East,Card,1,445.0,10,400.5,5.0
ORD-00319,2024-03-26 15:08,Groceries,West,UPI,3,341.0,0,1023.0,4.0
ORD-00320,2024-03-26 18:54,Groceries,West,Cash,4,399.0,5,1516.2,5.0
ORD-00321,2024-03-26 20:25,Beauty,South,UPI,3,856.0,0,2568.0,5.0
ORD-00322,2024-03-27 11:05,Electronics,South,UPI,3,3593.0,5,10240.05,5.0
ORD-00323,2024-03-27 11:58,Groceries,East,Cash,4,526.0,5,1998.8,3.0
ORD-00324,2024-03-27 21:34,Groceries,South,Cash,1,401.0,0,401.0,5.0
ORD-00325,2024-03-28 10:45,Groceries,South,Cash,2,276.0,15,469.2,4.0
ORD-00326,2024-03-28 11:18,Electronics,East,UPI,5,4026.0,20,16104.0,4.0
ORD-00327,2024-03-28 13:30,Groceries,West,Card,2,454.0,5,862.6,5.0
ORD-00328,2024-03-28 19:10,Electronics,South,Net Banking,5,6380.0,10,28710.0,3.0
ORD-00329,2024-03-29 20:25,Groceries,North,Card,3,401.0,20,962.4,3.0
ORD-00330,2024-03-29 20:41,Groceries,East,Net Banking,5,353.0,0,1765.0,
ORD-00331,2024-03-29 21:48,Clothing,South,Card,4,839.0,0,3356.0,5.0
ORD-00332,2024-03-30 19:33,Beauty,West,Cash,3,807.0,0,2421.0,4.0
ORD-00333,2024-03-31 09:14,Home,East,UPI,5,1693.0,5,8041.75,5.0
ORD-00334,2024-03-31 14:15,Groceries,South,Net Banking,2,348.0,0,696.0,1.0
ORD-00335,2024-03-31 14:16,Beauty,East,Cash,2,1199.0,5,2278.1,3.0
ORD-00336,2024-03-31 17:26,Home,West,Cash,4,2269.0,5,8622.2,2.0
ORD-00337,2024-03-31 18:19,Electronics,South,Net Banking,5,7668.0,0,38340.0,5.0
ORD-00338,2024-03-31 19:34,Groceries,North,Cash,1,636.0,0,636.0,
ORD-00339,2024-03-31 20:39,Groceries,East,Card,5,390.0,0,1950.0,5.0
ORD-00340,2024-03-31 20:41,Groceries,North,Card,3,363.0,5,1034.55,4.0
ORD-00341,2024-04-01 10:52,Beauty,West,Cash,2,557.0,0,1114.0,5.0
ORD-00342,2024-04-01 11:26,Groceries,North,Cash,1,302.0,0,302.0,4.0
ORD-00343,2024-04-01 14:49,Electronics,South,Card,1,2315.0,0,2315.0,4.0
ORD-00344,2024-04-02 09:37,Groceries,West,Card,3,433.0,10,1169.1,1.0
ORD-00345,2024-04-02 12:43,Home,North,Cash,4,1116.0,0,4464.0,4.0
ORD-00346,2024-04-03 10:45,Clothing,North,UPI,1,1525.0,10,1372.5,4.0
ORD-00347,2024-04-03 12:21,Electronics,North,Cash,5,5923.0,15,25172.75,
ORD-00348,2024-04-03 15:26,Clothing,West,Card,3,1246.0,5,3551.1,5.0
ORD-00349,2024-04-03 16:45,Groceries,West,Cash,1,346.0,0,346.0,1.0
ORD-00350,2024-04-03 19:39,Electronics,South,UPI,5,8495.0,10,38227.5,3.0
ORD-00351,2024-04-03 21:36,Clothing,East,Card,1,1635.0,0,1635.0,4.0
ORD-00352,2024-04-03 21:55,Electronics,East,UPI,4,5948.0,15,20223.2,4.0
ORD-00353,2024-04-04 11:50,Groceries,North,Card,4,256.0,10,921.6,
ORD-00354,2024-04-04 14:34,Electronics,North,Cash,5,7663.0,5,36399.25,5.0
ORD-00355,2024-04-04 14:46,Electronics,West,Card,5,4246.0,0,21230.0,3.0
ORD-00356,2024-04-05 10:00,Groceries,North,Card,5,187.0,10,841.5,4.0
ORD-00357,2024-04-05 11:53,Electronics,South,UPI,1,6897.0,5,6552.15,2.0
ORD-00358,2024-04-05 18:50,Electronics,North,Card,2,8193.0,0,16386.0,2.0
ORD-00359,2024-04-05 19:11,Groceries,South,Cash,2,307.0,10,552.6,4.0
ORD-00360,2024-04-06 10:34,Electronics,North,Cash,2,6728.0,0,13456.0,5.0
ORD-00361,2024-04-06 16:55,Electronics,North,UPI,2,5252.0,15,8928.4,4.0
ORD-00362,2024-04-06 18:25,Clothing,North,Card,2,1460.0,15,2482.0,3.0
ORD-00363,2024-04-06 20:58,Clothing,West,Cash,5,1594.0,0,7970.0,1.0
ORD-00364,2024-04-07 10:20,Groceries,North,Card,5,322.0,0,1610.0,5.0
ORD-00365,2024-04-07 12:17,Beauty,South,Card,4,484.0,0,1936.0,3.0
ORD-00366,2024-04-07 12:41,Clothing,South,Net Banking,3,675.0,15,1721.25,4.0
ORD-00367,2024-04-07 14:46,Groceries,South,Cash,3,447.0,0,1341.0,1.0
ORD-00368,2024-04-07 17:20,Beauty,East,UPI,4,461.0,0,1844.0,2.0
ORD-00369,2024-04-07 17:44,Groceries,South,Card,5,389.0,10,1750.5,3.0
ORD-00370,2024-04-08 10:23,Home,East,Card,3,2220.0,0,6660.0,2.0
ORD-00371,2024-04-08 12:16,Groceries,South,Cash,3,297.0,0,891.0,4.0
ORD-00372,2024-04-08 14:11,Groceries,West,UPI,5,333.0,10,1498.5,4.0
ORD-00373,2024-04-09 09:20,Beauty,West,UPI,5,910.0,5,4322.5,5.0
ORD-00374,2024-04-09 15:52,Electronics,North,Card,2,4545.0,5,8635.5,2.0
ORD-00375,2024-04-09 17:12,Beauty,East,Card,2,509.0,0,1018.0,4.0
ORD-00376,2024-04-09 21:05,Groceries,East,UPI,2,325.0,5,617.5,4.0
ORD-00377,2024-04-09 21:32,Groceries,West,Net Banking,1,484.0,5,459.8,3.0
ORD-00378,2024-04-09 21:48,Groceries,West,UPI,4,519.0,5,1972.2,2.0
ORD-00379,2024-04-10 10:45,Clothing,East,UPI,3,1164.0,20,2793.6,1.0
ORD-00380,2024-04-10 13:33,Electronics,South,UPI,1,4718.0,0,4718.0,1.0
ORD-00381,2024-04-11 14:29,Beauty,North,UPI,2,923.0,5,1753.7,4.0
ORD-00382,2024-04-11 14:42,Groceries,West,UPI,3,175.0,15,446.25,2.0
ORD-00383,2024-04-11 15:15,Home,West,UPI,5,1934.0,0,9670.0,4.0
ORD-00384,2024-04-11 17:44,Clothing,North,UPI,4,1184.0,20,3788.8,4.0
ORD-00385,2024-04-11 21:00,Clothing,South,Card,3,1666.0,5,4748.1,4.0
ORD-00386,2024-04-12 13:22,Clothing,North,UPI,1,1702.0,0,1702.0,3.0
ORD-00387,2024-04-12 15:15,Clothing,North,Card,2,861.0,0,1722.0,4.0
ORD-00388,2024-04-12 16:19,Groceries,South,Net Banking,4,368.0,0,1472.0,4.0
ORD-00389,2024-04-12 17:17,Beauty,South,Net Banking,4,580.0,20,1856.0,5.0
ORD-00390,2024-04-13 10:24,Home,East,UPI,5,1642.0,20,6568.0,1.0
ORD-00391,2024-04-13 10:56,Groceries,North,UPI,3,415.0,5,1182.75,2.0
ORD-00392,2024-04-13 12:29,Clothing,East,Card,2,1079.0,0,2158.0,5.0
ORD-00393,2024-04-13 18:50,Groceries,South,UPI,3,370.0,5,1054.5,3.0
ORD-00394,2024-04-14 10:04,Groceries,East,Cash,5,451.0,5,2142.25,
ORD-00395,2024-04-14 12:30,Groceries,North,Card,1,509.0,0,509.0,5.0
ORD-00396,2024-04-14 16:07,Groceries,South,UPI,5,380.0,0,1900.0,4.0
ORD-00397,2024-04-14 18:49,Electronics,East,UPI,5,6212.0,0,31060.0,4.0
ORD-00398,2024-04-15 16:41,Electronics,East,Cash,5,4007.0,0,20035.0,1.0
ORD-00399,2024-04-16 15:53,Beauty,South,Card,4,1033.0,10,3718.8,3.0
ORD-00400,2024-04-16 17:25,Groceries,South,Cash,3,402.0,0,1206.0,3.0
ORD-00401,2024-04-16 17:55,Beauty,West,Cash,5,729.0,0,3645.0,5.0
ORD-00402,2024-04-16 19:33,Clothing,South,Card,1,1231.0,0,1231.0,4.0
ORD-00403,2024-04-16 20:58,Groceries,North,UPI,4,388.0,10,1396.8,4.0
ORD-00404,2024-04-17 10:49,Clothing,West,Card,3,1478.0,10,3990.6,5.0
ORD-00405,2024-04-17 11:18,Beauty,West,UPI,3,888.0,0,2664.0,
ORD-00406,2024-04-17 12:51,Clothing,North,Card,3,1780.0,15,4539.0,2.0
ORD-00407,2024-04-17 21:42,Groceries,West,UPI,1,375.0,10,337.5,4.0
ORD-00408,2024-04-18 20:24,Electronics,North,Net Banking,5,9158.0,0,45790.0,4.0
ORD-00409,2024-04-19 12:40,Electronics,West,Cash,4,7904.0,0,31616.0,5.0
ORD-00410,2024-04-19 18:01,Electronics,East,UPI,4,5892.0,20,18854.4,5.0
ORD-00411,2024-04-19 19:56,Groceries,South,Cash,1,175.0,5,166.25,5.0
ORD-00412,2024-04-20 13:40,Home,West,Cash,4,1846.0,0,7384.0,4.0
ORD-00413,2024-04-20 19:14,Beauty,West,Cash,5,1027.0,5,4878.25,2.0
ORD-00414,2024-04-20 19:40,Groceries,North,UPI,5,269.0,0,1345.0,4.0
ORD-00415,2024-04-21 12:47,Groceries,East,Card,2,359.0,10,646.2,4.0
ORD-00416,2024-04-21 14:50,Home,East,Card,1,1889.0,10,1700.1,4.0
ORD-00417,2024-04-21 17:40,Electronics,South,UPI,2,7696.0,15,13083.2,4.0
ORD-00418,2024-04-22 09:05,Home,North,Card,1,1591.0,10,1431.9,4.0
ORD-00419,2024-04-22 17:12,Home,North,UPI,3,1331.0,10,3593.7,
ORD-00420,2024-04-23 13:37,Groceries,West,Cash,3,410.0,0,1230.0,5.0
ORD-00421,2024-04-23 14:19,Electronics,South,Net Banking,3,4662.0,15,11888.1,3.0
ORD-00422,2024-04-24 15:15,Clothing,South,UPI,5,539.0,0,2695.0,5.0
ORD-00423,2024-04-24 16:21,Clothing,South,UPI,4,1863.0,0,7452.0,4.0
ORD-00424,2024-04-25 12:56,Beauty,North,UPI,3,895.0,20,2148.0,
ORD-00425,2024-04-25 15:03,Groceries,North,Cash,4,548.0,20,1753.6,4.0
ORD-00426,2024-04-25 16:38,Groceries,North,UPI,2,442.0,5,839.8,4.0
ORD-00427,2024-04-25 20:08,Groceries,North,Cash,4,421.0,5,1599.8,
ORD-00428,2024-04-25 21:57,Home,West,Cash,5,2000.0,0,10000.0,2.0
ORD-00429,2024-04-26 09:29,Clothing,North,UPI,5,1133.0,10,5098.5,5.0
ORD-00430,2024-04-26 11:02,Electronics,North,Cash,3,6922.0,0,20766.0,5.0
ORD-00431,2024-04-26 14:25,Groceries,South,Card,3,292.0,0,876.0,4.0
ORD-00432,2024-04-26 15:53,Clothing,West,UPI,2,815.0,5,1548.5,1.0
ORD-00433,2024-04-26 18:56,Clothing,North,Cash,3,1080.0,15,2754.0,2.0
ORD-00434,2024-04-27 09:11,Groceries,North,Card,5,486.0,20,1944.0,3.0
ORD-00435,2024-04-27 13:22,Clothing,East,UPI,5,756.0,20,3024.0,2.0
ORD-00436,2024-04-27 18:32,Beauty,South,Card,4,445.0,10,1602.0,2.0
ORD-00437,2024-04-27 18:57,Home,South,Card,2,2119.0,0,4238.0,5.0
ORD-00438,2024-04-28 10:08,Beauty,North,Card,2,613.0,0,1226.0,4.0
ORD-00439,2024-04-29 12:04,Beauty,West,UPI,2,802.0,5,1523.8,5.0
ORD-00440,2024-04-29 20:00,Clothing,South,Card,1,1556.0,0,1556.0,4.0
ORD-00441,2024-04-30 10:56,Clothing,West,UPI,1,1366.0,10,1229.4,
ORD-00442,2024-04-30 12:25,Groceries,West,Card,4,284.0,0,1136.0,5.0
ORD-00443,2024-05-01 10:21,Electronics,East,UPI,4,8309.0,15,28250.6,3.0
ORD-00444,2024-05-01 18:34,Beauty,North,Card,1,856.0,0,856.0,4.0
ORD-00445,2024-05-02 09:13,Electronics,East,Cash,4,6048.0,0,24192.0,5.0
ORD-00446,2024-05-02 10:17,Groceries,South,UPI,1,348.0,10,313.2,5.0
ORD-00447,2024-05-02 12:55,Groceries,North,UPI,2,389.0,5,739.1,4.0
ORD-00448,2024-05-02 17:53,Beauty,North,Cash,2,634.0,0,1268.0,5.0
ORD-00449,2024-05-02 19:01,Groceries,North,UPI,1,179.0,10,161.1,4.0
ORD-00450,2024-05-02 21:21,Groceries,West,UPI,4,429.0,5,1630.2,3.0
ORD-00451,2024-05-03 14:02,Clothing,East,Card,1,1449.0,0,1449.0,3.0
ORD-00452,2024-05-03 17:11,Groceries,East,Card,3,108.0,5,307.8,4.0
ORD-00453,2024-05-03 20:12,Groceries,East,UPI,3,404.0,20,969.6,3.0
ORD-00454,2024-05-04 19:30,Groceries,East,Cash,3,534.0,0,1602.0,1.0
ORD-00455,2024-05-04 21:30,Home,West,UPI,1,1191.0,5,1131.45,2.0
ORD-00456,2024-05-05 15:29,Electronics,North,Cash,3,5868.0,0,17604.0,5.0
ORD-00457,2024-05-06 11:05,Clothing,North,Cash,4,1134.0,5,4309.2,5.0
ORD-00458,2024-05-06 16:48,Beauty,South,UPI,2,1049.0,20,1678.4,5.0
ORD-00459,2024-05-07 11:06,Clothing,West,Cash,5,1604.0,0,8020.0,4.0
ORD-00460,2024-05-07 16:13,Groceries,West,Card,3,258.0,15,657.9,5.0
ORD-00461,2024-05-07 20:05,Groceries,West,Net Banking,4,386.0,15,1312.4,4.0
ORD-00462,2024-05-07 20:07,Beauty,East,Cash,1,1184.0,0,1184.0,4.0
ORD-00463,2024-05-08 09:14,Electronics,North,UPI,5,4876.0,10,21942.0,4.0
ORD-00464,2024-05-09 10:43,Clothing,North,Card,3,1196.0,20,2870.4,3.0
ORD-00465,2024-05-09 17:11,Home,South,Card,5,2077.0,20,8308.0,4.0
ORD-00466,2024-05-09 19:13,Groceries,East,Cash,4,286.0,10,1029.6,4.0
ORD-00467,2024-05-09 21:07,Groceries,South,Card,4,535.0,0,2140.0,5.0
ORD-00468,2024-05-10 10:57,Clothing,North,Cash,1,1030.0,0,1030.0,3.0
ORD-00469,2024-05-10 15:49,Clothing,South,UPI,3,700.0,0,2100.0,2.0
ORD-00470,2024-05-10 19:32,Beauty,West,Net Banking,4,590.0,10,2124.0,4.0
ORD-00471,2024-05-10 19:42,Groceries,North,UPI,5,419.0,0,2095.0,3.0
ORD-00472,2024-05-10 21:49,Beauty,East,UPI,2,532.0,10,957.6,5.0
ORD-00473,2024-05-11 09:23,Beauty,North,UPI,3,763.0,10,2060.1,4.0
ORD-00474,2024-05-11 11:40,Groceries,South,Net Banking,1,409.0,0,409.0,4.0
ORD-00475,2024-05-11 16:00,Groceries,East,Cash,3,223.0,20,535.2,
ORD-00476,2024-05-11 18:16,Groceries,North,UPI,3,291.0,0,873.0,4.0
ORD-00477,2024-05-12 21:28,Home,East,Net Banking,1,1988.0,0,1988.0,3.0
ORD-00478,2024-05-13 14:16,Groceries,East,UPI,5,424.0,15,1802.0,4.0
ORD-00479,2024-05-13 21:33,Electronics,South,UPI,4,5030.0,0,20120.0,3.0
ORD-00480,2024-05-14 09:22,Beauty,West,UPI,1,732.0,0,732.0,4.0
ORD-00481,2024-05-14 21:05,Groceries,East,UPI,5,320.0,20,1280.0,5.0
ORD-00482,2024-05-15 12:06,Home,South,Card,4,2193.0,20,7017.6,3.0
ORD-00483,2024-05-15 12:41,Clothing,North,UPI,4,1387.0,15,4715.8,4.0
ORD-00484,2024-05-15 15:23,Groceries,South,UPI,5,311.0,0,1555.0,5.0
ORD-00485,2024-05-15 17:35,Groceries,South,UPI,3,400.0,0,1200.0,4.0
ORD-00486,2024-05-16 17:55,Home,North,UPI,2,1577.0,0,3154.0,4.0
ORD-00487,2024-05-17 13:21,Electronics,East,Card,4,6823.0,0,27292.0,4.0
ORD-00488,2024-05-17 14:32,Clothing,West,Card,5,1370.0,20,5480.0,4.0
ORD-00489,2024-05-17 18:19,Home,North,UPI,5,3080.0,0,15400.0,4.0
ORD-00490,2024-05-17 21:34,Beauty,East,UPI,4,629.0,10,2264.4,3.0
ORD-00491,2024-05-18 09:30,Electronics,East,Card,4,5746.0,0,22984.0,4.0
ORD-00492,2024-05-18 12:08,Clothing,East,Cash,1,967.0,5,918.65,
ORD-00493,2024-05-18 16:25,Groceries,West,Card,3,242.0,0,726.0,4.0
ORD-00494,2024-05-18 17:55,Clothing,South,Card,2,1036.0,0,2072.0,5.0
ORD-00495,2024-05-18 19:55,Electronics,South,Net Banking,2,7197.0,0,14394.0,3.0
ORD-00496,2024-05-19 11:08,Groceries,North,Cash,5,427.0,20,1708.0,4.0
ORD-00497,2024-05-19 18:20,Groceries,North,UPI,2,381.0,10,685.8,4.0
ORD-00498,2024-05-19 21:26,Clothing,South,Cash,5,1094.0,10,4923.0,4.0
ORD-00499,2024-05-20 11:04,Clothing,North,Card,5,1022.0,0,5110.0,5.0
ORD-00500,2024-05-20 16:14,Beauty,North,Card,3,507.0,10,1368.9,3.0
ORD-00501,2024-05-20 16:37,Groceries,North,Card,1,292.0,10,262.8,4.0
ORD-00502,2024-05-20 20:12,Home,North,UPI,4,1101.0,5,4183.8,4.0
ORD-00503,2024-05-21 19:12,Clothing,South,Cash,5,1689.0,10,7600.5,4.0
ORD-00504,2024-05-21 20:10,Home,North,UPI,3,2792.0,15,7119.6,5.0
ORD-00505,2024-05-22 20:41,Home,North,UPI,1,755.0,20,604.0,5.0
ORD-00506,2024-05-23 11:31,Clothing,East,UPI,3,1304.0,20,3129.6,1.0
ORD-00507,2024-05-23 17:24,Groceries,East,Cash,5,379.0,5,1800.25,5.0
ORD-00508,2024-05-23 20:22,Groceries,West,UPI,3,372.0,0,1116.0,5.0
ORD-00509,2024-05-24 10:29,Clothing,West,UPI,3,987.0,0,2961.0,4.0
ORD-00510,2024-05-24 15:51,Home,West,Cash,3,2352.0,0,7056.0,3.0
ORD-00511,2024-05-24 16:14,Clothing,East,UPI,4,1348.0,0,5392.0,5.0
ORD-00512,2024-05-24 17:25,Groceries,North,UPI,2,459.0,0,918.0,5.0
ORD-00513,2024-05-24 19:38,Beauty,North,Card,4,545.0,10,1962.0,3.0
ORD-00514,2024-05-24 21:34,Electronics,West,UPI,5,3510.0,5,16672.5,3.0
ORD-00515,2024-05-25 09:20,Electronics,West,UPI,4,6783.0,10,24418.8,5.0
ORD-00516,2024-05-25 09:27,Electronics,South,UPI,5,4267.0,20,17068.0,
ORD-00517,2024-05-25 11:46,Beauty,South,UPI,4,921.0,0,3684.0,
ORD-00518,2024-05-25 11:55,Electronics,North,UPI,5,2172.0,0,10860.0,5.0
ORD-00519,2024-05-25 19:05,Electronics,North,Cash,1,5157.0,10,4641.3,4.0
ORD-00520,2024-05-25 20:56,Groceries,South,UPI,2,285.0,5,541.5,4.0
ORD-00521,2024-05-26 19:49,Home,North,Card,2,1621.0,5,3079.9,4.0
ORD-00522,2024-05-27 09:58,Groceries,South,UPI,5,377.0,15,1602.25,2.0
ORD-00523,2024-05-27 14:18,Beauty,East,Net Banking,2,783.0,0,1566.0,
ORD-00524,2024-05-27 16:24,Electronics,West,Cash,5,7152.0,5,33972.0,5.0
ORD-00525,2024-05-27 16:40,Groceries,West,UPI,4,429.0,20,1372.8,3.0
ORD-00526,2024-05-27 19:52,Groceries,North,Cash,1,332.0,5,315.4,3.0
ORD-00527,2024-05-28 13:15,Clothing,South,UPI,4,1959.0,5,7444.2,2.0
ORD-00528,2024-05-28 19:12,Home,East,UPI,2,2549.0,0,5098.0,3.0
ORD-00529,2024-05-29 10:35,Groceries,South,UPI,2,317.0,0,634.0,3.0
ORD-00530,2024-05-29 11:00,Clothing,West,Card,5,1151.0,0,5755.0,4.0
ORD-00531,2024-05-29 11:03,Electronics,North,UPI,4,5401.0,5,20523.8,5.0
ORD-00532,2024-05-29 11:49,Electronics,North,UPI,4,6654.0,5,25285.2,4.0
ORD-00533,2024-05-29 14:50,Home,South,Cash,2,1275.0,20,2040.0,4.0
ORD-00534,2024-05-29 20:15,Clothing,South,Cash,4,916.0,10,3297.6,3.0
ORD-00535,2024-05-30 09:37,Beauty,South,Cash,2,245.0,0,490.0,3.0
ORD-00536,2024-05-30 10:08,Electronics,South,Card,4,5282.0,15,17958.8,5.0
ORD-00537,2024-05-30 17:08,Beauty,North,Card,2,924.0,0,1848.0,4.0
ORD-00538,2024-05-30 21:55,Home,South,Card,4,1718.0,10,6184.8,5.0
ORD-00539,2024-05-31 17:53,Electronics,East,UPI,4,5827.0,0,23308.0,4.0
ORD-00540,2024-06-01 15:06,Electronics,North,Cash,2,6501.0,10,11701.8,4.0
ORD-00541,2024-06-01 16:53,Home,West,UPI,1,1259.0,20,1007.2,4.0
ORD-00542,2024-06-01 17:34,Electronics,East,Cash,1,6046.0,0,6046.0,3.0
ORD-00543,2024-06-02 10:18,Clothing,North,UPI,5,1521.0,5,7224.75,5.0
ORD-00544,2024-06-02 10:37,Home,North,UPI,5,1966.0,5,9338.5,4.0
ORD-00545,2024-06-02 13:42,Beauty,North,UPI,4,905.0,0,3620.0,4.0
ORD-00546,2024-06-02 21:11,Home,North,Cash,1,2483.0,0,2483.0,3.0
ORD-00547,2024-06-02 21:43,Home,East,UPI,3,2158.0,10,5826.6,4.0
ORD-00548,2024-06-03 20:27,Groceries,West,Card,3,275.0,0,825.0,5.0
ORD-00549,2024-06-03 20:38,Home,North,UPI,2,1614.0,0,3228.0,4.0
ORD-00550,2024-06-03 20:43,Clothing,North,Card,2,1895.0,10,3411.0,5.0
ORD-00551,2024-06-04 12:14,Home,West,Card,4,1970.0,10,7092.0,3.0
ORD-00552,2024-06-04 18:20,Groceries,South,Net Banking,5,369.0,0,1845.0,5.0
ORD-00553,2024-06-05 14:01,Groceries,South,UPI,5,260.0,20,1040.0,5.0
ORD-00554,2024-06-05 15:32,Beauty,South,UPI,2,681.0,15,1157.7,5.0
ORD-00555,2024-06-05 17:45,Groceries,North,UPI,3,425.0,20,1020.0,5.0
ORD-00556,2024-06-06 13:21,Groceries,North,Card,3,352.0,5,1003.2,4.0
ORD-00557,2024-06-06 14:59,Groceries,West,Cash,2,295.0,0,590.0,4.0
ORD-00558,2024-06-06 18:38,Clothing,East,UPI,3,1097.0,0,3291.0,5.0
ORD-00559,2024-06-06 19:11,Clothing,North,Net Banking,2,1629.0,20,2606.4,5.0
ORD-00560,2024-06-06 21:20,Beauty,West,UPI,1,840.0,15,714.0,4.0
ORD-00561,2024-06-07 16:18,Clothing,South,Cash,3,1392.0,10,3758.4,5.0
ORD-00562,2024-06-07 17:34,Groceries,North,Card,2,396.0,5,752.4,4.0
ORD-00563,2024-06-08 20:41,Groceries,West,Net Banking,2,226.0,0,452.0,3.0
ORD-00564,2024-06-09 10:04,Home,East,Card,4,1947.0,10,7009.2,1.0
ORD-00565,2024-06-09 10:12,Home,East,Card,4,2377.0,0,9508.0,4.0
ORD-00566,2024-06-09 10:43,Electronics,North,UPI,1,5530.0,5,5253.5,4.0
ORD-00567,2024-06-09 20:11,Clothing,North,UPI,2,1552.0,10,2793.6,4.0
ORD-00568,2024-06-10 11:59,Groceries,West,Cash,1,407.0,10,366.3,4.0
ORD-00569,2024-06-11 15:21,Electronics,North,UPI,5,7490.0,5,35577.5,4.0
ORD-00570,2024-06-11 18:00,Groceries,West,Cash,5,355.0,10,1597.5,3.0
ORD-00571,2024-06-11 19:14,Clothing,East,UPI,3,1519.0,0,4557.0,2.0
ORD-00572,2024-06-12 10:53,Electronics,South,UPI,5,3364.0,0,16820.0,3.0
ORD-00573,2024-06-12 11:00,Beauty,West,Card,4,707.0,0,2828.0,4.0
ORD-00574,2024-06-12 11:27,Beauty,West,UPI,5,850.0,0,4250.0,5.0
ORD-00575,2024-06-12 12:26,Groceries,West,Card,5,381.0,0,1905.0,5.0
ORD-00576,2024-06-12 12:46,Clothing,South,Net Banking,3,1594.0,0,4782.0,2.0
ORD-00577,2024-06-13 10:03,Beauty,South,UPI,3,667.0,5,1900.95,5.0
ORD-00578,2024-06-13 12:48,Groceries,South,UPI,4,293.0,5,1113.4,4.0
ORD-00579,2024-06-13 19:21,Beauty,North,UPI,1,356.0,5,338.2,3.0
ORD-00580,2024-06-14 12:27,Electronics,West,Card,2,5509.0,10,9916.2,5.0
ORD-00581,2024-06-15 09:53,Electronics,West,Cash,3,6930.0,0,20790.0,5.0
ORD-00582,2024-06-15 10:42,Groceries,North,Net Banking,2,430.0,0,860.0,
ORD-00583,2024-06-15 12:50,Beauty,East,UPI,3,406.0,0,1218.0,4.0
ORD-00584,2024-06-15 14:10,Electronics,West,UPI,5,8116.0,0,40580.0,3.0
ORD-00585,2024-06-15 15:51,Clothing,East,UPI,4,849.0,10,3056.4,3.0
ORD-00586,2024-06-15 17:42,Groceries,North,UPI,5,337.0,15,1432.25,3.0
ORD-00587,2024-06-15 20:32,Beauty,North,Card,5,581.0,0,2905.0,1.0
ORD-00588,2024-06-16 17:16,Home,South,Net Banking,2,2025.0,5,3847.5,5.0
ORD-00589,2024-06-16 18:54,Beauty,West,UPI,4,720.0,0,2880.0,3.0
ORD-00590,2024-06-16 19:26,Groceries,North,Cash,2,421.0,0,842.0,4.0
ORD-00591,2024-06-17 17:18,Home,South,Card,5,2796.0,15,11883.0,5.0
ORD-00592,2024-06-17 17:34,Groceries,East,Cash,1,392.0,5,372.4,5.0
ORD-00593,2024-06-17 18:29,Electronics,West,Cash,2,4962.0,10,8931.6,3.0
ORD-00594,2024-06-17 21:44,Groceries,West,Cash,5,398.0,15,1691.5,2.0
ORD-00595,2024-06-18 12:47,Groceries,West,UPI,2,554.0,5,1052.6,4.0
ORD-00596,2024-06-18 17:54,Groceries,South,UPI,4,419.0,0,1676.0,3.0
ORD-00597,2024-06-18 19:02,Clothing,West,UPI,2,1540.0,10,2772.0,4.0
ORD-00598,2024-06-18 19:52,Home,East,UPI,2,939.0,10,1690.2,4.0
ORD-00599,2024-06-19 09:20,Home,East,Card,4,2009.0,5,7634.2,4.0
ORD-00600,2024-06-19 19:09,Clothing,North,Net Banking,4,1104.0,10,3974.4,3.0
ORD-00601,2024-06-20 09:46,Beauty,South,Card,2,557.0,5,1058.3,3.0
ORD-00602,2024-06-20 14:44,Clothing,North,UPI,5,1192.0,0,5960.0,5.0
ORD-00603,2024-06-20 17:39,Electronics,West,UPI,1,6196.0,10,5576.4,5.0
ORD-00604,2024-06-21 09:56,Electronics,North,Card,1,4876.0,0,4876.0,4.0
ORD-00605,2024-06-21 10:56,Groceries,South,UPI,5,370.0,0,1850.0,4.0
ORD-00606,2024-06-21 11:21,Electronics,West,UPI,1,5688.0,5,5403.6,4.0
ORD-00607,2024-06-22 10:08,Groceries,East,UPI,71,424.0,10,27093.6,2.0
ORD-00608,2024-06-22 10:25,Home,East,Cash,1,1923.0,15,1634.55,5.0
ORD-00609,2024-06-22 15:37,Groceries,East,UPI,2,389.0,10,700.2,3.0
ORD-00610,2024-06-22 16:03,Home,North,Net Banking,1,2329.0,10,2096.1,4.0
ORD-00611,2024-06-22 16:03,Beauty,North,Card,2,817.0,0,1634.0,3.0
ORD-00612,2024-06-22 20:49,Clothing,East,Card,2,1198.0,5,2276.2,5.0
ORD-00613,2024-06-23 13:04,Electronics,West,Cash,1,2244.0,0,2244.0,5.0
ORD-00614,2024-06-23 16:34,Clothing,South,Cash,4,1385.0,5,5263.0,5.0
ORD-00615,2024-06-24 13:24,Groceries,North,UPI,1,254.0,10,228.6,4.0
ORD-00616,2024-06-24 13:42,Clothing,North,UPI,3,1169.0,0,3507.0,4.0
ORD-00617,2024-06-24 19:00,Groceries,South,UPI,2,389.0,20,622.4,4.0
ORD-00618,2024-06-25 11:13,Groceries,North,UPI,4,490.0,5,1862.0,5.0
ORD-00619,2024-06-25 12:13,Groceries,North,UPI,2,543.0,10,977.4,4.0
ORD-00620,2024-06-25 13:56,Electronics,South,Card,3,4342.0,5,12374.7,4.0
ORD-00621,2024-06-26 10:45,Clothing,South,UPI,5,726.0,10,3267.0,
ORD-00622,2024-06-26 14:08,Clothing,East,Net Banking,1,1317.0,5,1251.15,3.0
ORD-00623,2024-06-26 17:20,Home,South,Cash,3,1931.0,0,5793.0,4.0
ORD-00624,2024-06-26 18:37,Groceries,South,Cash,3,224.0,20,537.6,3.0
ORD-00625,2024-06-26 19:56,Groceries,North,Card,4,348.0,10,1252.8,5.0
ORD-00626,2024-06-26 20:40,Groceries,East,UPI,3,413.0,5,1177.05,4.0
ORD-00627,2024-06-27 16:51,Groceries,North,UPI,4,221.0,10,795.6,5.0
ORD-00628,2024-06-28 20:25,Electronics,West,UPI,4,4210.0,0,16840.0,2.0
ORD-00629,2024-06-29 14:09,Clothing,North,Net Banking,4,968.0,10,3484.8,4.0
ORD-00630,2024-06-29 15:26,Electronics,East,UPI,4,5618.0,5,21348.4,
ORD-00631,2024-06-29 15:46,Electronics,South,UPI,5,7249.0,15,30808.25,5.0
ORD-00632,2024-06-29 17:04,Clothing,East,Cash,1,1082.0,0,1082.0,2.0
ORD-00633,2024-06-29 17:22,Home,East,UPI,3,1830.0,10,4941.0,
ORD-00634,2024-06-30 09:53,Electronics,North,Net Banking,5,10043.0,20,40172.0,2.0
ORD-00635,2024-06-30 12:54,Electronics,South,Net Banking,1,4279.0,20,3423.2,
ORD-00636,2024-06-30 14:32,Electronics,North,UPI,5,4825.0,10,21712.5,3.0
ORD-00637,2024-06-30 14:36,Clothing,South,Card,1,1444.0,10,1299.6,4.0
ORD-00638,2024-07-01 15:29,Clothing,West,UPI,4,1556.0,5,5912.8,3.0
ORD-00639,2024-07-01 16:07,Electronics,South,UPI,1,6747.0,0,6747.0,4.0
ORD-00640,2024-07-01 17:52,Clothing,East,Cash,4,1851.0,5,7033.8,2.0
ORD-00641,2024-07-01 21:46,Beauty,North,UPI,5,767.0,5,3643.25,4.0
ORD-00642,2024-07-02 11:49,Clothing,South,Net Banking,5,489.0,0,2445.0,1.0
ORD-00643,2024-07-02 17:03,Clothing,East,Net Banking,3,1235.0,10,3334.5,5.0
ORD-00644,2024-07-02 18:44,Groceries,North,Card,5,290.0,0,1450.0,4.0
ORD-00645,2024-07-02 20:31,Clothing,North,UPI,1,1698.0,5,1613.1,4.0
ORD-00646,2024-07-03 19:19,Groceries,North,UPI,2,451.0,5,856.9,3.0
ORD-00647,2024-07-04 19:28,Clothing,North,UPI,1,628.0,15,533.8,
ORD-00648,2024-07-05 14:17,Home,West,UPI,4,2529.0,0,10116.0,5.0
ORD-00649,2024-07-05 18:03,Beauty,North,UPI,5,897.0,0,4485.0,5.0
ORD-00650,2024-07-05 20:44,Groceries,North,UPI,5,316.0,5,1501.0,4.0
ORD-00651,2024-07-05 20:57,Clothing,North,Card,3,1172.0,5,3340.2,5.0
ORD-00652,2024-07-05 21:36,Groceries,North,UPI,1,496.0,0,496.0,3.0
ORD-00653,2024-07-06 11:57,Clothing,South,UPI,1,490.0,10,441.0,
ORD-00654,2024-07-06 15:17,Home,North,Card,4,2041.0,20,6531.2,4.0
ORD-00655,2024-07-06 17:57,Electronics,North,UPI,5,7968.0,10,35856.0,5.0
ORD-00656,2024-07-06 21:18,Groceries,North,UPI,5,341.0,0,1705.0,5.0
ORD-00657,2024-07-07 11:06,Clothing,East,UPI,4,1433.0,0,5732.0,3.0
ORD-00658,2024-07-07 13:07,Groceries,South,UPI,5,361.0,5,1714.75,4.0
ORD-00659,2024-07-07 14:23,Clothing,East,UPI,3,918.0,10,2478.6,5.0
ORD-00660,2024-07-08 10:30,Clothing,North,UPI,1,909.0,20,727.2,1.0
ORD-00661,2024-07-08 11:31,Groceries,South,Card,3,425.0,0,1275.0,4.0
ORD-00662,2024-07-08 14:22,Groceries,West,UPI,1,283.0,5,268.85,
ORD-00663,2024-07-08 19:35,Clothing,North,UPI,4,651.0,20,2083.2,4.0
ORD-00664,2024-07-09 10:09,Electronics,South,Cash,2,6220.0,0,12440.0,3.0
ORD-00665,2024-07-09 11:00,Home,North,Card,2,1523.0,20,2436.8,5.0
ORD-00666,2024-07-09 12:56,Groceries,North,UPI,1,224.0,5,212.8,5.0
ORD-00667,2024-07-09 14:12,Groceries,South,Net Banking,5,358.0,10,1611.0,4.0
ORD-00668,2024-07-10 14:41,Groceries,South,Cash,3,431.0,5,1228.35,5.0
ORD-00669,2024-07-10 16:23,Groceries,South,Card,4,352.0,15,1196.8,2.0
ORD-00670,2024-07-10 20:56,Groceries,South,UPI,3,238.0,20,571.2,3.0
ORD-00671,2024-07-11 19:00,Electronics,South,UPI,4,6867.0,0,27468.0,2.0
ORD-00672,2024-07-11 20:08,Groceries,South,UPI,3,459.0,10,1239.3,4.0
ORD-00673,2024-07-12 11:59,Groceries,West,Card,4,582.0,0,2328.0,4.0
ORD-00674,2024-07-12 16:59,Electronics,East,Net Banking,1,8595.0,0,8595.0,3.0
ORD-00675,2024-07-12 17:02,Groceries,North,Net Banking,5,244.0,5,1159.0,4.0
ORD-00676,2024-07-12 17:51,Clothing,North,UPI,3,1509.0,10,4074.3,4.0
ORD-00677,2024-07-13 11:51,Electronics,East,Net Banking,1,6462.0,0,6462.0,4.0
ORD-00678,2024-07-13 14:26,Home,North,Cash,5,1178.0,0,5890.0,4.0
ORD-00679,2024-07-13 18:14,Home,West,Card,1,1953.0,0,1953.0,4.0
ORD-00680,2024-07-14 10:24,Clothing,West,Net Banking,3,1891.0,0,5673.0,5.0
ORD-00681,2024-07-14 11:52,Groceries,North,UPI,4,476.0,0,1904.0,5.0
ORD-00682,2024-07-14 13:51,Electronics,West,UPI,2,4176.0,0,8352.0,
ORD-00683,2024-07-14 16:08,Groceries,North,Cash,2,351.0,15,596.7,5.0
ORD-00684,2024-07-14 17:25,Groceries,North,UPI,2,402.0,0,804.0,5.0
ORD-00685,2024-07-14 17:43,Home,West,Cash,4,866.0,20,2771.2,2.0
ORD-00686,2024-07-14 17:47,Clothing,East,Cash,3,590.0,0,1770.0,4.0
ORD-00687,2024-07-14 17:51,Clothing,South,Cash,3,1256.0,5,3579.6,4.0
ORD-00688,2024-07-14 19:09,Home,West,UPI,3,1891.0,0,5673.0,2.0
ORD-00689,2024-07-14 20:31,Electronics,North,Card,2,2690.0,0,5380.0,4.0
ORD-00690,2024-07-14 21:04,Electronics,East,UPI,5,6698.0,10,30141.0,3.0
ORD-00691,2024-07-14 21:22,Clothing,West,Cash,2,1591.0,0,3182.0,4.0
ORD-00692,2024-07-15 14:56,Groceries,West,Card,5,327.0,0,1635.0,5.0
ORD-00693,2024-07-15 17:06,Electronics,South,Card,4,6108.0,5,23210.4,4.0
ORD-00694,2024-07-16 14:27,Groceries,South,Cash,1,410.0,10,369.0,5.0
ORD-00695,2024-07-16 16:11,Clothing,West,Card,1,1358.0,0,1358.0,5.0
ORD-00696,2024-07-16 20:09,Groceries,North,Card,3,175.0,0,525.0,5.0
ORD-00697,2024-07-17 13:56,Beauty,West,Card,1,510.0,0,510.0,2.0
ORD-00698,2024-07-17 14:52,Clothing,South,Card,5,1057.0,5,5020.75,5.0
ORD-00699,2024-07-17 16:12,Groceries,North,Cash,3,260.0,20,624.0,1.0
ORD-00700,2024-07-17 16:43,Groceries,North,Cash,5,504.0,0,2520.0,5.0
ORD-00701,2024-07-17 16:44,Electronics,South,UPI,1,7142.0,0,7142.0,1.0
ORD-00702,2024-07-18 11:54,Home,North,UPI,1,1201.0,5,1140.95,3.0
ORD-00703,2024-07-18 15:45,Home,South,UPI,4,1684.0,20,5388.8,3.0
ORD-00704,2024-07-18 21:01,Home,West,UPI,5,2410.0,0,12050.0,5.0
ORD-00705,2024-07-18 21:18,Beauty,North,Cash,5,564.0,10,2538.0,
ORD-00706,2024-07-18 21:44,Groceries,East,Card,4,439.0,10,1580.4,
ORD-00707,2024-07-19 13:22,Groceries,South,UPI,4,495.0,0,1980.0,5.0
ORD-00708,2024-07-19 14:36,Electronics,East,Card,1,8189.0,10,7370.1,3.0
ORD-00709,2024-07-19 14:44,Beauty,South,UPI,4,738.0,5,2804.4,5.0
ORD-00710,2024-07-19 18:38,Groceries,West,Cash,4,481.0,0,1924.0,4.0
ORD-00711,2024-07-19 19:49,Clothing,South,UPI,2,1012.0,0,2024.0,5.0
ORD-00712,2024-07-20 10:42,Home,South,UPI,5,3142.0,0,15710.0,5.0
ORD-00713,2024-07-20 11:37,Groceries,North,UPI,5,375.0,0,1875.0,4.0
ORD-00714,2024-07-20 12:52,Beauty,South,UPI,5,941.0,10,4234.5,4.0
ORD-00715,2024-07-20 14:34,Home,North,Cash,5,1605.0,10,7222.5,4.0
ORD-00716,2024-07-20 15:13,Home,South,Card,3,2070.0,15,5278.5,5.0
ORD-00717,2024-07-21 14:39,Groceries,South,UPI,5,407.0,5,1933.25,4.0
ORD-00718,2024-07-21 17:15,Groceries,East,Card,1,252.0,0,252.0,5.0
ORD-00719,2024-07-21 21:06,Home,South,Card,2,1282.0,0,2564.0,5.0
ORD-00720,2024-07-22 09:05,Electronics,East,Cash,4,5632.0,10,20275.2,4.0
ORD-00721,2024-07-22 12:14,Electronics,North,UPI,1,7990.0,0,7990.0,4.0
ORD-00722,2024-07-22 13:17,Beauty,East,Cash,5,315.0,0,1575.0,4.0
ORD-00723,2024-07-23 11:38,Beauty,West,Card,1,624.0,10,561.6,3.0
ORD-00724,2024-07-23 13:56,Beauty,South,Card,2,975.0,10,1755.0,
ORD-00725,2024-07-24 16:21,Electronics,North,UPI,2,3782.0,0,7564.0,3.0
ORD-00726,2024-07-25 17:31,Clothing,East,UPI,3,1651.0,10,4457.7,5.0
ORD-00727,2024-07-25 18:02,Beauty,North,UPI,1,463.0,0,463.0,4.0
ORD-00728,2024-07-25 20:29,Electronics,South,Cash,5,4350.0,10,19575.0,5.0
ORD-00729,2024-07-25 20:40,Groceries,North,Card,5,335.0,10,1507.5,4.0
ORD-00730,2024-07-26 14:39,Clothing,South,Card,4,1874.0,10,6746.4,4.0
ORD-00731,2024-07-26 17:31,Home,West,Card,1,1454.0,0,1454.0,3.0
ORD-00732,2024-07-26 21:01,Groceries,North,UPI,2,168.0,5,319.2,5.0
ORD-00733,2024-07-27 09:45,Clothing,South,UPI,2,695.0,0,1390.0,4.0
ORD-00734,2024-07-27 14:10,Groceries,North,Card,4,448.0,5,1702.4,4.0
ORD-00735,2024-07-27 19:18,Electronics,North,UPI,5,3561.0,20,14244.0,5.0
ORD-00736,2024-07-27 19:41,Groceries,East,Net Banking,5,475.0,0,2375.0,4.0
ORD-00737,2024-07-27 20:25,Groceries,East,UPI,5,357.0,5,1695.75,3.0
ORD-00738,2024-07-28 11:54,Groceries,West,Card,4,347.0,0,1388.0,3.0
ORD-00739,2024-07-29 10:31,Clothing,North,UPI,2,1307.0,5,2483.3,4.0
ORD-00740,2024-07-29 13:07,Clothing,North,Cash,2,912.0,5,1732.8,3.0
ORD-00741,2024-07-29 13:49,Electronics,South,Cash,2,6248.0,5,11871.2,4.0
ORD-00742,2024-07-29 18:14,Beauty,South,UPI,1,449.0,10,404.1,3.0
ORD-00743,2024-07-29 18:23,Clothing,East,Card,5,1686.0,20,6744.0,4.0
ORD-00744,2024-07-29 21:46,Groceries,East,Net Banking,3,242.0,15,617.1,4.0
ORD-00745,2024-07-30 09:16,Clothing,West,Card,5,1358.0,20,5432.0,4.0
ORD-00746,2024-07-30 10:48,Beauty,North,UPI,5,483.0,0,2415.0,4.0
ORD-00747,2024-07-30 13:27,Home,West,Cash,4,1512.0,20,4838.4,4.0
ORD-00748,2024-07-30 17:55,Electronics,West,UPI,1,5327.0,0,5327.0,4.0
ORD-00749,2024-07-31 15:09,Groceries,North,UPI,3,663.0,0,1989.0,5.0
ORD-00750,2024-07-31 16:54,Groceries,South,Cash,3,348.0,5,991.8,4.0
ORD-00751,2024-07-31 20:46,Home,East,Net Banking,4,1356.0,0,5424.0,5.0
ORD-00752,2024-08-01 14:22,Beauty,South,UPI,3,607.0,10,1638.9,4.0
ORD-00753,2024-08-02 11:08,Groceries,North,UPI,4,192.0,0,768.0,4.0
ORD-00754,2024-08-02 11:44,Home,South,UPI,1,1712.0,5,1626.4,5.0
ORD-00755,2024-08-02 13:42,Groceries,South,Cash,1,544.0,0,544.0,3.0
ORD-00756,2024-08-02 13:54,Clothing,West,Cash,5,1321.0,0,6605.0,5.0
ORD-00757,2024-08-02 21:40,Groceries,West,Net Banking,3,445.0,15,1134.75,4.0
ORD-00758,2024-08-03 09:39,Groceries,West,UPI,5,254.0,5,1206.5,2.0
ORD-00759,2024-08-03 13:06,Clothing,South,UPI,5,1127.0,0,5635.0,4.0
ORD-00760,2024-08-03 15:09,Groceries,East,Card,1,371.0,10,333.9,5.0
ORD-00761,2024-08-03 15:17,Electronics,North,UPI,4,4694.0,15,15959.6,2.0
ORD-00762,2024-08-03 17:52,Clothing,South,UPI,1,1344.0,5,1276.8,3.0
ORD-00763,2024-08-03 17:53,Home,West,UPI,1,2132.0,0,2132.0,5.0
ORD-00764,2024-08-04 14:25,Electronics,West,Cash,2,6977.0,20,11163.2,4.0
ORD-00765,2024-08-04 15:43,Home,East,Card,4,1718.0,0,6872.0,3.0
ORD-00766,2024-08-04 17:55,Clothing,North,Cash,1,1593.0,0,1593.0,2.0
ORD-00767,2024-08-04 20:44,Groceries,North,UPI,4,323.0,0,1292.0,4.0
ORD-00768,2024-08-05 11:02,Beauty,East,Cash,2,627.0,0,1254.0,
ORD-00769,2024-08-05 12:41,Home,South,Card,2,2578.0,20,4124.8,4.0
ORD-00770,2024-08-05 15:19,Home,South,UPI,2,1202.0,20,1923.2,5.0
ORD-00771,2024-08-06 12:05,Clothing,West,Card,2,587.0,5,1115.3,2.0
ORD-00772,2024-08-06 20:09,Clothing,North,Cash,2,888.0,10,1598.4,3.0
ORD-00773,2024-08-06 20:38,Groceries,South,UPI,2,391.0,15,664.7,3.0
ORD-00774,2024-08-07 10:19,Home,North,Cash,3,2493.0,5,7105.05,4.0
ORD-00775,2024-08-07 19:55,Home,North,Card,5,1443.0,10,6493.5,2.0
ORD-00776,2024-08-07 20:19,Groceries,North,Card,3,541.0,20,1298.4,4.0
ORD-00777,2024-08-09 12:51,Clothing,North,Cash,1,1210.0,0,1210.0,5.0
ORD-00778,2024-08-09 13:35,Clothing,South,Cash,4,1158.0,0,4632.0,3.0
ORD-00779,2024-08-09 15:11,Beauty,South,Card,5,522.0,10,2349.0,5.0
ORD-00780,2024-08-09 17:52,Groceries,South,UPI,3,555.0,10,1498.5,5.0
ORD-00781,2024-08-09 18:39,Home,West,Card,3,1719.0,0,5157.0,4.0
ORD-00782,2024-08-09 19:27,Groceries,South,Cash,4,210.0,0,840.0,5.0
ORD-00783,2024-08-09 19:41,Beauty,East,Net Banking,5,1216.0,10,5472.0,5.0
ORD-00784,2024-08-10 09:29,Home,East,Cash,1,2013.0,5,1912.35,4.0
ORD-00785,2024-08-10 10:19,Clothing,South,Cash,5,1488.0,15,6324.0,4.0
ORD-00786,2024-08-10 18:06,Home,South,Card,5,2708.0,15,11509.0,2.0
ORD-00787,2024-08-11 15:07,Clothing,West,Cash,5,1421.0,5,6749.75,4.0
ORD-00788,2024-08-11 15:18,Clothing,South,UPI,3,1551.0,10,4187.7,5.0
ORD-00789,2024-08-11 19:16,Home,South,UPI,5,1829.0,10,8230.5,4.0
ORD-00790,2024-08-11 20:12,Clothing,South,Card,1,1464.0,0,1464.0,4.0
ORD-00791,2024-08-11 21:39,Clothing,West,Card,3,1188.0,5,3385.8,4.0
ORD-00792,2024-08-12 13:22,Groceries,South,Card,5,348.0,5,1653.0,5.0
ORD-00793,2024-08-12 13:38,Beauty,South,Net Banking,2,725.0,15,1232.5,2.0
ORD-00794,2024-08-12 18:36,Electronics,South,Cash,4,5286.0,15,17972.4,4.0
ORD-00795,2024-08-13 09:28,Groceries,East,Cash,2,403.0,0,806.0,3.0
ORD-00796,2024-08-13 14:51,Groceries,South,Cash,3,403.0,15,1027.65,5.0
ORD-00797,2024-08-13 15:19,Clothing,West,Cash,4,1495.0,10,5382.0,
ORD-00798,2024-08-13 19:50,Groceries,West,Card,5,417.0,0,2085.0,2.0
ORD-00799,2024-08-14 10:33,Groceries,North,UPI,2,560.0,0,1120.0,4.0
ORD-00800,2024-08-14 11:54,Home,South,Cash,4,2368.0,15,8051.2,4.0
ORD-00801,2024-08-14 11:58,Groceries,West,UPI,3,328.0,0,984.0,2.0
ORD-00802,2024-08-15 16:27,Beauty,North,Cash,2,795.0,10,1431.0,5.0
ORD-00803,2024-08-16 09:27,Home,South,UPI,1,2563.0,5,2434.85,5.0
ORD-00804,2024-08-16 12:30,Electronics,North,Card,1,4290.0,5,4075.5,1.0
ORD-00805,2024-08-17 09:28,Home,North,UPI,4,2888.0,5,10974.4,5.0
ORD-00806,2024-08-17 09:59,Groceries,South,Cash,1,269.0,5,255.55,3.0
ORD-00807,2024-08-17 14:03,Electronics,East,Cash,1,7620.0,20,6096.0,1.0
ORD-00808,2024-08-17 14:39,Groceries,East,UPI,1,351.0,5,333.45,4.0
ORD-00809,2024-08-18 19:03,Home,North,UPI,2,1772.0,0,3544.0,3.0
ORD-00810,2024-08-19 09:07,Electronics,South,Net Banking,1,3655.0,5,3472.25,4.0
ORD-00811,2024-08-19 09:13,Clothing,South,UPI,3,1527.0,10,4122.9,3.0
ORD-00812,2024-08-19 12:18,Groceries,East,Cash,5,215.0,5,1021.25,3.0
ORD-00813,2024-08-19 16:58,Clothing,South,Cash,3,681.0,10,1838.7,5.0
ORD-00814,2024-08-19 20:04,Home,West,Cash,4,2426.0,0,9704.0,4.0
ORD-00815,2024-08-20 10:54,Electronics,West,UPI,5,9221.0,5,43799.75,4.0
ORD-00816,2024-08-20 16:43,Home,East,Cash,5,1440.0,15,6120.0,3.0
ORD-00817,2024-08-20 20:14,Home,South,Net Banking,4,2342.0,5,8899.6,
ORD-00818,2024-08-20 21:29,Clothing,South,UPI,1,1487.0,10,1338.3,3.0
ORD-00819,2024-08-21 15:17,Groceries,South,Cash,4,340.0,10,1224.0,2.0
ORD-00820,2024-08-21 15:49,Electronics,East,UPI,4,8404.0,10,30254.4,5.0
ORD-00821,2024-08-21 15:52,Electronics,West,Net Banking,2,5705.0,0,11410.0,3.0
ORD-00822,2024-08-22 11:18,Groceries,West,UPI,1,404.0,10,363.6,5.0
ORD-00823,2024-08-22 12:56,Clothing,South,UPI,1,749.0,5,711.55,4.0
ORD-00824,2024-08-22 13:30,Home,East,UPI,2,1146.0,0,2292.0,5.0
ORD-00825,2024-08-22 18:07,Groceries,South,Net Banking,4,473.0,5,1797.4,2.0
ORD-00826,2024-08-23 13:12,Electronics,North,Card,5,6992.0,5,33212.0,5.0
ORD-00827,2024-08-23 16:37,Clothing,East,UPI,1,1149.0,0,1149.0,3.0
ORD-00828,2024-08-23 17:29,Home,West,UPI,3,2830.0,10,7641.0,2.0
ORD-00829,2024-08-23 21:15,Clothing,West,Cash,5,1883.0,5,8944.25,5.0
ORD-00830,2024-08-24 12:27,Groceries,West,UPI,1,396.0,0,396.0,3.0
ORD-00831,2024-08-24 20:10,Electronics,South,Card,5,3380.0,0,16900.0,4.0
ORD-00832,2024-08-24 20:28,Beauty,East,Card,1,677.0,10,609.3,
ORD-00833,2024-08-25 12:39,Clothing,East,Cash,2,900.0,5,1710.0,2.0
ORD-00834,2024-08-25 14:31,Groceries,South,Card,1,359.0,10,323.1,
ORD-00835,2024-08-25 18:07,Groceries,North,Cash,4,252.0,5,957.6,4.0
ORD-00836,2024-08-26 12:25,Clothing,South,UPI,3,769.0,15,1960.95,4.0
ORD-00837,2024-08-26 17:15,Groceries,North,UPI,3,112.0,0,336.0,4.0
ORD-00838,2024-08-26 18:53,Electronics,East,UPI,3,6301.0,10,17012.7,5.0
ORD-00839,2024-08-27 09:43,Electronics,West,UPI,2,1862.0,0,3724.0,4.0
ORD-00840,2024-08-27 13:46,Electronics,East,Card,4,5424.0,0,21696.0,4.0
ORD-00841,2024-08-27 14:48,Groceries,North,Card,3,423.0,20,1015.2,3.0
ORD-00842,2024-08-27 16:55,Home,South,Net Banking,4,1410.0,15,4794.0,4.0
ORD-00843,2024-08-27 21:47,Electronics,South,Net Banking,4,4047.0,0,16188.0,
ORD-00844,2024-08-28 11:44,Home,East,UPI,4,1763.0,0,7052.0,4.0
ORD-00845,2024-08-28 12:59,Home,North,Card,5,1353.0,15,5750.25,
ORD-00846,2024-08-28 19:54,Electronics,South,Cash,3,6334.0,0,19002.0,5.0
ORD-00847,2024-08-29 19:40,Electronics,West,Net Banking,2,4141.0,20,6625.6,1.0
ORD-00848,2024-08-29 20:25,Clothing,North,UPI,4,1162.0,0,4648.0,2.0
ORD-00849,2024-08-29 20:51,Electronics,East,Card,4,5376.0,5,20428.8,3.0
ORD-00850,2024-08-30 13:46,Home,West,UPI,3,1794.0,0,5382.0,4.0
ORD-00851,2024-08-30 14:23,Groceries,East,UPI,2,522.0,5,991.8,4.0
ORD-00852,2024-08-30 18:34,Clothing,West,Card,5,1272.0,0,6360.0,4.0
ORD-00853,2024-08-30 21:29,Groceries,East,UPI,2,403.0,5,765.7,5.0
ORD-00854,2024-08-30 21:45,Clothing,South,UPI,1,975.0,20,780.0,4.0
ORD-00855,2024-08-31 12:10,Home,South,Cash,4,1921.0,0,7684.0,2.0
ORD-00856,2024-08-31 13:00,Groceries,North,UPI,1,321.0,10,288.9,5.0
ORD-00857,2024-08-31 13:11,Clothing,North,UPI,4,1211.0,0,4844.0,5.0
ORD-00858,2024-08-31 17:41,Groceries,East,Card,5,418.0,10,1881.0,2.0
ORD-00859,2024-09-01 12:09,Clothing,North,Card,4,1020.0,0,4080.0,2.0
ORD-00860,2024-09-01 17:09,Beauty,South,Card,2,616.0,10,1108.8,4.0
ORD-00861,2024-09-01 17:57,Clothing,West,Net Banking,5,1025.0,10,4612.5,4.0
ORD-00862,2024-09-01 19:07,Home,North,UPI,1,1527.0,15,1297.95,4.0
ORD-00863,2024-09-01 19:56,Beauty,North,UPI,1,736.0,20,588.8,3.0
ORD-00864,2024-09-02 12:04,Groceries,East,UPI,2,312.0,0,624.0,5.0
ORD-00865,2024-09-02 17:57,Groceries,North,Card,3,507.0,0,1521.0,
ORD-00866,2024-09-02 20:38,Groceries,South,UPI,4,631.0,0,2524.0,5.0
ORD-00867,2024-09-03 10:18,Electronics,North,Net Banking,2,4978.0,10,8960.4,
ORD-00868,2024-09-03 13:05,Beauty,East,Card,5,762.0,0,3810.0,4.0
ORD-00869,2024-09-03 17:41,Groceries,East,Card,5,459.0,15,1950.75,5.0
ORD-00870,2024-09-03 18:17,Home,East,Cash,2,1656.0,20,2649.6,1.0
ORD-00871,2024-09-04 11:35,Groceries,North,Cash,1,246.0,0,246.0,4.0
ORD-00872,2024-09-04 21:44,Electronics,East,Cash,4,9129.0,0,36516.0,3.0
ORD-00873,2024-09-05 10:11,Clothing,South,Card,1,1447.0,5,1374.65,4.0
ORD-00874,2024-09-05 14:38,Electronics,South,UPI,2,6574.0,5,12490.6,5.0
ORD-00875,2024-09-05 18:15,Electronics,North,Card,4,8611.0,5,32721.8,4.0
ORD-00876,2024-09-06 16:31,Groceries,North,UPI,1,431.0,0,431.0,5.0
ORD-00877,2024-09-07 09:16,Electronics,North,Card,2,5914.0,15,10053.8,3.0
ORD-00878,2024-09-07 12:21,Beauty,North,Cash,5,495.0,10,2227.5,5.0
ORD-00879,2024-09-07 13:53,Clothing,North,Card,4,1022.0,0,4088.0,4.0
ORD-00880,2024-09-07 20:04,Groceries,North,UPI,4,477.0,0,1908.0,2.0
ORD-00881,2024-09-07 20:53,Clothing,West,UPI,5,1446.0,10,6507.0,
ORD-00882,2024-09-08 19:58,Electronics,South,Cash,4,5664.0,0,22656.0,2.0
ORD-00883,2024-09-09 13:30,Groceries,East,UPI,3,535.0,15,1364.25,1.0
ORD-00884,2024-09-09 14:59,Clothing,North,Card,4,1143.0,5,4343.4,
ORD-00885,2024-09-09 18:25,Groceries,North,Cash,3,454.0,20,1089.6,1.0
ORD-00886,2024-09-09 21:21,Groceries,West,UPI,2,373.0,10,671.4,
ORD-00887,2024-09-10 16:13,Clothing,North,Cash,5,1896.0,15,8058.0,1.0
ORD-00888,2024-09-10 19:19,Groceries,West,UPI,3,429.0,10,1158.3,5.0
ORD-00889,2024-09-11 09:04,Clothing,East,Cash,4,1217.0,5,4624.6,1.0
ORD-00890,2024-09-11 09:11,Clothing,South,UPI,3,1136.0,0,3408.0,4.0
ORD-00891,2024-09-11 21:59,Home,East,UPI,1,1792.0,10,1612.8,3.0
ORD-00892,2024-09-12 09:15,Electronics,East,UPI,1,4694.0,5,4459.3,4.0
ORD-00893,2024-09-12 10:05,Clothing,West,Cash,5,708.0,5,3363.0,3.0
ORD-00894,2024-09-12 10:58,Groceries,South,Card,3,382.0,5,1088.7,5.0
ORD-00895,2024-09-12 13:56,Groceries,North,Cash,3,294.0,0,882.0,5.0
ORD-00896,2024-09-12 14:11,Beauty,South,Card,1,587.0,5,557.65,5.0
ORD-00897,2024-09-12 15:13,Home,North,Cash,4,1752.0,0,7008.0,5.0
ORD-00898,2024-09-12 19:07,Home,South,Card,2,1828.0,5,3473.2,4.0
ORD-00899,2024-09-13 09:27,Groceries,East,UPI,3,351.0,5,1000.35,
ORD-00900,2024-09-13 14:24,Clothing,North,Card,2,1826.0,15,3104.2,4.0
ORD-00901,2024-09-13 20:03,Electronics,West,UPI,2,7192.0,5,13664.8,4.0
ORD-00902,2024-09-13 21:25,Home,West,Net Banking,1,2938.0,20,2350.4,4.0
ORD-00903,2024-09-14 09:09,Clothing,North,Net Banking,5,1042.0,20,4168.0,1.0
ORD-00904,2024-09-14 11:14,Clothing,North,UPI,1,1482.0,0,1482.0,5.0
ORD-00905,2024-09-14 11:57,Groceries,South,Net Banking,1,310.0,5,294.5,3.0
ORD-00906,2024-09-14 12:09,Home,North,UPI,2,1497.0,0,2994.0,4.0
ORD-00907,2024-09-14 13:52,Groceries,North,Card,5,575.0,15,2443.75,5.0
ORD-00908,2024-09-14 18:15,Electronics,West,Cash,4,4617.0,5,17544.6,3.0
ORD-00909,2024-09-14 19:13,Beauty,North,UPI,5,231.0,0,1155.0,2.0
ORD-00910,2024-09-14 19:48,Electronics,North,UPI,2,4726.0,0,9452.0,3.0
ORD-00911,2024-09-15 13:43,Beauty,South,Cash,5,278.0,10,1251.0,4.0
ORD-00912,2024-09-15 19:17,Clothing,North,UPI,1,858.0,0,858.0,4.0
ORD-00913,2024-09-15 20:10,Beauty,West,Card,1,520.0,0,520.0,5.0
ORD-00914,2024-09-15 20:43,Beauty,West,Cash,3,707.0,15,1802.85,5.0
ORD-00915,2024-09-15 20:45,Clothing,South,UPI,3,462.0,0,1386.0,5.0
ORD-00916,2024-09-16 09:42,Home,North,UPI,2,2446.0,10,4402.8,5.0
ORD-00917,2024-09-16 12:12,Electronics,West,Net Banking,1,2624.0,10,2361.6,3.0
ORD-00918,2024-09-16 17:12,Electronics,East,Card,2,5770.0,0,11540.0,5.0
ORD-00919,2024-09-16 19:10,Clothing,South,Card,2,1083.0,0,2166.0,4.0
ORD-00920,2024-09-17 11:16,Groceries,South,UPI,4,437.0,0,1748.0,3.0
ORD-00921,2024-09-17 11:43,Electronics,South,Net Banking,2,6633.0,20,10612.8,5.0
ORD-00922,2024-09-17 12:15,Groceries,North,UPI,2,475.0,10,855.0,4.0
ORD-00923,2024-09-17 15:32,Beauty,South,UPI,3,624.0,0,1872.0,3.0
ORD-00924,2024-09-17 15:42,Home,East,UPI,3,1549.0,15,3949.95,5.0
ORD-00925,2024-09-17 20:11,Clothing,South,Cash,3,1349.0,0,4047.0,3.0
ORD-00926,2024-09-18 09:27,Groceries,East,UPI,1,458.0,0,458.0,3.0
ORD-00927,2024-09-18 10:08,Electronics,East,UPI,5,7485.0,0,37425.0,3.0
ORD-00928,2024-09-18 16:01,Clothing,East,Card,3,1316.0,10,3553.2,4.0
ORD-00929,2024-09-18 19:55,Beauty,South,Card,2,749.0,5,1423.1,3.0
ORD-00930,2024-09-18 20:57,Beauty,North,UPI,4,692.0,10,2491.2,1.0
ORD-00931,2024-09-19 10:30,Clothing,East,Card,3,1348.0,0,4044.0,
ORD-00932,2024-09-19 11:58,Clothing,West,UPI,1,1933.0,10,1739.7,3.0
ORD-00933,2024-09-19 16:28,Clothing,North,UPI,4,1113.0,15,3784.2,4.0
ORD-00934,2024-09-19 18:56,Clothing,West,UPI,1,1069.0,5,1015.55,4.0
ORD-00935,2024-09-20 15:14,Electronics,West,Net Banking,2,5206.0,0,10412.0,2.0
ORD-00936,2024-09-20 16:46,Electronics,East,Card,4,6701.0,10,24123.6,3.0
ORD-00937,2024-09-20 18:06,Clothing,North,UPI,4,436.0,0,1744.0,3.0
ORD-00938,2024-09-21 10:18,Clothing,East,UPI,5,1151.0,0,5755.0,4.0
ORD-00939,2024-09-21 15:22,Home,South,UPI,4,2276.0,10,8193.6,5.0
ORD-00940,2024-09-21 19:44,Home,South,Card,2,1516.0,5,2880.4,3.0
ORD-00941,2024-09-21 20:55,Groceries,North,Cash,4,370.0,10,1332.0,3.0
ORD-00942,2024-09-21 21:25,Clothing,East,UPI,4,1959.0,0,7836.0,1.0
ORD-00943,2024-09-22 11:45,Home,South,Net Banking,4,1979.0,0,7916.0,4.0
ORD-00944,2024-09-22 11:50,Electronics,South,UPI,4,1969.0,10,7088.4,3.0
ORD-00945,2024-09-22 12:34,Home,South,UPI,5,1039.0,10,4675.5,4.0
ORD-00946,2024-09-22 21:20,Electronics,South,UPI,3,5548.0,5,15811.8,4.0
ORD-00947,2024-09-23 10:56,Beauty,South,UPI,5,531.0,5,2522.25,1.0
ORD-00948,2024-09-23 12:55,Electronics,South,Cash,4,6186.0,0,24744.0,4.0
ORD-00949,2024-09-23 18:53,Home,North,Card,1,1641.0,5,1558.95,5.0
ORD-00950,2024-09-24 15:13,Electronics,South,Cash,1,8099.0,20,6479.2,3.0
ORD-00951,2024-09-25 16:51,Home,North,UPI,3,1211.0,0,3633.0,4.0
ORD-00952,2024-09-25 18:52,Groceries,East,UPI,3,328.0,5,934.8,4.0
ORD-00953,2024-09-25 20:50,Electronics,South,UPI,5,6391.0,0,31955.0,3.0
ORD-00954,2024-09-25 21:50,Home,East,Card,4,1984.0,0,7936.0,5.0
ORD-00955,2024-09-26 18:24,Electronics,South,UPI,1,6264.0,10,5637.6,1.0
ORD-00956,2024-09-26 18:36,Groceries,North,UPI,3,97.0,5,276.45,3.0
ORD-00957,2024-09-26 20:02,Clothing,North,Net Banking,3,1230.0,0,3690.0,4.0
ORD-00958,2024-09-27 18:28,Home,North,Card,5,1719.0,5,8165.25,5.0
ORD-00959,2024-09-28 11:41,Home,South,UPI,4,2267.0,0,9068.0,1.0
ORD-00960,2024-09-28 13:28,Groceries,East,Cash,1,426.0,0,426.0,4.0
ORD-00961,2024-09-28 13:49,Home,North,UPI,1,1930.0,10,1737.0,
ORD-00962,2024-09-28 21:02,Beauty,South,Cash,2,766.0,0,1532.0,4.0
ORD-00963,2024-09-29 10:53,Groceries,North,Net Banking,3,492.0,5,1402.2,4.0
ORD-00964,2024-09-29 12:05,Clothing,South,UPI,1,1614.0,5,1533.3,4.0
ORD-00965,2024-09-29 17:48,Groceries,South,Net Banking,4,379.0,15,1288.6,5.0
ORD-00966,2024-09-30 10:02,Clothing,North,UPI,1,1972.0,0,1972.0,4.0
ORD-00967,2024-09-30 11:35,Groceries,North,UPI,1,284.0,5,269.8,3.0
ORD-00968,2024-09-30 12:26,Clothing,East,Card,1,773.0,0,773.0,5.0
ORD-00969,2024-09-30 20:54,Home,South,Cash,1,1794.0,0,1794.0,3.0
ORD-00970,2024-09-30 21:26,Groceries,South,UPI,3,311.0,0,933.0,4.0
ORD-00971,2024-10-01 12:32,Groceries,East,UPI,5,91.0,10,409.5,4.0
ORD-00972,2024-10-01 17:35,Electronics,North,UPI,5,4826.0,0,24130.0,5.0
ORD-00973,2024-10-02 12:32,Electronics,West,UPI,5,6618.0,20,26472.0,4.0
ORD-00974,2024-10-02 13:00,Home,East,UPI,4,1769.0,5,6722.2,4.0
ORD-00975,2024-10-02 13:16,Groceries,South,UPI,3,268.0,15,683.4,4.0
ORD-00976,2024-10-02 14:39,Beauty,South,Net Banking,2,709.0,0,1418.0,4.0
ORD-00977,2024-10-02 15:14,Groceries,South,Cash,3,363.0,0,1089.0,5.0
ORD-00978,2024-10-02 15:18,Clothing,East,Net Banking,5,1457.0,10,6556.5,3.0
ORD-00979,2024-10-02 16:22,Groceries,North,UPI,1,283.0,0,283.0,3.0
ORD-00980,2024-10-02 16:33,Groceries,East,UPI,5,442.0,5,2099.5,4.0
ORD-00981,2024-10-02 18:35,Electronics,South,Card,5,4037.0,15,17157.25,3.0
ORD-00982,2024-10-02 19:21,Groceries,East,Card,1,297.0,10,267.3,
ORD-00983,2024-10-02 19:25,Clothing,West,Card,2,1812.0,15,3080.4,4.0
ORD-00984,2024-10-02 20:58,Clothing,North,UPI,2,831.0,0,1662.0,4.0
ORD-00985,2024-10-02 21:49,Electronics,South,Cash,5,4814.0,10,21663.0,4.0
ORD-00986,2024-10-03 10:31,Groceries,South,Card,3,218.0,10,588.6,
ORD-00987,2024-10-03 11:48,Groceries,South,UPI,4,263.0,10,946.8,4.0
ORD-00988,2024-10-03 13:48,Clothing,North,Card,4,1250.0,5,4750.0,2.0
ORD-00989,2024-10-03 16:32,Home,South,UPI,1,2182.0,10,1963.8,4.0
ORD-00990,2024-10-03 21:47,Home,East,UPI,4,1790.0,15,6086.0,5.0
ORD-00991,2024-10-03 21:57,Clothing,West,Net Banking,4,1083.0,0,4332.0,5.0
ORD-00992,2024-10-04 10:22,Electronics,East,Card,5,3763.0,0,18815.0,4.0
ORD-00993,2024-10-04 12:59,Clothing,East,UPI,5,938.0,0,4690.0,4.0
ORD-00994,2024-10-04 13:19,Electronics,North,UPI,3,3217.0,0,9651.0,4.0
ORD-00995,2024-10-04 14:27,Beauty,North,UPI,5,855.0,10,3847.5,4.0
ORD-00996,2024-10-04 17:22,Home,East,Net Banking,1,2235.0,5,2123.25,4.0
ORD-00997,2024-10-04 18:47,Electronics,East,Cash,4,5927.0,0,23708.0,
ORD-00998,2024-10-04 19:29,Groceries,West,Card,3,396.0,20,950.4,1.0
ORD-00999,2024-10-04 20:31,Clothing,South,Net Banking,1,1515.0,20,1212.0,4.0
ORD-01000,2024-10-05 12:04,Electronics,North,UPI,3,6182.0,5,17618.7,4.0
ORD-01001,2024-10-05 15:01,Clothing,North,Cash,4,1702.0,5,6467.6,3.0
ORD-01002,2024-10-05 15:10,Electronics,South,Card,3,4157.0,0,12471.0,5.0
ORD-01003,2024-10-05 16:42,Clothing,South,Cash,4,1074.0,5,4081.2,3.0
ORD-01004,2024-10-05 18:08,Clothing,North,Net Banking,4,1032.0,5,3921.6,5.0
ORD-01005,2024-10-05 19:50,Clothing,North,Card,3,1433.0,0,4299.0,5.0
ORD-01006,2024-10-06 09:26,Groceries,South,UPI,2,199.0,10,358.2,5.0
ORD-01007,2024-10-06 09:55,Groceries,South,UPI,2,502.0,5,953.8,5.0
ORD-01008,2024-10-06 10:16,Clothing,West,UPI,4,1402.0,0,5608.0,5.0
ORD-01009,2024-10-06 10:24,Groceries,West,UPI,5,534.0,10,2403.0,4.0
ORD-01010,2024-10-06 11:10,Clothing,North,UPI,3,1185.0,5,3377.25,
ORD-01011,2024-10-06 11:35,Beauty,East,Card,3,584.0,0,1752.0,
ORD-01012,2024-10-06 13:42,Electronics,South,UPI,5,7183.0,0,35915.0,4.0
ORD-01013,2024-10-06 15:13,Groceries,West,Net Banking,2,458.0,0,916.0,4.0
ORD-01014,2024-10-06 16:38,Electronics,East,UPI,5,4714.0,5,22391.5,3.0
ORD-01015,2024-10-06 16:54,Clothing,North,UPI,2,481.0,0,962.0,4.0
ORD-01016,2024-10-06 18:40,Groceries,North,UPI,2,158.0,0,316.0,3.0
ORD-01017,2024-10-06 20:00,Home,West,Net Banking,2,1941.0,15,3299.7,4.0
ORD-01018,2024-10-06 21:48,Beauty,West,UPI,1,1023.0,15,869.55,4.0
ORD-01019,2024-10-07 10:52,Groceries,South,UPI,3,213.0,5,607.05,3.0
ORD-01020,2024-10-07 15:17,Clothing,South,UPI,2,1102.0,15,1873.4,4.0
ORD-01021,2024-10-07 17:56,Home,South,UPI,2,1612.0,5,3062.8,5.0
ORD-01022,2024-10-07 18:27,Clothing,East,Net Banking,4,1891.0,0,7564.0,5.0
ORD-01023,2024-10-07 18:31,Groceries,South,Card,3,587.0,5,1672.95,1.0
ORD-01024,2024-10-07 18:43,Home,North,UPI,1,2029.0,0,2029.0,3.0
ORD-01025,2024-10-08 09:44,Clothing,South,UPI,1,1523.0,5,1446.85,5.0
ORD-01026,2024-10-08 13:16,Groceries,South,UPI,5,441.0,20,1764.0,4.0
ORD-01027,2024-10-08 14:48,Electronics,South,Card,2,3695.0,0,7390.0,3.0
ORD-01028,2024-10-08 15:27,Electronics,West,UPI,2,7257.0,0,14514.0,4.0
ORD-01029,2024-10-08 15:33,Beauty,West,Cash,1,486.0,0,486.0,5.0
ORD-01030,2024-10-08 18:10,Electronics,North,UPI,5,5691.0,15,24186.75,3.0
ORD-01031,2024-10-08 21:37,Clothing,West,UPI,2,1610.0,0,3220.0,4.0
ORD-01032,2024-10-09 11:35,Groceries,East,Card,4,358.0,20,1145.6,
ORD-01033,2024-10-09 13:51,Clothing,South,Cash,3,1597.0,0,4791.0,5.0
ORD-01034,2024-10-09 18:04,Electronics,North,Card,5,8339.0,10,37525.5,5.0
ORD-01035,2024-10-09 19:12,Electronics,South,Cash,3,2838.0,0,8514.0,4.0
ORD-01036,2024-10-09 21:10,Groceries,West,Cash,5,121.0,0,605.0,5.0
ORD-01037,2024-10-10 10:20,Clothing,East,Net Banking,4,1618.0,0,6472.0,3.0
ORD-01038,2024-10-10 15:54,Home,South,UPI,3,2449.0,0,7347.0,5.0
ORD-01039,2024-10-10 16:58,Clothing,North,Net Banking,3,1292.0,0,3876.0,5.0
ORD-01040,2024-10-10 19:41,Beauty,South,Cash,4,782.0,0,3128.0,5.0
ORD-01041,2024-10-10 21:45,Clothing,South,Card,4,1521.0,5,5779.8,4.0
ORD-01042,2024-10-11 10:16,Clothing,East,Card,4,1515.0,5,5757.0,3.0
ORD-01043,2024-10-11 12:14,Beauty,West,UPI,1,636.0,0,636.0,2.0
ORD-01044,2024-10-11 18:07,Home,South,Card,2,2316.0,10,4168.8,3.0
ORD-01045,2024-10-11 19:34,Clothing,North,Cash,3,1075.0,10,2902.5,5.0
ORD-01046,2024-10-11 19:44,Clothing,North,Net Banking,3,1288.0,20,3091.2,4.0
ORD-01047,2024-10-11 20:20,Home,North,UPI,1,1908.0,5,1812.6,4.0
ORD-01048,2024-10-11 21:10,Electronics,North,Net Banking,1,4453.0,0,4453.0,1.0
ORD-01049,2024-10-12 09:19,Clothing,South,UPI,3,933.0,20,2239.2,4.0
ORD-01050,2024-10-12 13:04,Groceries,East,Net Banking,3,585.0,20,1404.0,4.0
ORD-01051,2024-10-12 14:43,Home,South,Card,4,1318.0,20,4217.6,4.0
ORD-01052,2024-10-13 12:01,Groceries,West,Card,1,389.0,10,350.1,4.0
ORD-01053,2024-10-13 14:00,Groceries,West,Card,4,411.0,10,1479.6,2.0
ORD-01054,2024-10-13 14:04,Beauty,North,Net Banking,2,689.0,20,1102.4,1.0
ORD-01055,2024-10-13 15:18,Electronics,East,UPI,3,7209.0,5,20545.65,5.0
ORD-01056,2024-10-13 15:38,Home,North,UPI,5,1978.0,0,9890.0,4.0
ORD-01057,2024-10-13 17:05,Electronics,North,Cash,2,4434.0,20,7094.4,
ORD-01058,2024-10-13 18:21,Groceries,North,UPI,2,406.0,15,690.2,5.0
ORD-01059,2024-10-13 18:54,Groceries,North,Card,2,293.0,0,586.0,4.0
ORD-01060,2024-10-13 19:39,Clothing,East,Card,4,1827.0,0,7308.0,4.0
ORD-01061,2024-10-13 21:23,Groceries,East,Cash,5,395.0,15,1678.75,4.0
ORD-01062,2024-10-13 21:57,Home,East,Net Banking,3,1422.0,0,4266.0,3.0
ORD-01063,2024-10-14 11:50,Groceries,South,UPI,1,386.0,10,347.4,3.0
ORD-01064,2024-10-14 14:08,Electronics,East,Card,5,4335.0,0,21675.0,5.0
ORD-01065,2024-10-14 15:15,Electronics,East,Card,1,6464.0,0,6464.0,4.0
ORD-01066,2024-10-14 15:51,Groceries,West,Card,3,326.0,10,880.2,3.0
ORD-01067,2024-10-14 16:02,Groceries,East,UPI,1,263.0,20,210.4,5.0
ORD-01068,2024-10-14 16:51,Clothing,South,UPI,1,898.0,5,853.1,2.0
ORD-01069,2024-10-14 17:33,Clothing,South,Card,5,2077.0,0,10385.0,4.0
ORD-01070,2024-10-14 20:38,Groceries,South,UPI,1,360.0,0,360.0,5.0
ORD-01071,2024-10-15 10:03,Clothing,North,Cash,5,1045.0,0,5225.0,3.0
ORD-01072,2024-10-15 11:35,Electronics,West,UPI,3,4911.0,20,11786.4,3.0
ORD-01073,2024-10-15 12:00,Clothing,West,Net Banking,2,1370.0,5,2603.0,4.0
ORD-01074,2024-10-15 13:15,Groceries,West,Cash,5,283.0,20,1132.0,5.0
ORD-01075,2024-10-15 15:52,Beauty,North,Card,1,470.0,15,399.5,5.0
ORD-01076,2024-10-15 16:44,Groceries,North,Cash,4,347.0,5,1318.6,5.0
ORD-01077,2024-10-16 10:08,Clothing,North,Net Banking,4,1186.0,0,4744.0,2.0
ORD-01078,2024-10-16 12:33,Home,West,Cash,2,1575.0,20,2520.0,3.0
ORD-01079,2024-10-16 13:18,Clothing,East,Card,2,879.0,0,1758.0,4.0
ORD-01080,2024-10-16 15:18,Beauty,East,UPI,1,618.0,15,525.3,5.0
ORD-01081,2024-10-16 20:11,Clothing,West,Cash,1,1031.0,5,979.45,1.0
ORD-01082,2024-10-16 21:45,Beauty,North,Cash,1,572.0,0,572.0,3.0
ORD-01083,2024-10-16 21:54,Home,South,Card,3,1949.0,5,5554.65,2.0
ORD-01084,2024-10-17 09:49,Home,East,Card,3,3002.0,0,9006.0,4.0
ORD-01085,2024-10-17 11:18,Electronics,North,UPI,3,8397.0,10,22671.9,4.0
ORD-01086,2024-10-17 16:10,Home,South,Cash,4,2849.0,5,10826.2,5.0
ORD-01087,2024-10-18 09:12,Groceries,South,Cash,2,290.0,0,580.0,2.0
ORD-01088,2024-10-18 11:11,Clothing,South,UPI,4,1803.0,5,6851.4,4.0
ORD-01089,2024-10-18 13:08,Groceries,West,UPI,4,374.0,5,1421.2,4.0
ORD-01090,2024-10-18 17:15,Groceries,North,Net Banking,5,454.0,20,1816.0,
ORD-01091,2024-10-18 17:23,Beauty,South,UPI,4,796.0,15,2706.4,2.0
ORD-01092,2024-10-18 20:44,Home,West,Cash,1,1615.0,10,1453.5,3.0
ORD-01093,2024-10-19 13:50,Clothing,South,Card,3,1459.0,20,3501.6,3.0
ORD-01094,2024-10-19 14:50,Groceries,East,Card,4,401.0,0,1604.0,5.0
ORD-01095,2024-10-19 15:10,Electronics,West,UPI,1,2817.0,0,2817.0,4.0
ORD-01096,2024-10-19 16:05,Clothing,North,UPI,1,1155.0,0,1155.0,4.0
ORD-01097,2024-10-19 17:52,Home,North,Card,1,2271.0,15,1930.35,4.0
ORD-01098,2024-10-19 19:39,Groceries,North,UPI,1,379.0,0,379.0,4.0
ORD-01099,2024-10-19 20:43,Home,North,Cash,5,2054.0,15,8729.5,3.0
ORD-01100,2024-10-20 11:29,Groceries,South,Net Banking,2,271.0,5,514.9,1.0
ORD-01101,2024-10-20 12:26,Clothing,North,Cash,1,1292.0,0,1292.0,3.0
ORD-01102,2024-10-20 13:25,Groceries,South,UPI,3,340.0,5,969.0,3.0
ORD-01103,2024-10-20 14:56,Electronics,East,Card,2,5634.0,5,10704.6,5.0
ORD-01104,2024-10-20 19:10,Beauty,North,UPI,5,557.0,5,2645.75,5.0
ORD-01105,2024-10-21 10:15,Beauty,South,Card,1,892.0,15,758.2,5.0
ORD-01106,2024-10-21 12:24,Home,North,UPI,5,1987.0,10,8941.5,4.0
ORD-01107,2024-10-21 15:36,Home,East,Cash,2,1932.0,0,3864.0,4.0
ORD-01108,2024-10-21 16:48,Groceries,South,Card,2,565.0,10,1017.0,4.0
ORD-01109,2024-10-21 18:13,Groceries,North,UPI,3,400.0,0,1200.0,4.0
ORD-01110,2024-10-21 20:16,Home,West,UPI,5,2448.0,15,10404.0,3.0
ORD-01111,2024-10-21 20:18,Clothing,East,Card,2,1298.0,0,2596.0,5.0
ORD-01112,2024-10-21 20:45,Home,East,Cash,2,1609.0,10,2896.2,
ORD-01113,2024-10-21 21:56,Clothing,East,UPI,4,819.0,5,3112.2,3.0
ORD-01114,2024-10-22 14:41,Home,South,Card,4,1930.0,0,7720.0,4.0
ORD-01115,2024-10-22 20:00,Groceries,North,UPI,2,70.0,10,126.0,5.0
ORD-01116,2024-10-22 21:33,Home,South,Net Banking,1,1947.0,0,1947.0,
ORD-01117,2024-10-23 10:26,Groceries,West,Card,4,383.0,10,1378.8,4.0
ORD-01118,2024-10-23 11:15,Groceries,West,Cash,5,327.0,5,1553.25,4.0
ORD-01119,2024-10-23 14:04,Beauty,East,UPI,4,681.0,0,2724.0,3.0
ORD-01120,2024-10-23 19:27,Clothing,South,Net Banking,5,750.0,0,3750.0,4.0
ORD-01121,2024-10-24 10:51,Clothing,East,Cash,2,1699.0,10,3058.2,3.0
ORD-01122,2024-10-24 16:04,Electronics,East,UPI,5,5393.0,5,25616.75,1.0
ORD-01123,2024-10-24 17:01,Groceries,North,Card,5,248.0,5,1178.0,4.0
ORD-01124,2024-10-25 09:31,Groceries,South,UPI,5,407.0,0,2035.0,4.0
ORD-01125,2024-10-25 17:10,Groceries,North,Cash,5,362.0,0,1810.0,5.0
ORD-01126,2024-10-26 09:08,Electronics,South,Cash,2,5355.0,10,9639.0,4.0
ORD-01127,2024-10-26 13:42,Electronics,East,Card,1,5165.0,15,4390.25,3.0
ORD-01128,2024-10-26 16:25,Home,South,UPI,4,1797.0,5,6828.6,4.0
ORD-01129,2024-10-26 18:11,Groceries,East,Cash,4,491.0,5,1865.8,5.0
ORD-01130,2024-10-27 09:13,Electronics,South,Cash,4,6845.0,5,26011.0,4.0
ORD-01131,2024-10-27 09:36,Electronics,North,Card,4,5938.0,10,21376.8,4.0
ORD-01132,2024-10-27 10:33,Electronics,East,Cash,1,7534.0,10,6780.6,3.0
ORD-01133,2024-10-27 10:34,Home,South,UPI,4,1815.0,0,7260.0,1.0
ORD-01134,2024-10-27 13:34,Groceries,West,UPI,3,392.0,10,1058.4,5.0
ORD-01135,2024-10-27 20:25,Groceries,East,Net Banking,1,366.0,0,366.0,3.0
ORD-01136,2024-10-27 20:58,Groceries,West,Cash,5,412.0,0,2060.0,4.0
ORD-01137,2024-10-28 09:40,Home,North,UPI,1,1560.0,0,1560.0,2.0
ORD-01138,2024-10-28 09:56,Clothing,East,Card,2,790.0,0,1580.0,4.0
ORD-01139,2024-10-28 15:29,Clothing,South,UPI,2,1526.0,0,3052.0,5.0
ORD-01140,2024-10-28 17:52,Clothing,East,UPI,4,1742.0,0,6968.0,4.0
ORD-01141,2024-10-28 18:27,Beauty,South,Net Banking,1,471.0,0,471.0,5.0
ORD-01142,2024-10-29 09:10,Groceries,North,UPI,2,369.0,0,738.0,3.0
ORD-01143,2024-10-29 10:04,Groceries,South,UPI,2,303.0,0,606.0,3.0
ORD-01144,2024-10-29 13:45,Home,East,Cash,3,2277.0,0,6831.0,5.0
ORD-01145,2024-10-29 17:43,Electronics,North,UPI,5,6444.0,15,27387.0,4.0
ORD-01146,2024-10-29 18:31,Clothing,East,UPI,2,2398.0,5,4556.2,5.0
ORD-01147,2024-10-29 19:07,Groceries,West,Card,2,318.0,0,636.0,4.0
ORD-01148,2024-10-29 19:09,Beauty,North,UPI,3,1023.0,0,3069.0,3.0
ORD-01149,2024-10-29 19:17,Electronics,South,UPI,2,8942.0,5,16989.8,
ORD-01150,2024-10-30 11:43,Groceries,West,Card,5,406.0,0,2030.0,3.0
ORD-01151,2024-10-30 18:24,Beauty,North,Net Banking,2,708.0,0,1416.0,4.0
ORD-01152,2024-10-30 19:55,Groceries,North,Cash,1,360.0,0,360.0,3.0
ORD-01153,2024-10-31 11:05,Groceries,East,UPI,3,351.0,5,1000.35,4.0
ORD-01154,2024-10-31 12:08,Clothing,South,Card,1,1608.0,10,1447.2,4.0
ORD-01155,2024-10-31 17:59,Electronics,East,Card,4,4429.0,5,16830.2,3.0
ORD-01156,2024-10-31 18:24,Clothing,East,UPI,5,1142.0,0,5710.0,5.0
ORD-01157,2024-11-01 10:39,Clothing,South,UPI,5,1098.0,0,5490.0,3.0
ORD-01158,2024-11-01 11:54,Home,South,Card,5,868.0,15,3689.0,4.0
ORD-01159,2024-11-01 12:49,Groceries,North,UPI,3,440.0,10,1188.0,1.0
ORD-01160,2024-11-01 13:15,Home,South,Net Banking,4,2374.0,10,8546.4,4.0
ORD-01161,2024-11-01 18:59,Electronics,North,UPI,2,4858.0,20,7772.8,4.0
ORD-01162,2024-11-01 19:19,Clothing,West,UPI,5,1571.0,5,7462.25,4.0
ORD-01163,2024-11-02 13:24,Home,North,Cash,1,945.0,0,945.0,4.0
ORD-01164,2024-11-02 15:28,Electronics,North,Cash,1,6043.0,10,5438.7,5.0
ORD-01165,2024-11-02 17:52,Electronics,East,UPI,5,5773.0,0,28865.0,5.0
ORD-01166,2024-11-02 19:32,Clothing,North,Cash,2,1232.0,10,2217.6,5.0
ORD-01167,2024-11-02 20:15,Electronics,South,Cash,2,6149.0,5,11683.1,3.0
ORD-01168,2024-11-02 20:24,Electronics,West,UPI,4,5861.0,0,23444.0,5.0
ORD-01169,2024-11-02 20:35,Clothing,East,Card,2,1060.0,0,2120.0,2.0
ORD-01170,2024-11-03 10:05,Home,North,Cash,4,1741.0,0,6964.0,3.0
ORD-01171,2024-11-03 11:38,Electronics,North,UPI,3,8454.0,5,24093.9,4.0
ORD-01172,2024-11-03 11:46,Groceries,South,Net Banking,4,289.0,0,1156.0,4.0
ORD-01173,2024-11-03 12:56,Groceries,South,Net Banking,1,587.0,0,587.0,4.0
ORD-01174,2024-11-03 14:09,Groceries,North,Card,4,283.0,0,1132.0,4.0
ORD-01175,2024-11-03 14:15,Groceries,North,UPI,2,375.0,15,637.5,4.0
ORD-01176,2024-11-03 14:37,Electronics,West,Net Banking,3,7028.0,10,18975.6,5.0
ORD-01177,2024-11-03 17:48,Electronics,South,Card,5,5475.0,10,24637.5,3.0
ORD-01178,2024-11-03 20:14,Groceries,East,UPI,3,495.0,5,1410.75,4.0
ORD-01179,2024-11-04 09:04,Beauty,North,Cash,1,814.0,5,773.3,2.0
ORD-01180,2024-11-04 10:42,Clothing,South,Card,3,1126.0,0,3378.0,3.0
ORD-01181,2024-11-04 14:14,Groceries,South,UPI,2,494.0,0,988.0,5.0
ORD-01182,2024-11-04 16:37,Beauty,South,UPI,3,487.0,0,1461.0,1.0
ORD-01183,2024-11-04 18:03,Home,East,Cash,2,1495.0,15,2541.5,3.0
ORD-01184,2024-11-04 18:08,Home,North,Net Banking,4,2104.0,5,7995.2,4.0
ORD-01185,2024-11-04 18:16,Groceries,West,UPI,2,434.0,0,868.0,3.0
ORD-01186,2024-11-04 20:19,Home,East,UPI,3,1974.0,5,5625.9,4.0
ORD-01187,2024-11-05 11:02,Groceries,North,UPI,5,337.0,0,1685.0,5.0
ORD-01188,2024-11-05 13:04,Groceries,South,Card,4,324.0,5,1231.2,
ORD-01189,2024-11-05 13:24,Home,West,UPI,4,2411.0,10,8679.6,4.0
ORD-01190,2024-11-05 14:47,Clothing,South,Card,4,1287.0,15,4375.8,4.0
ORD-01191,2024-11-05 15:07,Beauty,South,UPI,5,517.0,10,2326.5,5.0
ORD-01192,2024-11-05 21:16,Beauty,East,Cash,5,505.0,15,2146.25,3.0
ORD-01193,2024-11-06 09:28,Groceries,North,Cash,5,509.0,0,2545.0,5.0
ORD-01194,2024-11-06 10:16,Clothing,East,Cash,2,941.0,10,1693.8,4.0
ORD-01195,2024-11-06 10:49,Home,North,UPI,4,1947.0,15,6619.8,5.0
ORD-01196,2024-11-06 12:31,Clothing,East,Card,5,1686.0,0,8430.0,2.0
ORD-01197,2024-11-06 13:57,Groceries,South,UPI,3,407.0,10,1098.9,5.0
ORD-01198,2024-11-06 16:59,Electronics,North,UPI,1,4636.0,20,3708.8,5.0
ORD-01199,2024-11-07 09:00,Home,West,Cash,3,1252.0,10,3380.4,4.0
ORD-01200,2024-11-07 09:32,Beauty,South,Cash,2,1093.0,0,2186.0,
ORD-01201,2024-11-07 11:32,Electronics,South,Cash,4,4126.0,0,16504.0,3.0
ORD-01202,2024-11-07 11:58,Groceries,East,UPI,5,292.0,10,1314.0,5.0
ORD-01203,2024-11-07 18:55,Home,South,Card,4,2001.0,15,6803.4,4.0
ORD-01204,2024-11-07 19:18,Electronics,North,UPI,3,5606.0,0,16818.0,5.0
ORD-01205,2024-11-07 19:38,Clothing,East,Card,3,1407.0,0,4221.0,4.0
ORD-01206,2024-11-07 20:07,Clothing,West,UPI,3,672.0,0,2016.0,3.0
ORD-01207,2024-11-07 20:09,Home,North,Cash,3,1686.0,5,4805.1,5.0
ORD-01208,2024-11-08 09:38,Groceries,West,Net Banking,2,421.0,10,757.8,5.0
ORD-01209,2024-11-08 10:51,Electronics,East,UPI,4,7226.0,5,27458.8,4.0
ORD-01210,2024-11-08 11:19,Clothing,North,Cash,2,994.0,5,1888.6,5.0
ORD-01211,2024-11-08 12:05,Groceries,East,Cash,1,243.0,10,218.7,3.0
ORD-01212,2024-11-08 14:28,Electronics,South,Card,5,6385.0,5,30328.75,
ORD-01213,2024-11-08 15:20,Groceries,East,Card,3,212.0,10,572.4,2.0
ORD-01214,2024-11-08 17:55,Electronics,East,UPI,3,8312.0,0,24936.0,3.0
ORD-01215,2024-11-08 20:51,Home,North,UPI,3,1885.0,0,5655.0,4.0
ORD-01216,2024-11-08 21:57,Groceries,North,UPI,1,277.0,15,235.45,3.0
ORD-01217,2024-11-09 10:28,Home,South,Cash,3,1231.0,5,3508.35,5.0
ORD-01218,2024-11-09 10:32,Electronics,South,UPI,3,4860.0,0,14580.0,3.0
ORD-01219,2024-11-09 12:21,Groceries,West,Card,3,186.0,5,530.1,4.0
ORD-01220,2024-11-09 15:50,Home,West,Cash,1,2067.0,10,1860.3,4.0
ORD-01221,2024-11-09 16:11,Groceries,West,Card,4,266.0,0,1064.0,3.0
ORD-01222,2024-11-09 17:22,Electronics,South,UPI,4,6719.0,5,25532.2,4.0
ORD-01223,2024-11-09 19:11,Electronics,North,Cash,4,6968.0,0,27872.0,
ORD-01224,2024-11-10 14:14,Groceries,East,UPI,3,451.0,15,1150.05,5.0
ORD-01225,2024-11-10 17:46,Groceries,North,Cash,2,376.0,5,714.4,3.0
ORD-01226,2024-11-10 19:03,Beauty,North,UPI,5,936.0,15,3978.0,4.0
ORD-01227,2024-11-10 20:31,Home,North,UPI,2,2548.0,10,4586.4,3.0
ORD-01228,2024-11-10 21:33,Groceries,West,Net Banking,3,377.0,15,961.35,4.0
ORD-01229,2024-11-11 16:09,Beauty,East,UPI,1,767.0,0,767.0,3.0
ORD-01230,2024-11-11 16:21,Groceries,North,UPI,1,291.0,0,291.0,5.0
ORD-01231,2024-11-11 17:03,Electronics,West,UPI,1,4222.0,15,3588.7,4.0
ORD-01232,2024-11-12 15:21,Electronics,East,UPI,3,8308.0,15,21185.4,3.0
ORD-01233,2024-11-12 17:11,Home,East,Cash,2,2127.0,15,3615.9,5.0
ORD-01234,2024-11-12 21:57,Clothing,North,UPI,2,1447.0,20,2315.2,4.0
ORD-01235,2024-11-13 09:11,Beauty,South,UPI,4,576.0,5,2188.8,3.0
ORD-01236,2024-11-13 09:35,Electronics,South,Cash,4,8923.0,5,33907.4,5.0
ORD-01237,2024-11-13 13:16,Electronics,East,UPI,4,5588.0,10,20116.8,
ORD-01238,2024-11-13 15:42,Home,South,UPI,5,1367.0,0,6835.0,4.0
ORD-01239,2024-11-13 16:23,Home,North,UPI,2,1490.0,10,2682.0,3.0
ORD-01240,2024-11-13 17:13,Home,South,Cash,4,2648.0,15,9003.2,3.0
ORD-01241,2024-11-13 17:40,Electronics,South,Card,5,4000.0,5,19000.0,3.0
ORD-01242,2024-11-13 19:42,Clothing,West,Card,2,930.0,0,1860.0,5.0
ORD-01243,2024-11-14 17:33,Groceries,North,Card,2,654.0,10,1177.2,3.0
ORD-01244,2024-11-14 19:10,Beauty,East,Card,3,898.0,20,2155.2,4.0
ORD-01245,2024-11-14 20:54,Clothing,West,Cash,4,936.0,0,3744.0,5.0
ORD-01246,2024-11-15 10:02,Groceries,East,Net Banking,1,236.0,0,236.0,5.0
ORD-01247,2024-11-15 12:27,Electronics,South,Card,3,2989.0,10,8070.3,5.0
ORD-01248,2024-11-15 13:01,Groceries,East,Cash,2,360.0,15,612.0,5.0
ORD-01249,2024-11-15 14:38,Electronics,West,UPI,4,7310.0,10,26316.0,5.0
ORD-01250,2024-11-15 16:08,Beauty,East,Card,2,1019.0,5,1936.1,5.0
ORD-01251,2024-11-15 16:27,Electronics,North,Card,2,2591.0,0,5182.0,4.0
ORD-01252,2024-11-15 20:23,Groceries,North,UPI,2,211.0,5,400.9,2.0
ORD-01253,2024-11-15 20:59,Home,North,UPI,1,1735.0,15,1474.75,3.0
ORD-01254,2024-11-15 21:42,Clothing,North,UPI,4,2204.0,0,8816.0,4.0
ORD-01255,2024-11-16 09:02,Clothing,East,UPI,2,1519.0,0,3038.0,3.0
ORD-01256,2024-11-16 09:33,Groceries,North,Cash,3,389.0,0,1167.0,3.0
ORD-01257,2024-11-16 11:28,Groceries,East,UPI,4,221.0,0,884.0,2.0
ORD-01258,2024-11-16 11:47,Groceries,East,Card,4,127.0,5,482.6,4.0
ORD-01259,2024-11-16 16:14,Groceries,South,UPI,5,354.0,10,1593.0,4.0
ORD-01260,2024-11-16 16:17,Electronics,North,Card,1,5821.0,5,5529.95,3.0
ORD-01261,2024-11-16 16:22,Beauty,South,UPI,4,644.0,10,2318.4,4.0
ORD-01262,2024-11-16 19:23,Electronics,North,UPI,2,5315.0,5,10098.5,3.0
ORD-01263,2024-11-16 19:57,Groceries,West,Card,4,271.0,15,921.4,4.0
ORD-01264,2024-11-17 10:39,Beauty,South,UPI,2,495.0,0,990.0,3.0
ORD-01265,2024-11-17 11:39,Beauty,North,UPI,1,992.0,0,992.0,4.0
ORD-01266,2024-11-17 11:59,Electronics,North,Card,5,4404.0,5,20919.0,5.0
ORD-01267,2024-11-17 13:29,Clothing,East,Net Banking,4,1101.0,20,3523.2,2.0
ORD-01268,2024-11-17 14:00,Groceries,East,Card,2,346.0,10,622.8,5.0
ORD-01269,2024-11-17 14:40,Clothing,West,Card,5,1454.0,10,6543.0,5.0
ORD-01270,2024-11-17 15:20,Groceries,North,Card,3,261.0,0,783.0,5.0
ORD-01271,2024-11-17 15:22,Groceries,North,Card,3,453.0,0,1359.0,5.0
ORD-01272,2024-11-17 15:44,Clothing,East,Card,2,991.0,20,1585.6,4.0
ORD-01273,2024-11-17 18:49,Clothing,South,Card,3,1142.0,5,3254.7,2.0
ORD-01274,2024-11-17 21:16,Groceries,South,Card,5,523.0,10,2353.5,2.0
ORD-01275,2024-11-17 21:30,Home,West,Cash,1,1277.0,15,1085.45,3.0
ORD-01276,2024-11-17 21:31,Clothing,South,UPI,3,1460.0,10,3942.0,4.0
ORD-01277,2024-11-18 12:11,Electronics,South,UPI,1,7808.0,0,7808.0,5.0
ORD-01278,2024-11-18 13:13,Clothing,West,Card,1,1312.0,0,1312.0,3.0
ORD-01279,2024-11-18 17:56,Groceries,North,Cash,1,338.0,0,338.0,4.0
ORD-01280,2024-11-19 12:16,Home,North,Cash,2,2948.0,20,4716.8,5.0
ORD-01281,2024-11-19 14:12,Home,North,UPI,4,1793.0,15,6096.2,1.0
ORD-01282,2024-11-19 15:52,Beauty,North,Card,4,743.0,5,2823.4,1.0
ORD-01283,2024-11-19 17:31,Groceries,South,Net Banking,4,315.0,15,1071.0,3.0
ORD-01284,2024-11-19 18:36,Home,West,UPI,1,1882.0,0,1882.0,3.0
ORD-01285,2024-11-20 16:23,Clothing,West,Card,1,1547.0,0,1547.0,4.0
ORD-01286,2024-11-20 21:47,Groceries,East,UPI,5,321.0,0,1605.0,4.0
ORD-01287,2024-11-21 09:08,Groceries,West,Cash,5,129.0,15,548.25,4.0
ORD-01288,2024-11-21 10:34,Home,South,UPI,4,2077.0,0,8308.0,3.0
ORD-01289,2024-11-21 13:26,Home,South,Cash,5,1218.0,0,6090.0,4.0
ORD-01290,2024-11-21 15:39,Clothing,North,UPI,5,1467.0,0,7335.0,3.0
ORD-01291,2024-11-21 16:25,Home,South,UPI,3,1799.0,5,5127.15,4.0
ORD-01292,2024-11-21 18:55,Home,South,UPI,3,2309.0,5,6580.65,1.0
ORD-01293,2024-11-22 09:04,Beauty,North,UPI,5,501.0,0,2505.0,5.0
ORD-01294,2024-11-22 13:19,Groceries,West,Cash,4,294.0,15,999.6,4.0
ORD-01295,2024-11-23 09:12,Beauty,North,UPI,5,629.0,20,2516.0,3.0
ORD-01296,2024-11-23 10:04,Home,East,UPI,2,1000.0,0,2000.0,4.0
ORD-01297,2024-11-23 12:22,Groceries,North,Cash,2,467.0,20,747.2,4.0
ORD-01298,2024-11-23 15:44,Clothing,South,UPI,4,615.0,15,2091.0,5.0
ORD-01299,2024-11-23 16:54,Home,East,Card,5,2393.0,15,10170.25,5.0
ORD-01300,2024-11-23 20:15,Home,North,UPI,4,2029.0,0,8116.0,2.0
ORD-01301,2024-11-23 21:43,Groceries,North,Net Banking,3,329.0,15,838.95,4.0
ORD-01302,2024-11-24 09:06,Beauty,South,Card,1,772.0,5,733.4,3.0
ORD-01303,2024-11-24 09:12,Clothing,East,UPI,1,1314.0,0,1314.0,5.0
ORD-01304,2024-11-24 09:32,Groceries,South,Card,2,308.0,10,554.4,1.0
ORD-01305,2024-11-24 11:27,Clothing,South,UPI,2,1307.0,0,2614.0,4.0
ORD-01306,2024-11-24 15:11,Groceries,North,UPI,4,427.0,10,1537.2,5.0
ORD-01307,2024-11-25 10:07,Clothing,North,UPI,4,860.0,10,3096.0,4.0
ORD-01308,2024-11-25 11:43,Clothing,West,Card,2,1325.0,5,2517.5,5.0
ORD-01309,2024-11-25 16:54,Clothing,North,Card,5,255.0,0,1275.0,3.0
ORD-01310,2024-11-25 17:09,Electronics,South,UPI,2,2527.0,15,4295.9,5.0
ORD-01311,2024-11-25 19:08,Electronics,East,Cash,3,7016.0,0,21048.0,5.0
ORD-01312,2024-11-26 09:10,Groceries,West,UPI,3,306.0,15,780.3,4.0
ORD-01313,2024-11-26 11:23,Clothing,North,Card,3,893.0,10,2411.1,3.0
ORD-01314,2024-11-26 14:51,Electronics,South,UPI,1,5905.0,0,5905.0,4.0
ORD-01315,2024-11-26 16:26,Electronics,East,UPI,2,5287.0,5,10045.3,4.0
ORD-01316,2024-11-26 16:52,Electronics,North,Card,4,4221.0,20,13507.2,2.0
ORD-01317,2024-11-26 17:10,Electronics,North,Card,5,3050.0,20,12200.0,5.0
ORD-01318,2024-11-26 18:46,Beauty,West,Cash,3,287.0,0,861.0,5.0
ORD-01319,2024-11-27 09:56,Groceries,South,Card,1,428.0,0,428.0,5.0
ORD-01320,2024-11-27 10:30,Clothing,North,Cash,5,1048.0,0,5240.0,3.0
ORD-01321,2024-11-27 11:54,Groceries,South,Net Banking,3,452.0,10,1220.4,4.0
ORD-01322,2024-11-27 16:18,Electronics,South,Net Banking,3,5221.0,0,15663.0,3.0
ORD-01323,2024-11-27 16:52,Groceries,North,UPI,3,387.0,0,1161.0,3.0
ORD-01324,2024-11-27 21:58,Beauty,North,UPI,5,674.0,0,3370.0,3.0
ORD-01325,2024-11-28 10:15,Electronics,South,Cash,1,6080.0,20,4864.0,2.0
ORD-01326,2024-11-28 12:26,Electronics,South,UPI,2,6167.0,0,12334.0,4.0
ORD-01327,2024-11-28 13:09,Groceries,South,Cash,5,303.0,10,1363.5,3.0
ORD-01328,2024-11-28 13:47,Electronics,North,UPI,2,3787.0,0,7574.0,3.0
ORD-01329,2024-11-28 14:11,Electronics,East,Cash,5,7379.0,10,33205.5,4.0
ORD-01330,2024-11-28 14:46,Groceries,East,UPI,2,517.0,5,982.3,5.0
ORD-01331,2024-11-28 16:19,Groceries,South,Cash,3,524.0,20,1257.6,5.0
ORD-01332,2024-11-28 18:05,Clothing,North,Card,1,1001.0,10,900.9,4.0
ORD-01333,2024-11-28 20:10,Home,North,UPI,4,1404.0,0,5616.0,3.0
ORD-01334,2024-11-29 09:29,Electronics,West,Card,2,5002.0,5,9503.8,4.0
ORD-01335,2024-11-29 09:49,Clothing,North,Card,5,1137.0,0,5685.0,
ORD-01336,2024-11-29 10:03,Groceries,South,Cash,1,344.0,0,344.0,3.0
ORD-01337,2024-11-29 10:49,Groceries,East,Card,1,245.0,20,196.0,3.0
ORD-01338,2024-11-29 14:27,Groceries,East,Card,3,195.0,5,555.75,5.0
ORD-01339,2024-11-29 20:07,Groceries,West,UPI,1,355.0,15,301.75,2.0
ORD-01340,2024-11-30 10:43,Groceries,South,Cash,2,50.0,0,100.0,3.0
ORD-01341,2024-11-30 10:59,Home,West,UPI,4,1746.0,15,5936.4,3.0
ORD-01342,2024-11-30 15:47,Groceries,North,Net Banking,3,251.0,15,640.05,5.0
ORD-01343,2024-11-30 17:56,Clothing,West,Card,3,1481.0,10,3998.7,4.0
ORD-01344,2024-11-30 18:18,Home,North,Cash,1,2366.0,0,2366.0,5.0
ORD-01345,2024-11-30 18:37,Clothing,West,Cash,4,1586.0,15,5392.4,5.0
ORD-01346,2024-11-30 21:11,Home,West,UPI,1,1613.0,15,1371.05,
ORD-01347,2024-12-01 09:41,Clothing,East,UPI,3,791.0,0,2373.0,3.0
ORD-01348,2024-12-01 12:57,Groceries,East,UPI,4,264.0,20,844.8,
ORD-01349,2024-12-01 17:47,Groceries,North,UPI,4,380.0,15,1292.0,5.0
ORD-01350,2024-12-01 18:08,Groceries,South,UPI,2,177.0,0,354.0,5.0
ORD-01351,2024-12-02 10:46,Electronics,North,Cash,1,8508.0,0,8508.0,5.0
ORD-01352,2024-12-02 11:52,Clothing,East,Card,5,1081.0,0,5405.0,5.0
ORD-01353,2024-12-02 15:08,Home,North,Card,2,2070.0,5,3933.0,4.0
ORD-01354,2024-12-02 17:20,Beauty,North,Card,3,326.0,15,831.3,4.0
ORD-01355,2024-12-02 18:21,Groceries,North,UPI,2,253.0,15,430.1,4.0
ORD-01356,2024-12-03 09:18,Electronics,East,UPI,1,2570.0,0,2570.0,4.0
ORD-01357,2024-12-03 11:52,Clothing,South,UPI,3,1568.0,5,4468.8,3.0
ORD-01358,2024-12-03 16:25,Groceries,South,Cash,3,333.0,5,949.05,3.0
ORD-01359,2024-12-04 11:24,Electronics,North,Cash,4,7028.0,5,26706.4,2.0
ORD-01360,2024-12-04 12:50,Home,South,UPI,4,1834.0,10,6602.4,2.0
ORD-01361,2024-12-04 14:48,Groceries,South,Cash,5,399.0,10,1795.5,3.0
ORD-01362,2024-12-04 16:19,Clothing,North,Card,5,1079.0,0,5395.0,4.0
ORD-01363,2024-12-04 16:22,Clothing,East,UPI,3,1127.0,0,3381.0,4.0
ORD-01364,2024-12-04 16:43,Electronics,South,UPI,2,5835.0,15,9919.5,4.0
ORD-01365,2024-12-04 19:26,Groceries,West,UPI,4,393.0,0,1572.0,5.0
ORD-01366,2024-12-04 21:40,Groceries,North,Cash,3,395.0,5,1125.75,4.0
ORD-01367,2024-12-05 09:36,Clothing,South,Cash,2,2212.0,20,3539.2,4.0
ORD-01368,2024-12-05 10:53,Groceries,West,Card,1,527.0,15,447.95,
ORD-01369,2024-12-05 11:09,Clothing,West,UPI,3,560.0,10,1512.0,2.0
ORD-01370,2024-12-05 15:16,Groceries,South,UPI,3,335.0,0,1005.0,4.0
ORD-01371,2024-12-05 19:13,Home,North,UPI,5,1581.0,10,7114.5,5.0
ORD-01372,2024-12-06 10:21,Clothing,South,UPI,5,1661.0,10,7474.5,3.0
ORD-01373,2024-12-06 11:08,Clothing,South,Card,2,1086.0,5,2063.4,5.0
ORD-01374,2024-12-06 12:38,Home,North,UPI,1,2051.0,0,2051.0,3.0
ORD-01375,2024-12-06 13:49,Clothing,North,UPI,4,359.0,0,1436.0,4.0
ORD-01376,2024-12-07 09:55,Clothing,South,Card,3,655.0,5,1866.75,5.0
ORD-01377,2024-12-07 17:04,Home,North,UPI,1,2930.0,20,2344.0,5.0
ORD-01378,2024-12-08 10:19,Groceries,West,Card,4,355.0,10,1278.0,4.0
ORD-01379,2024-12-08 15:38,Beauty,North,Cash,2,490.0,0,980.0,4.0
ORD-01380,2024-12-08 18:17,Groceries,West,Card,1,376.0,0,376.0,2.0
ORD-01381,2024-12-08 18:28,Groceries,South,Net Banking,4,239.0,5,908.2,4.0
ORD-01382,2024-12-09 09:14,Electronics,West,Card,4,5490.0,5,20862.0,4.0
ORD-01383,2024-12-09 13:24,Electronics,East,Cash,4,3385.0,0,13540.0,2.0
ORD-01384,2024-12-09 16:02,Groceries,North,Card,2,267.0,20,427.2,2.0
ORD-01385,2024-12-09 17:17,Electronics,North,Cash,3,5251.0,20,12602.4,
ORD-01386,2024-12-10 09:09,Groceries,North,UPI,3,468.0,20,1123.2,3.0
ORD-01387,2024-12-10 11:54,Clothing,East,UPI,5,1367.0,5,6493.25,5.0
ORD-01388,2024-12-10 13:16,Electronics,North,UPI,1,7149.0,15,6076.65,3.0
ORD-01389,2024-12-11 09:50,Groceries,East,Card,5,347.0,10,1561.5,4.0
ORD-01390,2024-12-11 14:28,Groceries,West,UPI,2,436.0,5,828.4,4.0
ORD-01391,2024-12-11 15:05,Clothing,South,Net Banking,4,886.0,0,3544.0,4.0
ORD-01392,2024-12-11 17:17,Home,East,Card,3,1404.0,0,4212.0,4.0
ORD-01393,2024-12-11 17:21,Electronics,West,UPI,2,6734.0,0,13468.0,4.0
ORD-01394,2024-12-12 09:29,Electronics,East,Card,2,5498.0,15,9346.6,4.0
ORD-01395,2024-12-12 16:06,Beauty,North,Cash,2,697.0,10,1254.6,5.0
ORD-01396,2024-12-13 13:36,Beauty,North,Cash,4,666.0,20,2131.2,4.0
ORD-01397,2024-12-13 14:23,Clothing,South,Card,4,1651.0,5,6273.8,4.0
ORD-01398,2024-12-13 16:33,Clothing,North,UPI,4,1670.0,0,6680.0,4.0
ORD-01399,2024-12-13 17:51,Home,South,Cash,4,1462.0,5,5555.6,3.0
ORD-01400,2024-12-13 18:17,Groceries,West,Net Banking,1,165.0,0,165.0,3.0
ORD-01401,2024-12-13 21:12,Electronics,South,Cash,2,4719.0,20,7550.4,3.0
ORD-01402,2024-12-13 21:23,Electronics,North,Card,2,4385.0,0,8770.0,5.0
ORD-01403,2024-12-14 10:00,Electronics,North,UPI,2,7497.0,0,14994.0,5.0
ORD-01404,2024-12-14 10:45,Home,West,Net Banking,2,2297.0,5,4364.3,1.0
ORD-01405,2024-12-14 12:01,Groceries,North,UPI,1,242.0,15,205.7,
ORD-01406,2024-12-14 12:51,Clothing,North,UPI,5,928.0,5,4408.0,5.0
ORD-01407,2024-12-14 14:43,Electronics,South,Card,1,3338.0,0,3338.0,4.0
ORD-01408,2024-12-14 16:33,Electronics,South,Card,3,6242.0,10,16853.4,
ORD-01409,2024-12-14 19:13,Groceries,South,Cash,3,345.0,0,1035.0,4.0
ORD-01410,2024-12-14 20:02,Home,South,Card,4,2226.0,10,8013.6,4.0
ORD-01411,2024-12-14 21:35,Groceries,South,UPI,5,402.0,10,1809.0,4.0
ORD-01412,2024-12-15 13:18,Home,North,Card,4,2130.0,0,8520.0,5.0
ORD-01413,2024-12-15 14:43,Clothing,South,Cash,4,645.0,5,2451.0,4.0
ORD-01414,2024-12-15 15:18,Groceries,East,Cash,2,284.0,0,568.0,4.0
ORD-01415,2024-12-15 20:48,Clothing,South,UPI,5,1542.0,0,7710.0,3.0
ORD-01416,2024-12-15 21:24,Electronics,West,UPI,1,5031.0,10,4527.9,3.0
ORD-01417,2024-12-15 21:56,Groceries,North,UPI,4,179.0,0,716.0,5.0
ORD-01418,2024-12-16 11:14,Home,South,Cash,1,2236.0,0,2236.0,5.0
ORD-01419,2024-12-16 12:29,Electronics,East,Card,2,4961.0,10,8929.8,5.0
ORD-01420,2024-12-16 13:53,Groceries,South,Card,5,462.0,10,2079.0,2.0
ORD-01421,2024-12-16 14:06,Home,North,UPI,4,1790.0,15,6086.0,5.0
ORD-01422,2024-12-16 19:01,Home,South,Cash,4,1650.0,15,5610.0,1.0
ORD-01423,2024-12-16 19:40,Groceries,West,Cash,5,493.0,5,2341.75,
ORD-01424,2024-12-16 20:37,Electronics,South,Card,2,3655.0,5,6944.5,4.0
ORD-01425,2024-12-16 21:24,Home,North,UPI,4,2574.0,5,9781.2,4.0
ORD-01426,2024-12-17 17:25,Electronics,North,Card,2,4849.0,10,8728.2,4.0
ORD-01427,2024-12-17 17:36,Clothing,South,Cash,3,1258.0,5,3585.3,
ORD-01428,2024-12-17 18:15,Electronics,North,Card,3,6309.0,20,15141.6,5.0
ORD-01429,2024-12-17 19:12,Groceries,West,Cash,4,305.0,10,1098.0,3.0
ORD-01430,2024-12-18 09:03,Groceries,West,UPI,1,270.0,0,270.0,
ORD-01431,2024-12-18 10:24,Home,West,UPI,1,1600.0,10,1440.0,4.0
ORD-01432,2024-12-18 11:23,Groceries,South,UPI,1,243.0,0,243.0,3.0
ORD-01433,2024-12-18 17:06,Beauty,South,UPI,2,1112.0,20,1779.2,3.0
ORD-01434,2024-12-18 19:52,Groceries,South,UPI,3,299.0,0,897.0,3.0
ORD-01435,2024-12-19 15:35,Groceries,North,Card,1,472.0,10,424.8,3.0
ORD-01436,2024-12-20 12:50,Electronics,South,UPI,5,7849.0,10,35320.5,4.0
ORD-01437,2024-12-20 13:10,Electronics,North,Cash,3,6653.0,0,19959.0,5.0
ORD-01438,2024-12-21 21:36,Groceries,North,UPI,2,336.0,10,604.8,5.0
ORD-01439,2024-12-22 10:34,Groceries,West,UPI,5,370.0,0,1850.0,4.0
ORD-01440,2024-12-22 10:54,Clothing,East,UPI,1,1406.0,0,1406.0,2.0
ORD-01441,2024-12-22 12:18,Groceries,West,UPI,1,361.0,0,361.0,4.0
ORD-01442,2024-12-22 20:06,Clothing,South,Card,2,636.0,15,1081.2,4.0
ORD-01443,2024-12-23 12:29,Clothing,West,Card,1,545.0,15,463.25,5.0
ORD-01444,2024-12-23 13:22,Clothing,South,Card,4,1743.0,0,6972.0,4.0
ORD-01445,2024-12-23 16:43,Electronics,North,Cash,4,1258.0,15,4277.2,4.0
ORD-01446,2024-12-23 17:35,Clothing,South,UPI,2,1270.0,15,2159.0,3.0
ORD-01447,2024-12-23 18:06,Home,South,Card,5,1673.0,0,8365.0,5.0
ORD-01448,2024-12-23 18:34,Home,South,UPI,1,1887.0,20,1509.6,5.0
ORD-01449,2024-12-23 19:00,Electronics,East,UPI,3,3948.0,0,11844.0,
ORD-01450,2024-12-23 19:39,Electronics,South,UPI,4,6631.0,15,22545.4,5.0
ORD-01451,2024-12-24 09:12,Groceries,West,Cash,2,372.0,5,706.8,3.0
ORD-01452,2024-12-24 11:05,Clothing,North,Cash,5,2194.0,20,8776.0,1.0
ORD-01453,2024-12-24 12:11,Home,East,UPI,3,1870.0,0,5610.0,5.0
ORD-01454,2024-12-24 13:37,Groceries,West,UPI,5,492.0,0,2460.0,4.0
ORD-01455,2024-12-24 14:14,Home,South,Cash,4,991.0,15,3369.4,2.0
ORD-01456,2024-12-24 21:08,Electronics,West,Cash,2,7836.0,10,14104.8,3.0
ORD-01457,2024-12-25 11:38,Beauty,East,Card,5,748.0,10,3366.0,3.0
ORD-01458,2024-12-25 16:47,Home,North,UPI,1,1946.0,10,1751.4,3.0
ORD-01459,2024-12-25 19:54,Groceries,East,UPI,1,380.0,10,342.0,4.0
ORD-01460,2024-12-26 09:03,Beauty,East,Cash,4,1058.0,0,4232.0,2.0
ORD-01461,2024-12-26 09:47,Groceries,North,UPI,5,377.0,0,1885.0,4.0
ORD-01462,2024-12-26 16:08,Electronics,South,Card,2,4589.0,0,9178.0,4.0
ORD-01463,2024-12-26 16:15,Groceries,North,UPI,4,285.0,0,1140.0,5.0
ORD-01464,2024-12-26 20:16,Home,North,Card,4,2241.0,15,7619.4,5.0
ORD-01465,2024-12-27 15:25,Home,West,Card,4,2042.0,0,8168.0,2.0
ORD-01466,2024-12-27 17:40,Groceries,West,UPI,5,189.0,5,897.75,1.0
ORD-01467,2024-12-27 17:58,Groceries,East,UPI,1,404.0,0,404.0,3.0
ORD-01468,2024-12-27 18:05,Clothing,South,UPI,1,810.0,15,688.5,4.0
ORD-01469,2024-12-27 18:30,Clothing,South,Cash,5,1358.0,0,6790.0,4.0
ORD-01470,2024-12-28 11:51,Groceries,North,Net Banking,3,265.0,0,795.0,1.0
ORD-01471,2024-12-28 12:05,Clothing,South,UPI,3,1099.0,15,2802.45,4.0
ORD-01472,2024-12-28 12:50,Electronics,East,UPI,3,5019.0,0,15057.0,5.0
ORD-01473,2024-12-28 13:25,Home,South,Cash,2,2620.0,10,4716.0,3.0
ORD-01474,2024-12-28 14:11,Groceries,South,Cash,2,392.0,0,784.0,1.0
ORD-01475,2024-12-29 11:40,Groceries,North,Cash,2,482.0,10,867.6,5.0
ORD-01476,2024-12-29 16:57,Electronics,West,UPI,1,11211.0,0,11211.0,5.0
ORD-01477,2024-12-30 12:37,Clothing,North,UPI,2,1217.0,0,2434.0,1.0
ORD-01478,2024-12-30 14:25,Groceries,South,Net Banking,5,508.0,5,2413.0,4.0
ORD-01479,2024-12-30 14:34,Home,South,Card,1,1422.0,10,1279.8,3.0
ORD-01480,2024-12-30 19:06,Electronics,South,UPI,4,8259.0,15,28080.6,4.0
ORD-01481,2024-12-31 12:38,Home,South,Cash,1,1364.0,0,1364.0,5.0
ORD-01482,2024-12-31 14:09,Home,East,Card,4,1790.0,10,6444.0,3.0
ORD-01483,2024-12-31 16:16,Home,South,UPI,2,2090.0,0,4180.0,3.0
ORD-01484,2024-12-31 16:32,Groceries,North,Net Banking,4,423.0,10,1522.8,4.0
ORD-01485,2024-12-31 16:58,Clothing,West,Card,3,742.0,20,1780.8,4.0
ORD-01486,2024-12-31 19:39,Home,East,UPI,4,1332.0,0,5328.0,5.0
ORD-01487,2024-12-31 19:46,Groceries,West,UPI,4,414.0,0,1656.0,4.0
ORD-01488,2025-01-01 09:39,Clothing,North,Card,3,1068.0,10,2883.6,5.0
ORD-01489,2025-01-01 10:04,Clothing,West,Card,4,697.0,15,2369.8,5.0
ORD-01490,2025-01-01 17:01,Groceries,East,UPI,5,343.0,10,1543.5,4.0
ORD-01491,2025-01-01 20:45,Groceries,South,Card,3,338.0,5,963.3,3.0
ORD-01492,2025-01-02 09:00,Home,North,UPI,1,1896.0,10,1706.4,3.0
ORD-01493,2025-01-02 10:48,Clothing,North,UPI,1,1391.0,0,1391.0,4.0
ORD-01494,2025-01-02 13:35,Clothing,West,Net Banking,3,1368.0,20,3283.2,2.0
ORD-01495,2025-01-03 20:58,Beauty,South,UPI,3,539.0,15,1374.45,1.0
ORD-01496,2025-01-04 16:12,Clothing,East,Cash,4,1052.0,15,3576.8,1.0
ORD-01497,2025-01-04 16:41,Electronics,East,UPI,4,7670.0,15,26078.0,5.0
ORD-01498,2025-01-04 20:00,Home,East,UPI,1,1507.0,20,1205.6,4.0
ORD-01499,2025-01-04 20:40,Beauty,South,UPI,4,617.0,0,2468.0,5.0
ORD-01500,2025-01-05 10:48,Groceries,West,Net Banking,5,192.0,20,768.0,5.0
ORD-01501,2025-01-05 12:39,Clothing,North,UPI,2,1190.0,0,2380.0,5.0
ORD-01502,2025-01-05 13:24,Groceries,West,UPI,63,386.0,0,24318.0,4.0
ORD-01503,2025-01-05 14:25,Home,South,UPI,5,733.0,0,3665.0,4.0
ORD-01504,2025-01-05 17:30,Home,North,Card,3,1222.0,0,3666.0,5.0
ORD-01505,2025-01-05 17:31,Electronics,South,UPI,4,3441.0,5,13075.8,5.0
ORD-01506,2025-01-05 19:46,Home,East,UPI,5,2226.0,5,10573.5,5.0
ORD-01507,2025-01-05 21:12,Groceries,East,Card,5,149.0,0,745.0,4.0
ORD-01508,2025-01-06 09:29,Electronics,North,Cash,2,5858.0,0,11716.0,5.0
ORD-01509,2025-01-06 12:19,Electronics,North,Cash,4,7292.0,0,29168.0,4.0
ORD-01510,2025-01-06 14:10,Electronics,East,Net Banking,3,6338.0,10,17112.6,4.0
ORD-01511,2025-01-06 17:30,Beauty,North,UPI,3,608.0,5,1732.8,3.0
ORD-01512,2025-01-07 10:20,Clothing,North,UPI,4,1325.0,10,4770.0,2.0
ORD-01513,2025-01-07 20:15,Groceries,East,UPI,5,459.0,10,2065.5,3.0
ORD-01514,2025-01-08 09:29,Electronics,South,Cash,1,5806.0,10,5225.4,5.0
ORD-01515,2025-01-08 19:00,Home,North,Cash,5,591.0,0,2955.0,3.0
ORD-01516,2025-01-08 21:57,Groceries,South,Card,2,471.0,5,894.9,5.0
ORD-01517,2025-01-09 13:40,Beauty,South,Card,5,784.0,5,3724.0,2.0
ORD-01518,2025-01-09 20:17,Groceries,East,Card,1,347.0,0,347.0,2.0
ORD-01519,2025-01-09 21:23,Home,North,Card,5,731.0,15,3106.75,4.0
ORD-01520,2025-01-10 11:12,Groceries,South,UPI,3,319.0,0,957.0,3.0
ORD-01521,2025-01-10 11:41,Groceries,South,Card,5,258.0,20,1032.0,2.0
ORD-01522,2025-01-10 12:44,Beauty,South,UPI,3,445.0,0,1335.0,2.0
ORD-01523,2025-01-10 13:33,Groceries,North,UPI,4,336.0,10,1209.6,4.0
ORD-01524,2025-01-10 15:01,Home,North,UPI,3,1511.0,0,4533.0,3.0
ORD-01525,2025-01-10 21:01,Electronics,East,Net Banking,2,5154.0,20,8246.4,4.0
ORD-01526,2025-01-10 21:15,Groceries,North,Net Banking,2,428.0,15,727.6,3.0
ORD-01527,2025-01-11 14:30,Beauty,West,Cash,3,754.0,0,2262.0,1.0
ORD-01528,2025-01-11 19:37,Home,West,Cash,3,1532.0,0,4596.0,1.0
ORD-01529,2025-01-12 09:24,Groceries,South,UPI,4,285.0,10,1026.0,2.0
ORD-01530,2025-01-12 15:52,Groceries,East,UPI,5,302.0,0,1510.0,5.0
ORD-01531,2025-01-12 17:57,Home,East,UPI,4,1666.0,0,6664.0,4.0
ORD-01532,2025-01-12 21:07,Clothing,North,UPI,1,1410.0,20,1128.0,
ORD-01533,2025-01-13 09:33,Beauty,South,Cash,3,481.0,10,1298.7,5.0
ORD-01534,2025-01-13 10:23,Clothing,West,UPI,1,1725.0,0,1725.0,
ORD-01535,2025-01-13 12:14,Electronics,North,Net Banking,3,7053.0,5,20101.05,5.0
ORD-01536,2025-01-13 14:49,Home,South,Card,3,322.0,0,966.0,5.0
ORD-01537,2025-01-14 10:12,Clothing,South,UPI,5,1231.0,15,5231.75,5.0
ORD-01538,2025-01-14 10:23,Clothing,North,Cash,2,1575.0,0,3150.0,5.0
ORD-01539,2025-01-14 17:28,Clothing,South,Cash,3,1340.0,0,4020.0,2.0
ORD-01540,2025-01-14 21:19,Beauty,West,Card,3,613.0,0,1839.0,4.0
ORD-01541,2025-01-15 09:38,Groceries,North,UPI,1,344.0,20,275.2,
ORD-01542,2025-01-15 11:02,Beauty,North,UPI,1,737.0,0,737.0,4.0
ORD-01543,2025-01-15 13:31,Clothing,North,Card,4,1477.0,10,5317.2,3.0
ORD-01544,2025-01-15 18:50,Clothing,East,Cash,2,691.0,5,1312.9,2.0
ORD-01545,2025-01-15 19:23,Clothing,South,UPI,2,982.0,15,1669.4,5.0
ORD-01546,2025-01-15 20:36,Clothing,South,Cash,5,1790.0,0,8950.0,4.0
ORD-01547,2025-01-15 20:40,Electronics,East,UPI,2,6059.0,15,10300.3,3.0
ORD-01548,2025-01-15 20:42,Electronics,West,Net Banking,5,8750.0,20,35000.0,2.0
ORD-01549,2025-01-16 15:23,Groceries,North,UPI,4,663.0,0,2652.0,
ORD-01550,2025-01-16 18:35,Groceries,West,Cash,2,298.0,0,596.0,3.0
ORD-01551,2025-01-17 10:04,Clothing,South,UPI,5,769.0,20,3076.0,3.0
ORD-01552,2025-01-17 15:31,Groceries,North,Cash,4,322.0,5,1223.6,
ORD-01553,2025-01-17 17:18,Clothing,North,Cash,2,1596.0,15,2713.2,1.0
ORD-01554,2025-01-17 17:29,Groceries,South,UPI,3,480.0,15,1224.0,3.0
ORD-01555,2025-01-17 20:33,Home,West,UPI,50,3027.0,0,151350.0,4.0
ORD-01556,2025-01-18 14:06,Home,South,Net Banking,5,1780.0,0,8900.0,3.0
ORD-01557,2025-01-18 14:51,Home,East,Net Banking,3,2064.0,0,6192.0,3.0
ORD-01558,2025-01-18 18:30,Clothing,North,Cash,1,944.0,5,896.8,4.0
ORD-01559,2025-01-18 19:02,Groceries,North,UPI,4,87.0,5,330.6,4.0
ORD-01560,2025-01-19 10:03,Home,West,UPI,4,1779.0,10,6404.4,
ORD-01561,2025-01-19 10:38,Beauty,West,UPI,2,458.0,5,870.2,5.0
ORD-01562,2025-01-19 11:16,Groceries,South,Cash,5,418.0,15,1776.5,5.0
ORD-01563,2025-01-19 11:50,Groceries,North,UPI,3,152.0,0,456.0,4.0
ORD-01564,2025-01-19 13:38,Home,North,UPI,2,1401.0,5,2661.9,4.0
ORD-01565,2025-01-19 16:24,Beauty,West,Net Banking,4,756.0,0,3024.0,5.0
ORD-01566,2025-01-19 21:56,Clothing,North,Card,1,1334.0,0,1334.0,1.0
ORD-01567,2025-01-20 09:50,Electronics,North,Card,5,5915.0,0,29575.0,4.0
ORD-01568,2025-01-20 10:49,Home,East,Net Banking,4,2808.0,20,8985.6,2.0
ORD-01569,2025-01-20 17:33,Groceries,West,Card,2,515.0,0,1030.0,3.0
ORD-01570,2025-01-20 17:43,Electronics,North,UPI,1,4768.0,0,4768.0,5.0
ORD-01571,2025-01-21 11:50,Clothing,East,Net Banking,3,1779.0,10,4803.3,1.0
ORD-01572,2025-01-21 12:38,Groceries,South,Net Banking,3,535.0,10,1444.5,3.0
ORD-01573,2025-01-21 12:42,Groceries,East,UPI,4,337.0,5,1280.6,
ORD-01574,2025-01-21 13:12,Home,North,UPI,2,1825.0,0,3650.0,4.0
ORD-01575,2025-01-21 13:33,Electronics,West,UPI,2,5909.0,0,11818.0,5.0
ORD-01576,2025-01-21 14:37,Clothing,East,UPI,3,968.0,0,2904.0,4.0
ORD-01577,2025-01-21 14:41,Groceries,West,UPI,5,293.0,0,1465.0,5.0
ORD-01578,2025-01-21 19:41,Electronics,South,UPI,5,8375.0,0,41875.0,4.0
ORD-01579,2025-01-22 18:38,Groceries,West,Card,2,396.0,10,712.8,5.0
ORD-01580,2025-01-23 11:32,Groceries,South,UPI,1,292.0,15,248.2,5.0
ORD-01581,2025-01-23 14:06,Clothing,South,Cash,1,867.0,0,867.0,3.0
ORD-01582,2025-01-23 17:10,Home,North,Card,3,1391.0,0,4173.0,5.0
ORD-01583,2025-01-23 21:34,Electronics,West,UPI,1,5705.0,15,4849.25,3.0
ORD-01584,2025-01-24 12:19,Home,South,Cash,4,2293.0,5,8713.4,4.0
ORD-01585,2025-01-24 13:31,Groceries,East,Card,1,260.0,10,234.0,3.0
ORD-01586,2025-01-24 17:16,Groceries,East,Cash,3,445.0,15,1134.75,4.0
ORD-01587,2025-01-24 21:44,Home,East,Cash,4,1906.0,10,6861.6,5.0
ORD-01588,2025-01-25 11:14,Clothing,South,Cash,3,1251.0,10,3377.7,5.0
ORD-01589,2025-01-25 11:59,Home,East,Cash,4,2354.0,0,9416.0,4.0
ORD-01590,2025-01-25 14:03,Electronics,South,Cash,2,7518.0,20,12028.8,5.0
ORD-01591,2025-01-25 18:39,Beauty,East,UPI,4,405.0,10,1458.0,4.0
ORD-01592,2025-01-25 21:37,Electronics,South,Card,3,4049.0,0,12147.0,3.0
ORD-01593,2025-01-26 09:21,Groceries,East,Card,4,326.0,5,1238.8,5.0
ORD-01594,2025-01-26 09:55,Electronics,West,Net Banking,5,6641.0,0,33205.0,1.0
ORD-01595,2025-01-26 13:25,Clothing,South,Card,2,1691.0,5,3212.9,
ORD-01596,2025-01-26 14:39,Electronics,North,UPI,2,6117.0,0,12234.0,1.0
ORD-01597,2025-01-26 20:22,Electronics,South,Card,5,9067.0,10,40801.5,3.0
ORD-01598,2025-01-26 20:38,Electronics,West,UPI,4,4728.0,5,17966.4,4.0
ORD-01599,2025-01-27 10:18,Electronics,West,Card,5,5032.0,5,23902.0,3.0
ORD-01600,2025-01-27 17:21,Groceries,North,Card,2,318.0,10,572.4,3.0
ORD-01601,2025-01-28 14:23,Groceries,West,Net Banking,2,264.0,0,528.0,
ORD-01602,2025-01-28 14:43,Electronics,North,UPI,1,8087.0,0,8087.0,1.0
ORD-01603,2025-01-28 18:30,Beauty,West,Net Banking,4,118.0,5,448.4,5.0
ORD-01604,2025-01-29 10:02,Groceries,West,Cash,5,297.0,5,1410.75,4.0
ORD-01605,2025-01-29 19:41,Clothing,South,UPI,5,1613.0,20,6452.0,3.0
ORD-01606,2025-01-30 12:30,Clothing,West,UPI,2,1088.0,0,2176.0,
ORD-01607,2025-01-31 16:31,Groceries,South,Net Banking,3,463.0,5,1319.55,3.0
ORD-01608,2025-01-31 18:56,Groceries,South,Cash,3,581.0,20,1394.4,4.0
ORD-01609,2025-02-01 12:05,Home,West,UPI,1,1843.0,10,1658.7,4.0
ORD-01610,2025-02-01 17:06,Groceries,North,Card,1,473.0,0,473.0,2.0
ORD-01611,2025-02-01 17:08,Beauty,North,UPI,2,1208.0,5,2295.2,5.0
ORD-01612,2025-02-01 21:40,Groceries,North,Card,3,392.0,15,999.6,3.0
ORD-01613,2025-02-02 09:04,Beauty,East,UPI,5,690.0,5,3277.5,4.0
ORD-01614,2025-02-02 09:49,Groceries,East,UPI,5,445.0,0,2225.0,5.0
ORD-01615,2025-02-02 11:52,Groceries,West,UPI,4,474.0,5,1801.2,3.0
ORD-01616,2025-02-02 14:08,Groceries,West,Card,5,346.0,0,1730.0,2.0
ORD-01617,2025-02-02 18:22,Home,West,UPI,4,1539.0,5,5848.2,4.0
ORD-01618,2025-02-02 19:02,Electronics,East,Cash,3,9091.0,20,21818.4,4.0
ORD-01619,2025-02-02 21:55,Electronics,West,Cash,5,5513.0,20,22052.0,5.0
ORD-01620,2025-02-03 12:30,Clothing,North,Card,5,1630.0,10,7335.0,4.0
ORD-01621,2025-02-03 14:42,Clothing,East,Net Banking,2,1295.0,15,2201.5,5.0
ORD-01622,2025-02-04 09:26,Beauty,North,Cash,2,1084.0,15,1842.8,4.0
ORD-01623,2025-02-04 18:12,Groceries,North,UPI,5,261.0,20,1044.0,5.0
ORD-01624,2025-02-04 18:52,Electronics,North,UPI,1,4468.0,15,3797.8,
ORD-01625,2025-02-04 20:19,Clothing,North,Card,3,1508.0,15,3845.4,5.0
ORD-01626,2025-02-05 15:08,Clothing,West,Cash,2,793.0,0,1586.0,3.0
ORD-01627,2025-02-06 09:46,Home,South,Net Banking,4,1863.0,0,7452.0,3.0
ORD-01628,2025-02-06 10:13,Beauty,West,UPI,5,1025.0,0,5125.0,4.0
ORD-01629,2025-02-06 12:54,Electronics,South,UPI,2,2787.0,10,5016.6,5.0
ORD-01630,2025-02-06 20:46,Clothing,East,Cash,2,1345.0,20,2152.0,
ORD-01631,2025-02-06 21:13,Beauty,South,Cash,2,954.0,20,1526.4,3.0
ORD-01632,2025-02-07 11:22,Groceries,West,Card,4,347.0,15,1179.8,5.0
ORD-01633,2025-02-07 13:10,Home,North,Card,2,1299.0,15,2208.3,5.0
ORD-01634,2025-02-08 15:09,Clothing,East,Cash,4,1105.0,5,4199.0,
ORD-01635,2025-02-08 16:08,Clothing,West,Card,2,898.0,5,1706.2,4.0
ORD-01636,2025-02-08 17:31,Groceries,East,Cash,4,357.0,10,1285.2,4.0
ORD-01637,2025-02-08 18:30,Electronics,West,Net Banking,1,5502.0,0,5502.0,5.0
ORD-01638,2025-02-08 19:52,Home,North,UPI,2,1523.0,10,2741.4,2.0
ORD-01639,2025-02-08 20:26,Home,South,UPI,2,2052.0,10,3693.6,5.0
ORD-01640,2025-02-08 21:11,Clothing,North,Net Banking,3,1768.0,0,5304.0,4.0
ORD-01641,2025-02-09 09:13,Groceries,South,UPI,4,384.0,10,1382.4,5.0
ORD-01642,2025-02-09 14:50,Home,North,UPI,4,2526.0,5,9598.8,4.0
ORD-01643,2025-02-09 19:18,Beauty,East,Card,5,1032.0,10,4644.0,3.0
ORD-01644,2025-02-10 20:03,Clothing,West,Card,4,989.0,15,3362.6,5.0
ORD-01645,2025-02-10 21:48,Home,East,UPI,1,1948.0,0,1948.0,5.0
ORD-01646,2025-02-11 11:38,Electronics,West,Cash,4,5235.0,15,17799.0,5.0
ORD-01647,2025-02-12 16:33,Beauty,South,UPI,1,389.0,0,389.0,3.0
ORD-01648,2025-02-12 16:40,Groceries,North,UPI,3,387.0,0,1161.0,
ORD-01649,2025-02-12 16:47,Electronics,East,UPI,3,4106.0,5,11702.1,5.0
ORD-01650,2025-02-13 18:43,Groceries,North,Card,2,401.0,15,681.7,4.0
ORD-01651,2025-02-14 10:08,Groceries,South,Cash,4,187.0,20,598.4,1.0
ORD-01652,2025-02-14 10:21,Groceries,West,Card,4,368.0,0,1472.0,3.0
ORD-01653,2025-02-14 13:30,Clothing,South,Cash,4,635.0,10,2286.0,2.0
ORD-01654,2025-02-14 18:15,Groceries,North,UPI,3,421.0,15,1073.55,3.0
ORD-01655,2025-02-14 21:35,Home,North,UPI,5,1588.0,20,6352.0,3.0
ORD-01656,2025-02-15 09:02,Clothing,East,UPI,4,1024.0,0,4096.0,5.0
ORD-01657,2025-02-15 11:16,Clothing,North,Cash,2,1606.0,0,3212.0,4.0
ORD-01658,2025-02-15 21:01,Home,East,Card,4,1626.0,5,6178.8,2.0
ORD-01659,2025-02-16 09:42,Groceries,South,Cash,3,362.0,20,868.8,4.0
ORD-01660,2025-02-16 12:56,Groceries,East,UPI,1,329.0,0,329.0,4.0
ORD-01661,2025-02-16 14:52,Home,West,Net Banking,5,2074.0,5,9851.5,5.0
ORD-01662,2025-02-17 16:26,Electronics,North,Cash,4,7877.0,20,25206.4,5.0
ORD-01663,2025-02-17 20:04,Home,East,Net Banking,4,2251.0,5,8553.8,2.0
ORD-01664,2025-02-18 09:32,Groceries,North,UPI,4,301.0,10,1083.6,5.0
ORD-01665,2025-02-18 11:27,Electronics,North,UPI,3,8176.0,20,19622.4,
ORD-01666,2025-02-18 16:24,Beauty,South,Card,2,508.0,0,1016.0,5.0
ORD-01667,2025-02-18 17:28,Home,South,Card,5,1399.0,0,6995.0,5.0
ORD-01668,2025-02-19 11:08,Clothing,West,Cash,3,1154.0,0,3462.0,5.0
ORD-01669,2025-02-19 13:55,Beauty,West,UPI,2,920.0,10,1656.0,3.0
ORD-01670,2025-02-19 15:19,Beauty,West,Card,4,454.0,0,1816.0,
ORD-01671,2025-02-19 17:20,Home,North,UPI,1,2281.0,0,2281.0,1.0
ORD-01672,2025-02-19 20:46,Electronics,East,Card,2,5901.0,0,11802.0,3.0
ORD-01673,2025-02-20 09:26,Electronics,East,UPI,1,5219.0,5,4958.05,
ORD-01674,2025-02-20 09:51,Home,North,Net Banking,1,2393.0,15,2034.05,2.0
ORD-01675,2025-02-20 18:00,Beauty,East,UPI,5,531.0,5,2522.25,4.0
ORD-01676,2025-02-21 10:28,Clothing,West,Card,3,2023.0,10,5462.1,2.0
ORD-01677,2025-02-21 16:50,Groceries,West,UPI,5,331.0,20,1324.0,
ORD-01678,2025-02-21 18:26,Electronics,West,UPI,4,6270.0,10,22572.0,5.0
ORD-01679,2025-02-22 10:38,Groceries,North,Card,2,512.0,10,921.6,1.0
ORD-01680,2025-02-22 11:54,Groceries,West,UPI,2,368.0,0,736.0,4.0
ORD-01681,2025-02-22 12:12,Electronics,West,Card,3,8140.0,5,23199.0,5.0
ORD-01682,2025-02-22 13:02,Groceries,East,UPI,1,145.0,0,145.0,4.0
ORD-01683,2025-02-22 13:48,Groceries,North,Cash,3,304.0,5,866.4,4.0
ORD-01684,2025-02-22 18:01,Groceries,South,Cash,3,392.0,20,940.8,5.0
ORD-01685,2025-02-22 19:09,Home,North,Cash,1,2384.0,0,2384.0,4.0
ORD-01686,2025-02-23 10:19,Electronics,North,UPI,3,7385.0,0,22155.0,4.0
ORD-01687,2025-02-23 11:31,Electronics,West,Card,5,7217.0,15,30672.25,5.0
ORD-01688,2025-02-23 13:37,Groceries,West,UPI,5,461.0,20,1844.0,5.0
ORD-01689,2025-02-23 16:46,Groceries,West,UPI,3,400.0,10,1080.0,4.0
ORD-01690,2025-02-23 20:21,Clothing,North,Cash,1,428.0,0,428.0,4.0
ORD-01691,2025-02-23 20:22,Beauty,East,UPI,5,1003.0,5,4764.25,5.0
ORD-01692,2025-02-23 21:56,Clothing,South,UPI,3,898.0,5,2559.3,4.0
ORD-01693,2025-02-24 14:00,Clothing,South,Cash,4,1313.0,10,4726.8,4.0
ORD-01694,2025-02-24 16:50,Home,South,UPI,1,1898.0,10,1708.2,2.0
ORD-01695,2025-02-24 17:02,Beauty,West,UPI,2,710.0,15,1207.0,2.0
ORD-01696,2025-02-24 17:02,Groceries,East,Net Banking,2,234.0,0,468.0,4.0
ORD-01697,2025-02-25 09:46,Electronics,West,UPI,4,2510.0,20,8032.0,5.0
ORD-01698,2025-02-25 17:20,Clothing,North,Cash,4,839.0,0,3356.0,3.0
ORD-01699,2025-02-26 09:55,Clothing,South,UPI,4,1497.0,0,5988.0,5.0
ORD-01700,2025-02-26 12:40,Groceries,South,Net Banking,2,198.0,15,336.6,5.0
ORD-01701,2025-02-26 15:04,Groceries,East,Cash,2,258.0,5,490.2,5.0
ORD-01702,2025-02-26 15:18,Clothing,West,UPI,1,1350.0,5,1282.5,5.0
ORD-01703,2025-02-26 16:35,Groceries,North,Net Banking,2,242.0,0,484.0,3.0
ORD-01704,2025-02-26 18:25,Home,North,UPI,1,1507.0,0,1507.0,4.0
ORD-01705,2025-02-26 20:06,Clothing,West,Cash,5,1229.0,0,6145.0,2.0
ORD-01706,2025-02-27 19:46,Electronics,South,Card,4,6509.0,10,23432.4,4.0
ORD-01707,2025-02-28 13:00,Home,South,UPI,4,1234.0,0,4936.0,1.0
ORD-01708,2025-02-28 14:56,Electronics,West,Card,5,6254.0,20,25016.0,5.0
ORD-01709,2025-02-28 18:51,Electronics,East,UPI,4,6718.0,10,24184.8,5.0
ORD-01710,2025-03-01 10:12,Electronics,East,Card,2,3708.0,15,6303.6,3.0
ORD-01711,2025-03-01 16:29,Groceries,North,Card,2,373.0,15,634.1,4.0
ORD-01712,2025-03-01 16:30,Groceries,East,UPI,1,275.0,10,247.5,4.0
ORD-01713,2025-03-02 10:17,Groceries,South,Cash,4,363.0,5,1379.4,5.0
ORD-01714,2025-03-02 10:36,Clothing,East,Net Banking,5,1460.0,20,5840.0,5.0
ORD-01715,2025-03-02 14:26,Groceries,South,Card,4,331.0,5,1257.8,
ORD-01716,2025-03-02 14:49,Electronics,North,Card,3,7644.0,0,22932.0,
ORD-01717,2025-03-02 16:00,Home,South,UPI,2,2227.0,5,4231.3,5.0
ORD-01718,2025-03-02 16:03,Beauty,South,Net Banking,3,891.0,0,2673.0,2.0
ORD-01719,2025-03-02 18:23,Groceries,South,Cash,2,392.0,10,705.6,5.0
ORD-01720,2025-03-02 20:35,Clothing,North,Net Banking,1,1596.0,20,1276.8,3.0
ORD-01721,2025-03-03 09:34,Home,West,Cash,3,2008.0,10,5421.6,4.0
ORD-01722,2025-03-03 20:16,Electronics,South,UPI,2,2999.0,0,5998.0,4.0
ORD-01723,2025-03-04 09:08,Clothing,South,UPI,4,915.0,0,3660.0,5.0
ORD-01724,2025-03-04 09:24,Beauty,East,Card,5,656.0,0,3280.0,2.0
ORD-01725,2025-03-04 12:25,Electronics,East,UPI,1,5843.0,0,5843.0,5.0
ORD-01726,2025-03-04 18:58,Electronics,South,Card,1,6644.0,5,6311.8,5.0
ORD-01727,2025-03-05 17:33,Groceries,North,UPI,5,265.0,10,1192.5,5.0
ORD-01728,2025-03-05 20:52,Groceries,North,Cash,2,561.0,10,1009.8,5.0
ORD-01729,2025-03-06 11:42,Groceries,North,Card,2,339.0,10,610.2,5.0
ORD-01730,2025-03-06 17:29,Electronics,North,UPI,5,5986.0,5,28433.5,5.0
ORD-01731,2025-03-06 19:42,Groceries,East,Cash,5,280.0,0,1400.0,4.0
ORD-01732,2025-03-07 13:01,Clothing,South,UPI,3,839.0,10,2265.3,5.0
ORD-01733,2025-03-07 16:16,Beauty,North,UPI,1,673.0,5,639.35,5.0
ORD-01734,2025-03-07 21:23,Clothing,East,UPI,4,1210.0,0,4840.0,4.0
ORD-01735,2025-03-08 15:09,Electronics,North,UPI,4,5844.0,10,21038.4,3.0
ORD-01736,2025-03-08 16:23,Groceries,West,UPI,3,524.0,0,1572.0,3.0
ORD-01737,2025-03-08 18:10,Clothing,South,UPI,3,1155.0,0,3465.0,5.0
ORD-01738,2025-03-08 18:52,Groceries,South,UPI,3,341.0,5,971.85,5.0
ORD-01739,2025-03-09 16:06,Clothing,North,UPI,4,1494.0,0,5976.0,3.0
ORD-01740,2025-03-09 17:50,Clothing,South,Card,3,1138.0,10,3072.6,5.0
ORD-01741,2025-03-10 14:38,Electronics,South,Cash,5,6971.0,0,34855.0,3.0
ORD-01742,2025-03-10 16:23,Clothing,West,UPI,1,740.0,15,629.0,4.0
ORD-01743,2025-03-10 16:31,Electronics,North,UPI,1,3712.0,5,3526.4,5.0
ORD-01744,2025-03-10 16:33,Clothing,South,UPI,1,1244.0,0,1244.0,5.0
ORD-01745,2025-03-10 19:05,Electronics,East,UPI,1,5583.0,0,5583.0,4.0
ORD-01746,2025-03-10 19:10,Home,South,UPI,3,1363.0,20,3271.2,5.0
ORD-01747,2025-03-11 12:14,Groceries,South,Card,1,363.0,5,344.85,5.0
ORD-01748,2025-03-11 19:56,Electronics,West,Cash,1,6376.0,10,5738.4,5.0
ORD-01749,2025-03-11 20:57,Electronics,South,Cash,3,4722.0,15,12041.1,5.0
ORD-01750,2025-03-12 12:45,Electronics,North,Net Banking,5,5066.0,0,25330.0,4.0
ORD-01751,2025-03-12 13:44,Clothing,West,Net Banking,5,1278.0,5,6070.5,1.0
ORD-01752,2025-03-12 18:42,Groceries,North,UPI,2,243.0,10,437.4,
ORD-01753,2025-03-12 19:22,Clothing,East,UPI,1,983.0,15,835.55,2.0
ORD-01754,2025-03-13 10:26,Beauty,North,Card,4,812.0,5,3085.6,3.0
ORD-01755,2025-03-13 16:28,Home,North,Card,4,1787.0,20,5718.4,2.0
ORD-01756,2025-03-13 21:31,Electronics,South,Card,5,5141.0,10,23134.5,3.0
ORD-01757,2025-03-14 09:28,Electronics,West,Card,3,4374.0,15,11153.7,4.0
ORD-01758,2025-03-14 12:19,Electronics,North,Net Banking,1,4176.0,0,4176.0,3.0
ORD-01759,2025-03-14 17:40,Electronics,North,Card,5,5763.0,5,27374.25,3.0
ORD-01760,2025-03-14 19:26,Groceries,North,Net Banking,2,563.0,0,1126.0,3.0
ORD-01761,2025-03-14 21:54,Electronics,North,Net Banking,2,7018.0,20,11228.8,2.0
ORD-01762,2025-03-15 10:57,Electronics,North,UPI,3,3601.0,0,10803.0,4.0
ORD-01763,2025-03-15 11:14,Electronics,West,UPI,5,7273.0,10,32728.5,5.0
ORD-01764,2025-03-15 15:13,Groceries,East,UPI,2,270.0,0,540.0,5.0
ORD-01765,2025-03-15 17:09,Electronics,South,UPI,3,5991.0,0,17973.0,
ORD-01766,2025-03-15 19:19,Beauty,North,Cash,3,576.0,0,1728.0,5.0
ORD-01767,2025-03-15 19:46,Clothing,North,Net Banking,5,1928.0,10,8676.0,5.0
ORD-01768,2025-03-15 20:06,Clothing,South,UPI,5,792.0,0,3960.0,1.0
ORD-01769,2025-03-15 20:32,Groceries,South,UPI,4,383.0,15,1302.2,3.0
ORD-01770,2025-03-16 14:01,Groceries,West,Cash,1,278.0,10,250.2,4.0
ORD-01771,2025-03-16 14:13,Clothing,North,Card,2,1466.0,20,2345.6,4.0
ORD-01772,2025-03-16 15:07,Groceries,South,Cash,4,381.0,10,1371.6,5.0
ORD-01773,2025-03-16 16:32,Clothing,East,UPI,5,1652.0,10,7434.0,3.0
ORD-01774,2025-03-16 17:38,Clothing,South,UPI,4,1459.0,10,5252.4,5.0
ORD-01775,2025-03-17 12:25,Electronics,East,UPI,3,4752.0,0,14256.0,4.0
ORD-01776,2025-03-17 17:04,Groceries,East,UPI,4,656.0,5,2492.8,5.0
ORD-01777,2025-03-18 13:51,Groceries,North,UPI,2,408.0,15,693.6,4.0
ORD-01778,2025-03-19 11:23,Groceries,West,UPI,4,292.0,0,1168.0,3.0
ORD-01779,2025-03-19 13:41,Beauty,South,Card,3,743.0,0,2229.0,4.0
ORD-01780,2025-03-19 17:53,Groceries,North,Cash,4,416.0,10,1497.6,
ORD-01781,2025-03-19 17:58,Home,East,UPI,5,2120.0,15,9010.0,3.0
ORD-01782,2025-03-19 19:50,Clothing,East,Cash,5,1379.0,0,6895.0,5.0
ORD-01783,2025-03-19 20:58,Groceries,North,UPI,4,451.0,15,1533.4,4.0
ORD-01784,2025-03-20 11:52,Groceries,South,Card,4,441.0,0,1764.0,3.0
ORD-01785,2025-03-20 12:27,Clothing,West,UPI,1,895.0,5,850.25,4.0
ORD-01786,2025-03-20 18:14,Clothing,East,Cash,1,1959.0,20,1567.2,4.0
ORD-01787,2025-03-20 20:11,Groceries,South,UPI,5,557.0,5,2645.75,3.0
ORD-01788,2025-03-20 20:25,Electronics,South,UPI,3,7442.0,5,21209.7,2.0
ORD-01789,2025-03-21 10:19,Clothing,East,Net Banking,3,1214.0,20,2913.6,5.0
ORD-01790,2025-03-22 11:37,Home,East,UPI,4,1830.0,0,7320.0,3.0
ORD-01791,2025-03-22 14:18,Groceries,North,Cash,1,316.0,0,316.0,5.0
ORD-01792,2025-03-22 21:52,Electronics,South,Cash,1,5650.0,20,4520.0,1.0
ORD-01793,2025-03-22 21:54,Electronics,South,UPI,1,2064.0,5,1960.8,4.0
ORD-01794,2025-03-23 13:12,Beauty,East,UPI,3,1021.0,20,2450.4,4.0
ORD-01795,2025-03-23 13:31,Beauty,East,Cash,1,947.0,15,804.95,3.0
ORD-01796,2025-03-23 18:00,Groceries,East,Net Banking,1,174.0,5,165.3,4.0
ORD-01797,2025-03-23 18:36,Electronics,South,UPI,4,7602.0,5,28887.6,4.0
ORD-01798,2025-03-23 20:06,Clothing,South,Cash,4,1197.0,5,4548.6,4.0
ORD-01799,2025-03-23 21:43,Clothing,West,Cash,2,1128.0,0,2256.0,5.0
ORD-01800,2025-03-23 21:43,Home,West,Card,4,2066.0,5,7850.8,5.0
ORD-01801,2025-03-24 09:03,Groceries,West,Cash,1,167.0,15,141.95,3.0
ORD-01802,2025-03-24 15:27,Home,West,UPI,3,1794.0,20,4305.6,4.0
ORD-01803,2025-03-24 20:24,Clothing,West,Card,2,1229.0,20,1966.4,3.0
ORD-01804,2025-03-25 13:57,Home,North,Net Banking,2,1843.0,20,2948.8,1.0
ORD-01805,2025-03-25 18:51,Clothing,South,Cash,5,708.0,0,3540.0,3.0
ORD-01806,2025-03-26 10:06,Clothing,South,UPI,1,1361.0,5,1292.95,4.0
ORD-01807,2025-03-26 10:12,Groceries,South,Card,4,461.0,0,1844.0,5.0
ORD-01808,2025-03-26 10:47,Groceries,West,UPI,2,393.0,10,707.4,4.0
ORD-01809,2025-03-26 14:41,Home,South,UPI,3,1676.0,20,4022.4,5.0
ORD-01810,2025-03-26 17:50,Groceries,North,UPI,2,632.0,15,1074.4,5.0
ORD-01811,2025-03-26 18:08,Beauty,North,UPI,4,506.0,15,1720.4,3.0
ORD-01812,2025-03-27 10:23,Clothing,North,Card,1,1478.0,0,1478.0,3.0
ORD-01813,2025-03-27 19:06,Clothing,South,UPI,1,1288.0,5,1223.6,4.0
ORD-01814,2025-03-28 12:08,Clothing,North,Cash,2,1924.0,0,3848.0,4.0
ORD-01815,2025-03-28 14:43,Electronics,North,Cash,5,6696.0,5,31806.0,1.0
ORD-01816,2025-03-28 18:20,Home,South,Card,1,2125.0,0,2125.0,1.0
ORD-01817,2025-03-28 18:35,Electronics,East,UPI,1,6910.0,15,5873.5,4.0
ORD-01818,2025-03-28 21:34,Clothing,East,Net Banking,3,819.0,5,2334.15,
ORD-01819,2025-03-29 11:56,Clothing,North,UPI,1,887.0,10,798.3,4.0
ORD-01820,2025-03-29 13:20,Groceries,West,Card,3,321.0,15,818.55,5.0
ORD-01821,2025-03-29 16:07,Beauty,North,UPI,2,901.0,0,1802.0,5.0
ORD-01822,2025-03-30 09:53,Home,East,Net Banking,4,1926.0,10,6933.6,5.0
ORD-01823,2025-03-30 13:01,Clothing,West,UPI,1,1126.0,15,957.1,4.0
ORD-01824,2025-03-30 15:18,Groceries,West,Net Banking,1,494.0,20,395.2,4.0
ORD-01825,2025-03-30 15:39,Clothing,South,Net Banking,1,486.0,0,486.0,3.0
ORD-01826,2025-03-30 17:39,Beauty,North,Net Banking,4,428.0,10,1540.8,5.0
ORD-01827,2025-03-30 18:43,Electronics,West,Cash,4,1506.0,5,5722.8,4.0
ORD-01828,2025-03-31 09:05,Beauty,East,Cash,1,954.0,0,954.0,3.0
ORD-01829,2025-03-31 13:22,Home,East,Net Banking,3,1748.0,0,5244.0,5.0
ORD-01830,2025-03-31 15:58,Groceries,South,UPI,4,451.0,5,1713.8,4.0
ORD-01831,2025-04-01 09:11,Home,West,Cash,1,1741.0,0,1741.0,5.0
ORD-01832,2025-04-01 14:38,Clothing,West,UPI,1,1568.0,10,1411.2,2.0
ORD-01833,2025-04-01 21:22,Clothing,East,UPI,4,1154.0,0,4616.0,4.0
ORD-01834,2025-04-02 10:02,Clothing,West,UPI,3,1348.0,0,4044.0,
ORD-01835,2025-04-02 10:51,Electronics,South,Net Banking,4,6474.0,10,23306.4,4.0
ORD-01836,2025-04-02 15:36,Groceries,North,UPI,3,385.0,0,1155.0,3.0
ORD-01837,2025-04-02 16:01,Groceries,East,Card,5,527.0,0,2635.0,4.0
ORD-01838,2025-04-02 17:20,Home,East,Card,1,923.0,0,923.0,4.0
ORD-01839,2025-04-02 19:33,Home,South,Card,1,1763.0,0,1763.0,2.0
ORD-01840,2025-04-02 20:08,Electronics,North,UPI,4,6356.0,5,24152.8,3.0
ORD-01841,2025-04-02 21:18,Clothing,East,Card,5,1217.0,15,5172.25,3.0
ORD-01842,2025-04-03 09:24,Clothing,North,Card,1,1057.0,10,951.3,3.0
ORD-01843,2025-04-03 21:57,Electronics,East,Net Banking,4,5038.0,0,20152.0,4.0
ORD-01844,2025-04-04 13:48,Groceries,West,Net Banking,5,511.0,0,2555.0,4.0
ORD-01845,2025-04-04 14:48,Groceries,North,UPI,3,343.0,15,874.65,5.0
ORD-01846,2025-04-04 16:32,Groceries,West,UPI,5,606.0,0,3030.0,4.0
ORD-01847,2025-04-04 19:27,Groceries,North,Card,2,405.0,0,810.0,4.0
ORD-01848,2025-04-05 09:28,Home,South,Card,5,1644.0,0,8220.0,3.0
ORD-01849,2025-04-05 14:44,Groceries,West,Cash,3,408.0,10,1101.6,4.0
ORD-01850,2025-04-05 16:06,Beauty,North,Cash,2,723.0,10,1301.4,3.0
ORD-01851,2025-04-06 14:44,Home,North,UPI,1,2525.0,0,2525.0,5.0
ORD-01852,2025-04-06 19:33,Groceries,West,Cash,5,227.0,0,1135.0,3.0
ORD-01853,2025-04-07 13:06,Electronics,North,UPI,4,2758.0,10,9928.8,5.0
ORD-01854,2025-04-07 16:04,Home,South,Net Banking,4,1995.0,0,7980.0,4.0
ORD-01855,2025-04-07 21:26,Clothing,South,UPI,4,1501.0,5,5703.8,5.0
ORD-01856,2025-04-08 14:32,Clothing,North,Cash,2,1303.0,15,2215.1,5.0
ORD-01857,2025-04-08 16:32,Groceries,North,UPI,1,421.0,0,421.0,5.0
ORD-01858,2025-04-09 10:11,Clothing,West,Card,4,1389.0,0,5556.0,4.0
ORD-01859,2025-04-09 15:05,Electronics,South,UPI,2,3335.0,10,6003.0,3.0
ORD-01860,2025-04-10 19:33,Electronics,South,Cash,4,6506.0,10,23421.6,4.0
ORD-01861,2025-04-10 20:22,Home,East,Net Banking,5,2511.0,5,11927.25,1.0
ORD-01862,2025-04-11 10:59,Groceries,South,Cash,4,368.0,5,1398.4,4.0
ORD-01863,2025-04-11 11:15,Beauty,South,Card,3,425.0,5,1211.25,5.0
ORD-01864,2025-04-11 12:54,Home,West,UPI,5,1620.0,5,7695.0,4.0
ORD-01865,2025-04-12 15:15,Clothing,East,Net Banking,3,1400.0,0,4200.0,3.0
ORD-01866,2025-04-13 14:56,Home,South,UPI,3,2770.0,0,8310.0,5.0
ORD-01867,2025-04-13 14:58,Groceries,South,Card,5,145.0,0,725.0,1.0
ORD-01868,2025-04-13 18:19,Clothing,West,UPI,2,1330.0,5,2527.0,5.0
ORD-01869,2025-04-13 19:38,Beauty,East,Cash,2,504.0,0,1008.0,5.0
ORD-01870,2025-04-13 20:29,Beauty,South,UPI,1,807.0,5,766.65,3.0
ORD-01871,2025-04-13 21:29,Electronics,South,UPI,4,7058.0,10,25408.8,2.0
ORD-01872,2025-04-14 11:17,Home,North,UPI,3,1674.0,20,4017.6,5.0
ORD-01873,2025-04-14 14:39,Electronics,West,Card,4,7137.0,10,25693.2,2.0
ORD-01874,2025-04-14 15:19,Beauty,East,UPI,1,939.0,10,845.1,5.0
ORD-01875,2025-04-14 16:32,Groceries,South,Net Banking,2,333.0,0,666.0,4.0
ORD-01876,2025-04-15 10:05,Electronics,South,Cash,1,3593.0,10,3233.7,4.0
ORD-01877,2025-04-15 10:53,Home,West,Net Banking,2,2570.0,5,4883.0,4.0
ORD-01878,2025-04-15 13:05,Groceries,South,UPI,5,437.0,15,1857.25,4.0
ORD-01879,2025-04-15 18:15,Electronics,East,Card,5,7015.0,20,28060.0,4.0
ORD-01880,2025-04-15 19:43,Home,West,Card,3,1427.0,0,4281.0,
ORD-01881,2025-04-15 21:24,Home,West,Net Banking,1,2332.0,20,1865.6,4.0
ORD-01882,2025-04-16 13:22,Groceries,South,UPI,5,564.0,10,2538.0,1.0
ORD-01883,2025-04-16 16:02,Groceries,East,UPI,1,337.0,10,303.3,5.0
ORD-01884,2025-04-16 17:52,Electronics,South,UPI,1,6170.0,5,5861.5,4.0
ORD-01885,2025-04-17 09:23,Clothing,West,Card,3,817.0,0,2451.0,4.0
ORD-01886,2025-04-17 10:39,Groceries,North,Cash,5,274.0,15,1164.5,4.0
ORD-01887,2025-04-17 13:21,Clothing,South,UPI,4,813.0,0,3252.0,4.0
ORD-01888,2025-04-17 15:26,Groceries,South,Card,2,364.0,5,691.6,3.0
ORD-01889,2025-04-18 15:15,Beauty,West,UPI,3,628.0,0,1884.0,5.0
ORD-01890,2025-04-18 15:22,Home,North,UPI,1,2001.0,0,2001.0,4.0
ORD-01891,2025-04-19 17:39,Groceries,North,Net Banking,2,256.0,10,460.8,5.0
ORD-01892,2025-04-19 21:02,Groceries,West,Cash,4,332.0,10,1195.2,5.0
ORD-01893,2025-04-20 11:20,Home,South,Net Banking,3,1285.0,15,3276.75,
ORD-01894,2025-04-20 11:57,Home,South,UPI,5,1901.0,10,8554.5,4.0
ORD-01895,2025-04-20 14:45,Electronics,North,Cash,3,3062.0,10,8267.4,
ORD-01896,2025-04-20 15:29,Groceries,West,Card,5,366.0,20,1464.0,3.0
ORD-01897,2025-04-20 17:58,Electronics,East,Card,4,5498.0,5,20892.4,4.0
ORD-01898,2025-04-21 11:12,Electronics,East,UPI,3,6326.0,10,17080.2,4.0
ORD-01899,2025-04-21 21:09,Clothing,West,UPI,5,605.0,15,2571.25,2.0
ORD-01900,2025-04-22 12:10,Groceries,West,UPI,5,419.0,10,1885.5,4.0
ORD-01901,2025-04-22 20:13,Home,South,Cash,2,1639.0,10,2950.2,3.0
ORD-01902,2025-04-23 10:01,Beauty,North,Cash,2,746.0,5,1417.4,3.0
ORD-01903,2025-04-23 15:57,Clothing,East,Card,4,527.0,5,2002.6,4.0
ORD-01904,2025-04-23 16:50,Clothing,East,UPI,1,753.0,10,677.7,2.0
ORD-01905,2025-04-24 12:57,Electronics,North,Cash,4,5298.0,10,19072.8,2.0
ORD-01906,2025-04-24 14:11,Electronics,West,UPI,3,8476.0,5,24156.6,3.0
ORD-01907,2025-04-24 14:58,Electronics,South,Cash,4,6949.0,0,27796.0,
ORD-01908,2025-04-24 17:16,Beauty,South,UPI,1,727.0,0,727.0,5.0
ORD-01909,2025-04-24 17:43,Electronics,South,Cash,3,4336.0,5,12357.6,3.0
ORD-01910,2025-04-24 18:27,Home,West,UPI,3,1203.0,0,3609.0,5.0
ORD-01911,2025-04-24 19:52,Clothing,North,UPI,1,1300.0,5,1235.0,3.0
ORD-01912,2025-04-25 21:49,Groceries,South,Card,3,424.0,0,1272.0,4.0
ORD-01913,2025-04-26 10:15,Home,South,Card,4,1913.0,0,7652.0,3.0
ORD-01914,2025-04-26 11:06,Beauty,West,UPI,3,1059.0,15,2700.45,5.0
ORD-01915,2025-04-26 12:21,Clothing,South,Card,4,954.0,5,3625.2,5.0
ORD-01916,2025-04-26 13:39,Beauty,South,UPI,2,738.0,10,1328.4,4.0
ORD-01917,2025-04-26 16:35,Clothing,West,Net Banking,4,590.0,0,2360.0,1.0
ORD-01918,2025-04-26 18:28,Home,East,UPI,2,1914.0,0,3828.0,5.0
ORD-01919,2025-04-26 19:34,Electronics,North,UPI,2,8645.0,0,17290.0,3.0
ORD-01920,2025-04-26 20:08,Groceries,North,Card,1,241.0,0,241.0,4.0
ORD-01921,2025-04-26 20:43,Groceries,East,Cash,1,438.0,0,438.0,5.0
ORD-01922,2025-04-27 19:52,Home,South,UPI,1,2578.0,5,2449.1,4.0
ORD-01923,2025-04-27 19:56,Home,North,Cash,1,1428.0,0,1428.0,5.0
ORD-01924,2025-04-27 20:04,Clothing,South,Net Banking,4,1368.0,10,4924.8,5.0
ORD-01925,2025-04-27 20:32,Home,West,UPI,2,2653.0,5,5040.7,5.0
ORD-01926,2025-04-27 21:10,Clothing,East,UPI,2,1283.0,0,2566.0,3.0
ORD-01927,2025-04-27 21:45,Clothing,South,UPI,1,1483.0,15,1260.55,4.0
ORD-01928,2025-04-28 10:10,Electronics,North,Net Banking,3,2807.0,5,7999.95,4.0
ORD-01929,2025-04-28 13:26,Clothing,South,UPI,2,1415.0,0,2830.0,4.0
ORD-01930,2025-04-28 15:35,Electronics,West,UPI,2,6931.0,5,13168.9,4.0
ORD-01931,2025-04-28 16:22,Groceries,East,Net Banking,1,211.0,10,189.9,4.0
ORD-01932,2025-04-28 20:19,Electronics,North,Cash,3,4264.0,5,12152.4,5.0
ORD-01933,2025-04-29 10:02,Groceries,East,Card,2,413.0,20,660.8,3.0
ORD-01934,2025-04-29 11:59,Electronics,North,UPI,4,5455.0,0,21820.0,4.0
ORD-01935,2025-04-29 13:06,Groceries,South,Card,5,467.0,5,2218.25,5.0
ORD-01936,2025-04-29 13:15,Clothing,North,Cash,3,1312.0,15,3345.6,3.0
ORD-01937,2025-04-29 18:43,Clothing,West,UPI,3,1220.0,10,3294.0,3.0
ORD-01938,2025-04-30 16:14,Groceries,East,UPI,5,332.0,20,1328.0,5.0
ORD-01939,2025-04-30 20:55,Beauty,South,Net Banking,2,761.0,10,1369.8,3.0
ORD-01940,2025-04-30 21:49,Beauty,South,Cash,1,869.0,5,825.55,4.0
ORD-01941,2025-05-01 09:31,Clothing,West,UPI,4,1392.0,10,5011.2,5.0
ORD-01942,2025-05-01 10:29,Beauty,North,Net Banking,4,611.0,5,2321.8,4.0
ORD-01943,2025-05-01 10:56,Groceries,North,Card,3,480.0,0,1440.0,5.0
ORD-01944,2025-05-01 16:26,Beauty,West,Net Banking,2,838.0,5,1592.2,5.0
ORD-01945,2025-05-01 17:06,Electronics,West,UPI,1,6693.0,0,6693.0,4.0
ORD-01946,2025-05-01 20:07,Electronics,North,UPI,3,6165.0,10,16645.5,5.0
ORD-01947,2025-05-01 21:05,Electronics,North,Card,3,6900.0,10,18630.0,3.0
ORD-01948,2025-05-01 21:27,Home,East,UPI,3,811.0,20,1946.4,3.0
ORD-01949,2025-05-02 10:35,Electronics,North,UPI,2,6434.0,0,12868.0,4.0
ORD-01950,2025-05-02 11:09,Electronics,East,Card,1,8952.0,5,8504.4,4.0
ORD-01951,2025-05-02 17:18,Groceries,East,Card,3,373.0,0,1119.0,
ORD-01952,2025-05-03 11:32,Beauty,East,UPI,4,718.0,5,2728.4,4.0
ORD-01953,2025-05-03 14:20,Groceries,South,UPI,1,287.0,0,287.0,3.0
ORD-01954,2025-05-03 15:54,Groceries,West,Cash,1,402.0,5,381.9,3.0
ORD-01955,2025-05-03 18:19,Electronics,West,Card,3,5649.0,10,15252.3,4.0
ORD-01956,2025-05-03 20:17,Beauty,East,Card,1,975.0,0,975.0,5.0
ORD-01957,2025-05-03 20:21,Electronics,South,UPI,1,4445.0,10,4000.5,5.0
ORD-01958,2025-05-04 16:34,Clothing,West,UPI,4,1037.0,0,4148.0,4.0
ORD-01959,2025-05-04 20:14,Groceries,South,Cash,2,287.0,0,574.0,
ORD-01960,2025-05-05 09:39,Clothing,North,Cash,3,1860.0,20,4464.0,1.0
ORD-01961,2025-05-05 10:21,Groceries,North,Card,4,330.0,0,1320.0,4.0
ORD-01962,2025-05-05 10:49,Groceries,South,Card,1,292.0,0,292.0,4.0
ORD-01963,2025-05-05 17:44,Clothing,North,UPI,2,447.0,20,715.2,5.0
ORD-01964,2025-05-05 19:40,Electronics,East,UPI,2,4360.0,0,8720.0,4.0
ORD-01965,2025-05-06 14:58,Electronics,North,Card,3,6950.0,0,20850.0,5.0
ORD-01966,2025-05-06 19:35,Electronics,South,Card,3,6943.0,5,19787.55,5.0
ORD-01967,2025-05-07 09:51,Beauty,West,UPI,1,563.0,10,506.7,2.0
ORD-01968,2025-05-07 19:49,Groceries,North,UPI,3,287.0,10,774.9,5.0
ORD-01969,2025-05-08 11:18,Electronics,South,Net Banking,4,9348.0,10,33652.8,3.0
ORD-01970,2025-05-08 18:46,Electronics,West,Card,5,10853.0,20,43412.0,5.0
ORD-01971,2025-05-09 15:38,Home,North,Cash,3,2421.0,0,7263.0,4.0
ORD-01972,2025-05-09 19:53,Home,South,Card,4,2642.0,5,10039.6,4.0
ORD-01973,2025-05-10 12:26,Beauty,North,Cash,5,1072.0,20,4288.0,4.0
ORD-01974,2025-05-10 12:54,Electronics,East,UPI,4,9986.0,0,39944.0,4.0
ORD-01975,2025-05-10 16:34,Groceries,South,UPI,3,318.0,20,763.2,5.0
ORD-01976,2025-05-10 17:44,Electronics,West,Card,3,4419.0,20,10605.6,5.0
ORD-01977,2025-05-10 18:26,Home,East,Card,5,2790.0,20,11160.0,4.0
ORD-01978,2025-05-10 18:43,Clothing,East,UPI,4,853.0,0,3412.0,5.0
ORD-01979,2025-05-10 18:45,Groceries,West,Card,2,242.0,5,459.8,4.0
ORD-01980,2025-05-11 11:43,Electronics,North,UPI,3,4190.0,15,10684.5,4.0
ORD-01981,2025-05-11 12:35,Home,East,UPI,4,1729.0,0,6916.0,3.0
ORD-01982,2025-05-12 12:51,Clothing,East,Net Banking,3,486.0,5,1385.1,5.0
ORD-01983,2025-05-12 13:15,Home,East,Card,3,1026.0,0,3078.0,4.0
ORD-01984,2025-05-12 14:30,Electronics,East,UPI,4,4880.0,0,19520.0,4.0
ORD-01985,2025-05-12 16:22,Home,North,UPI,2,1154.0,15,1961.8,4.0
ORD-01986,2025-05-12 21:56,Electronics,West,Net Banking,4,7912.0,20,25318.4,5.0
ORD-01987,2025-05-13 21:43,Groceries,East,Net Banking,4,351.0,0,1404.0,3.0
ORD-01988,2025-05-14 09:04,Home,East,UPI,5,2112.0,0,10560.0,4.0
ORD-01989,2025-05-14 10:47,Clothing,West,UPI,5,1368.0,5,6498.0,4.0
ORD-01990,2025-05-14 13:41,Clothing,South,Card,4,1126.0,0,4504.0,2.0
ORD-01991,2025-05-14 15:23,Clothing,West,UPI,4,1556.0,10,5601.6,4.0
ORD-01992,2025-05-14 17:40,Clothing,North,Card,4,1363.0,10,4906.8,5.0
ORD-01993,2025-05-15 15:44,Groceries,North,UPI,2,317.0,5,602.3,
ORD-01994,2025-05-15 16:06,Electronics,South,UPI,5,2969.0,10,13360.5,5.0
ORD-01995,2025-05-15 16:25,Electronics,North,Card,3,6937.0,0,20811.0,5.0
ORD-01996,2025-05-15 19:37,Clothing,South,UPI,5,746.0,0,3730.0,3.0
ORD-01997,2025-05-16 12:53,Clothing,North,Card,2,1337.0,15,2272.9,4.0
ORD-01998,2025-05-16 16:22,Electronics,East,UPI,2,6142.0,0,12284.0,
ORD-01999,2025-05-16 18:21,Groceries,West,Card,4,207.0,0,828.0,
ORD-02000,2025-05-16 19:55,Electronics,East,Net Banking,3,6465.0,10,17455.5,4.0
ORD-02001,2025-05-17 11:07,Beauty,South,Card,3,740.0,0,2220.0,4.0
ORD-02002,2025-05-17 12:53,Home,West,Card,2,1905.0,5,3619.5,5.0
ORD-02003,2025-05-17 13:31,Clothing,East,Card,2,1253.0,15,2130.1,5.0
ORD-02004,2025-05-17 13:53,Home,West,Cash,4,1448.0,0,5792.0,4.0
ORD-02005,2025-05-17 15:48,Groceries,North,Card,1,412.0,5,391.4,5.0
ORD-02006,2025-05-17 16:22,Groceries,East,UPI,1,278.0,0,278.0,5.0
ORD-02007,2025-05-17 18:40,Clothing,North,UPI,5,813.0,10,3658.5,4.0
ORD-02008,2025-05-17 19:33,Groceries,North,Card,5,421.0,0,2105.0,1.0
ORD-02009,2025-05-18 13:26,Electronics,North,Cash,1,7686.0,15,6533.1,5.0
ORD-02010,2025-05-18 15:14,Groceries,East,UPI,1,414.0,0,414.0,
ORD-02011,2025-05-18 16:51,Electronics,North,Card,2,5627.0,10,10128.6,4.0
ORD-02012,2025-05-19 09:22,Clothing,South,Card,3,502.0,15,1280.1,5.0
ORD-02013,2025-05-19 09:29,Groceries,East,UPI,1,506.0,10,455.4,4.0
ORD-02014,2025-05-19 13:32,Electronics,South,Card,5,2481.0,10,11164.5,4.0
ORD-02015,2025-05-19 14:53,Clothing,South,UPI,3,1411.0,0,4233.0,5.0
ORD-02016,2025-05-19 15:41,Home,West,Card,3,2940.0,5,8379.0,5.0
ORD-02017,2025-05-19 16:28,Clothing,West,Cash,1,1254.0,0,1254.0,2.0
ORD-02018,2025-05-20 11:11,Electronics,West,Net Banking,2,6524.0,0,13048.0,
ORD-02019,2025-05-20 12:00,Clothing,East,Card,4,1337.0,5,5080.6,4.0
ORD-02020,2025-05-20 17:53,Beauty,North,UPI,4,742.0,10,2671.2,4.0
ORD-02021,2025-05-20 20:12,Groceries,North,Cash,2,597.0,5,1134.3,5.0
ORD-02022,2025-05-21 09:31,Groceries,South,Cash,3,261.0,20,626.4,1.0
ORD-02023,2025-05-21 10:00,Home,West,UPI,1,1277.0,10,1149.3,5.0
ORD-02024,2025-05-21 10:06,Groceries,North,UPI,3,316.0,5,900.6,4.0
ORD-02025,2025-05-21 10:32,Home,North,UPI,2,2740.0,5,5206.0,4.0
ORD-02026,2025-05-21 16:07,Groceries,East,Card,5,289.0,5,1372.75,4.0
ORD-02027,2025-05-21 21:36,Home,South,UPI,2,2032.0,5,3860.8,
ORD-02028,2025-05-22 09:17,Groceries,South,UPI,3,462.0,0,1386.0,4.0
ORD-02029,2025-05-22 10:53,Clothing,West,Card,4,1480.0,5,5624.0,4.0
ORD-02030,2025-05-22 14:18,Electronics,South,Net Banking,1,7833.0,10,7049.7,4.0
ORD-02031,2025-05-22 17:24,Electronics,West,UPI,2,8552.0,0,17104.0,
ORD-02032,2025-05-22 19:47,Groceries,South,Card,5,382.0,0,1910.0,3.0
ORD-02033,2025-05-22 20:01,Beauty,South,Net Banking,4,604.0,0,2416.0,5.0
ORD-02034,2025-05-22 21:51,Home,North,Net Banking,2,1879.0,0,3758.0,5.0
ORD-02035,2025-05-23 10:38,Home,South,UPI,3,1617.0,0,4851.0,3.0
ORD-02036,2025-05-23 12:05,Groceries,North,UPI,5,615.0,10,2767.5,5.0
ORD-02037,2025-05-23 15:52,Beauty,North,UPI,1,588.0,10,529.2,3.0
ORD-02038,2025-05-24 13:47,Groceries,North,UPI,2,401.0,0,802.0,4.0
ORD-02039,2025-05-25 09:09,Clothing,South,Card,2,660.0,20,1056.0,3.0
ORD-02040,2025-05-25 09:16,Groceries,North,Card,4,364.0,10,1310.4,
ORD-02041,2025-05-25 13:10,Clothing,North,Cash,3,1097.0,0,3291.0,4.0
ORD-02042,2025-05-25 16:34,Electronics,South,Card,3,7216.0,15,18400.8,4.0
ORD-02043,2025-05-25 18:14,Clothing,North,Cash,2,1453.0,10,2615.4,3.0
ORD-02044,2025-05-26 13:30,Clothing,North,Cash,2,1710.0,5,3249.0,2.0
ORD-02045,2025-05-26 18:35,Electronics,West,Card,3,8408.0,0,25224.0,3.0
ORD-02046,2025-05-26 19:27,Clothing,South,UPI,4,1176.0,15,3998.4,
ORD-02047,2025-05-26 21:57,Beauty,West,Cash,5,502.0,0,2510.0,4.0
ORD-02048,2025-05-27 11:40,Clothing,North,Cash,4,902.0,5,3427.6,3.0
ORD-02049,2025-05-27 17:48,Home,South,UPI,1,1963.0,15,1668.55,
ORD-02050,2025-05-27 21:00,Electronics,North,UPI,3,6284.0,15,16024.2,4.0
ORD-02051,2025-05-27 21:54,Beauty,South,Card,2,754.0,10,1357.2,3.0
ORD-02052,2025-05-28 09:56,Home,West,UPI,5,1511.0,0,7555.0,5.0
ORD-02053,2025-05-28 13:49,Beauty,West,Cash,3,1002.0,0,3006.0,4.0
ORD-02054,2025-05-28 15:10,Groceries,South,UPI,2,195.0,15,331.5,4.0
ORD-02055,2025-05-28 17:22,Groceries,North,Card,2,288.0,10,518.4,4.0
ORD-02056,2025-05-29 09:12,Clothing,East,UPI,1,812.0,15,690.2,3.0
ORD-02057,2025-05-29 12:16,Clothing,East,Card,3,1125.0,0,3375.0,4.0
ORD-02058,2025-05-29 12:25,Home,South,Cash,2,2473.0,20,3956.8,5.0
ORD-02059,2025-05-29 14:16,Electronics,South,UPI,3,5482.0,0,16446.0,4.0
ORD-02060,2025-05-29 18:37,Electronics,South,UPI,2,6183.0,0,12366.0,4.0
ORD-02061,2025-05-29 19:05,Home,South,UPI,3,2159.0,15,5505.45,4.0
ORD-02062,2025-05-30 14:06,Electronics,South,UPI,4,5396.0,5,20504.8,5.0
ORD-02063,2025-05-30 18:04,Groceries,North,Card,4,390.0,10,1404.0,3.0
ORD-02064,2025-05-30 20:06,Electronics,South,UPI,5,6451.0,5,30642.25,4.0
ORD-02065,2025-05-30 21:12,Clothing,South,UPI,1,793.0,15,674.05,4.0
ORD-02066,2025-05-31 10:58,Clothing,South,Card,1,1033.0,0,1033.0,5.0
ORD-02067,2025-05-31 13:25,Groceries,South,Cash,3,387.0,0,1161.0,5.0
ORD-02068,2025-05-31 14:36,Home,East,UPI,3,2492.0,10,6728.4,5.0
ORD-02069,2025-05-31 20:26,Home,South,Cash,4,2492.0,15,8472.8,5.0
ORD-02070,2025-06-01 12:04,Clothing,North,Net Banking,2,1954.0,20,3126.4,4.0
ORD-02071,2025-06-01 20:06,Clothing,South,Card,3,1375.0,0,4125.0,3.0
ORD-02072,2025-06-01 20:53,Home,North,Cash,4,1577.0,10,5677.2,5.0
ORD-02073,2025-06-02 12:48,Electronics,South,Card,4,5885.0,0,23540.0,3.0
ORD-02074,2025-06-03 17:32,Electronics,South,UPI,3,5795.0,0,17385.0,2.0
ORD-02075,2025-06-04 14:08,Groceries,South,Net Banking,3,307.0,0,921.0,
ORD-02076,2025-06-04 19:00,Home,South,Net Banking,1,2007.0,0,2007.0,4.0
ORD-02077,2025-06-04 20:35,Clothing,North,UPI,3,1355.0,0,4065.0,4.0
ORD-02078,2025-06-05 11:14,Electronics,South,UPI,3,3887.0,0,11661.0,4.0
ORD-02079,2025-06-05 17:21,Beauty,North,UPI,1,929.0,0,929.0,4.0
ORD-02080,2025-06-05 18:20,Beauty,West,Card,5,314.0,15,1334.5,2.0
ORD-02081,2025-06-05 20:38,Groceries,South,Net Banking,4,327.0,0,1308.0,3.0
ORD-02082,2025-06-05 20:42,Groceries,East,UPI,4,471.0,15,1601.4,5.0
ORD-02083,2025-06-05 21:20,Beauty,North,Card,3,828.0,15,2111.4,5.0
ORD-02084,2025-06-06 09:39,Groceries,West,Cash,5,313.0,5,1486.75,5.0
ORD-02085,2025-06-06 09:44,Home,South,UPI,1,2863.0,10,2576.7,1.0
ORD-02086,2025-06-06 11:10,Groceries,South,Card,5,304.0,0,1520.0,5.0
ORD-02087,2025-06-06 17:36,Clothing,East,UPI,2,479.0,0,958.0,5.0
ORD-02088,2025-06-06 20:06,Home,South,UPI,5,2044.0,10,9198.0,
ORD-02089,2025-06-06 20:15,Groceries,West,Card,1,163.0,10,146.7,4.0
ORD-02090,2025-06-07 10:36,Clothing,North,UPI,2,901.0,5,1711.9,3.0
ORD-02091,2025-06-07 13:05,Groceries,West,Card,3,415.0,15,1058.25,4.0
ORD-02092,2025-06-07 19:18,Home,West,UPI,4,1551.0,10,5583.6,5.0
ORD-02093,2025-06-07 19:48,Clothing,South,Cash,1,1409.0,5,1338.55,4.0
ORD-02094,2025-06-07 20:40,Home,West,Card,2,1175.0,0,2350.0,1.0
ORD-02095,2025-06-07 21:49,Electronics,North,Net Banking,5,7545.0,15,32066.25,4.0
ORD-02096,2025-06-08 10:26,Groceries,East,Cash,1,172.0,20,137.6,5.0
ORD-02097,2025-06-08 12:46,Beauty,South,Cash,5,977.0,10,4396.5,5.0
ORD-02098,2025-06-08 19:41,Home,South,UPI,4,1543.0,10,5554.8,
ORD-02099,2025-06-09 17:49,Home,South,UPI,5,2627.0,5,12478.25,5.0
ORD-02100,2025-06-10 16:50,Groceries,South,Cash,5,262.0,0,1310.0,2.0
ORD-02101,2025-06-10 18:06,Groceries,East,Cash,2,552.0,20,883.2,
ORD-02102,2025-06-11 09:28,Groceries,North,Card,5,249.0,10,1120.5,3.0
ORD-02103,2025-06-11 13:56,Clothing,South,UPI,3,554.0,5,1578.9,5.0
ORD-02104,2025-06-11 17:14,Groceries,North,UPI,2,355.0,10,639.0,5.0
ORD-02105,2025-06-12 10:51,Groceries,East,UPI,5,480.0,5,2280.0,5.0
ORD-02106,2025-06-12 12:09,Groceries,North,UPI,3,433.0,0,1299.0,5.0
ORD-02107,2025-06-12 16:12,Clothing,South,Cash,4,1619.0,10,5828.4,4.0
ORD-02108,2025-06-12 17:09,Clothing,West,Card,4,1492.0,0,5968.0,3.0
ORD-02109,2025-06-12 17:50,Clothing,West,Card,2,905.0,0,1810.0,4.0
ORD-02110,2025-06-12 18:45,Clothing,South,UPI,5,1476.0,0,7380.0,4.0
ORD-02111,2025-06-13 13:23,Clothing,North,Cash,5,1233.0,0,6165.0,4.0
ORD-02112,2025-06-13 14:15,Electronics,South,UPI,3,4722.0,20,11332.8,3.0
ORD-02113,2025-06-13 19:08,Beauty,South,UPI,3,738.0,0,2214.0,4.0
ORD-02114,2025-06-14 11:03,Electronics,North,Cash,1,5899.0,0,5899.0,4.0
ORD-02115,2025-06-14 15:55,Home,West,Card,4,2565.0,10,9234.0,2.0
ORD-02116,2025-06-14 18:50,Clothing,South,UPI,5,1015.0,15,4313.75,5.0
ORD-02117,2025-06-15 11:02,Home,South,UPI,5,1497.0,10,6736.5,1.0
ORD-02118,2025-06-15 11:04,Groceries,South,UPI,3,277.0,20,664.8,5.0
ORD-02119,2025-06-15 11:48,Beauty,West,Card,5,1098.0,10,4941.0,2.0
ORD-02120,2025-06-15 13:27,Home,East,UPI,4,1453.0,10,5230.8,5.0
ORD-02121,2025-06-16 17:26,Groceries,North,Card,3,486.0,5,1385.1,4.0
ORD-02122,2025-06-17 12:10,Electronics,East,UPI,5,4144.0,0,20720.0,3.0
ORD-02123,2025-06-17 21:38,Groceries,West,Card,1,403.0,5,382.85,3.0
ORD-02124,2025-06-18 10:23,Clothing,East,Cash,4,1295.0,10,4662.0,4.0
ORD-02125,2025-06-18 14:18,Home,North,Cash,4,2466.0,10,8877.6,5.0
ORD-02126,2025-06-18 16:14,Home,South,UPI,3,2388.0,10,6447.6,3.0
ORD-02127,2025-06-18 17:17,Clothing,West,UPI,4,1229.0,10,4424.4,3.0
ORD-02128,2025-06-18 19:26,Groceries,North,UPI,5,294.0,10,1323.0,4.0
ORD-02129,2025-06-19 20:25,Clothing,South,UPI,3,1785.0,0,5355.0,4.0
ORD-02130,2025-06-20 20:20,Groceries,East,UPI,2,283.0,0,566.0,4.0
ORD-02131,2025-06-21 14:13,Groceries,East,UPI,3,112.0,5,319.2,2.0
ORD-02132,2025-06-21 14:22,Groceries,North,Cash,3,155.0,0,465.0,4.0
ORD-02133,2025-06-21 15:10,Home,North,Cash,3,928.0,20,2227.2,3.0
ORD-02134,2025-06-21 16:15,Clothing,South,Cash,2,1414.0,0,2828.0,4.0
ORD-02135,2025-06-21 17:45,Home,North,UPI,3,2996.0,0,8988.0,3.0
ORD-02136,2025-06-21 18:54,Groceries,South,Cash,2,136.0,10,244.8,5.0
ORD-02137,2025-06-21 19:46,Clothing,South,Card,5,918.0,0,4590.0,4.0
ORD-02138,2025-06-21 19:48,Clothing,North,Card,3,1232.0,5,3511.2,4.0
ORD-02139,2025-06-21 20:10,Electronics,South,UPI,5,8782.0,0,43910.0,5.0
ORD-02140,2025-06-21 21:49,Groceries,West,Cash,2,267.0,0,534.0,5.0
ORD-02141,2025-06-22 11:56,Home,South,UPI,2,2119.0,10,3814.2,5.0
ORD-02142,2025-06-22 15:12,Electronics,North,UPI,2,5550.0,0,11100.0,4.0
ORD-02143,2025-06-22 20:37,Electronics,North,UPI,3,10693.0,5,30475.05,
ORD-02144,2025-06-22 21:28,Groceries,South,UPI,4,365.0,0,1460.0,3.0
ORD-02145,2025-06-23 16:58,Clothing,South,Net Banking,3,1328.0,5,3784.8,5.0
ORD-02146,2025-06-24 12:29,Clothing,West,Card,5,1230.0,5,5842.5,4.0
ORD-02147,2025-06-24 12:54,Groceries,East,Cash,3,306.0,0,918.0,4.0
ORD-02148,2025-06-24 17:43,Clothing,South,Net Banking,5,1542.0,10,6939.0,5.0
ORD-02149,2025-06-24 18:39,Home,South,Card,1,1174.0,5,1115.3,5.0
ORD-02150,2025-06-24 18:56,Clothing,South,Cash,2,479.0,20,766.4,5.0
ORD-02151,2025-06-24 21:04,Groceries,North,Net Banking,4,334.0,15,1135.6,5.0
ORD-02152,2025-06-25 16:36,Clothing,South,UPI,2,1494.0,5,2838.6,4.0
ORD-02153,2025-06-25 21:24,Clothing,North,UPI,4,991.0,0,3964.0,3.0
ORD-02154,2025-06-26 14:17,Groceries,South,UPI,3,370.0,10,999.0,3.0
ORD-02155,2025-06-26 20:32,Groceries,South,Card,3,222.0,5,632.7,4.0
ORD-02156,2025-06-27 12:57,Beauty,West,Cash,3,923.0,15,2353.65,3.0
ORD-02157,2025-06-27 18:20,Electronics,North,UPI,5,7173.0,5,34071.75,4.0
ORD-02158,2025-06-27 19:09,Groceries,West,Cash,4,352.0,0,1408.0,5.0
ORD-02159,2025-06-27 19:53,Groceries,South,Card,5,368.0,15,1564.0,3.0
ORD-02160,2025-06-27 21:51,Electronics,East,UPI,1,3492.0,10,3142.8,
ORD-02161,2025-06-28 11:19,Home,East,Card,5,1072.0,0,5360.0,5.0
ORD-02162,2025-06-28 16:37,Clothing,West,Cash,5,1156.0,10,5202.0,5.0
ORD-02163,2025-06-29 09:05,Home,East,UPI,5,2077.0,5,9865.75,3.0
ORD-02164,2025-06-29 11:33,Groceries,North,UPI,3,409.0,5,1165.65,4.0
ORD-02165,2025-06-29 11:42,Electronics,South,Card,3,5347.0,15,13634.85,4.0
ORD-02166,2025-06-29 12:05,Groceries,West,UPI,3,428.0,0,1284.0,5.0
ORD-02167,2025-06-29 16:04,Electronics,South,UPI,5,8557.0,0,42785.0,5.0
ORD-02168,2025-06-29 21:45,Groceries,West,Cash,5,341.0,0,1705.0,
ORD-02169,2025-06-30 11:02,Home,West,UPI,5,1967.0,20,7868.0,3.0
ORD-02170,2025-06-30 13:35,Groceries,South,UPI,5,328.0,0,1640.0,4.0
ORD-02171,2025-06-30 15:26,Clothing,West,Cash,4,1155.0,10,4158.0,5.0
ORD-02172,2025-07-01 09:04,Clothing,South,Card,2,1261.0,10,2269.8,3.0
ORD-02173,2025-07-01 10:28,Groceries,North,UPI,1,529.0,15,449.65,5.0
ORD-02174,2025-07-01 10:30,Groceries,East,UPI,5,446.0,0,2230.0,5.0
ORD-02175,2025-07-01 19:49,Groceries,West,UPI,1,437.0,0,437.0,5.0
ORD-02176,2025-07-02 18:47,Clothing,South,UPI,1,1037.0,20,829.6,5.0
ORD-02177,2025-07-02 19:38,Home,North,Net Banking,3,1315.0,5,3747.75,3.0
ORD-02178,2025-07-03 12:48,Home,East,UPI,4,2010.0,0,8040.0,4.0
ORD-02179,2025-07-03 12:53,Groceries,East,UPI,4,481.0,0,1924.0,4.0
ORD-02180,2025-07-03 16:58,Clothing,East,Cash,2,1820.0,15,3094.0,
ORD-02181,2025-07-04 18:54,Groceries,South,Cash,3,92.0,20,220.8,5.0
ORD-02182,2025-07-04 21:57,Clothing,South,Cash,5,2081.0,5,9884.75,2.0
ORD-02183,2025-07-05 13:25,Home,South,UPI,4,2025.0,0,8100.0,4.0
ORD-02184,2025-07-06 15:51,Home,North,UPI,5,2291.0,10,10309.5,3.0
ORD-02185,2025-07-06 16:35,Home,West,Net Banking,4,860.0,0,3440.0,4.0
ORD-02186,2025-07-06 16:38,Clothing,North,Cash,1,1115.0,15,947.75,5.0
ORD-02187,2025-07-06 17:21,Groceries,South,Cash,2,436.0,0,872.0,3.0
ORD-02188,2025-07-06 17:42,Home,West,UPI,1,1166.0,0,1166.0,2.0
ORD-02189,2025-07-06 18:38,Electronics,South,Cash,1,801.0,0,801.0,4.0
ORD-02190,2025-07-07 11:51,Electronics,East,Net Banking,5,6604.0,0,33020.0,5.0
ORD-02191,2025-07-07 13:14,Electronics,North,UPI,4,5910.0,0,23640.0,3.0
ORD-02192,2025-07-07 15:01,Groceries,South,UPI,5,501.0,10,2254.5,2.0
ORD-02193,2025-07-07 19:48,Clothing,East,UPI,2,1142.0,5,2169.8,4.0
ORD-02194,2025-07-07 21:59,Electronics,West,Cash,5,5844.0,10,26298.0,4.0
ORD-02195,2025-07-08 09:16,Groceries,East,UPI,5,423.0,0,2115.0,3.0
ORD-02196,2025-07-08 12:15,Home,North,UPI,1,2358.0,0,2358.0,5.0
ORD-02197,2025-07-08 21:15,Home,North,Card,5,1417.0,5,6730.75,5.0
ORD-02198,2025-07-09 09:46,Home,West,Cash,1,2310.0,5,2194.5,4.0
ORD-02199,2025-07-09 10:48,Home,South,UPI,3,1518.0,0,4554.0,1.0
ORD-02200,2025-07-09 11:19,Groceries,North,Net Banking,1,352.0,15,299.2,4.0
ORD-02201,2025-07-10 21:12,Home,South,UPI,3,2162.0,0,6486.0,3.0
ORD-02202,2025-07-11 13:31,Clothing,North,Card,1,1504.0,0,1504.0,4.0
ORD-02203,2025-07-11 14:17,Home,North,Card,5,1972.0,0,9860.0,5.0
ORD-02204,2025-07-12 09:21,Home,West,Card,3,1217.0,10,3285.9,2.0
ORD-02205,2025-07-12 11:54,Groceries,South,Card,5,154.0,0,770.0,1.0
ORD-02206,2025-07-12 16:42,Clothing,North,Card,3,1132.0,0,3396.0,
ORD-02207,2025-07-12 17:37,Clothing,West,Cash,3,1550.0,5,4417.5,1.0
ORD-02208,2025-07-13 11:02,Clothing,West,Cash,4,1362.0,0,5448.0,3.0
ORD-02209,2025-07-13 12:56,Electronics,West,Net Banking,5,6436.0,0,32180.0,4.0
ORD-02210,2025-07-13 18:03,Electronics,East,Net Banking,2,5987.0,10,10776.6,5.0
ORD-02211,2025-07-13 20:45,Clothing,West,Card,3,1311.0,10,3539.7,1.0
ORD-02212,2025-07-14 11:10,Electronics,North,Cash,2,4211.0,0,8422.0,4.0
ORD-02213,2025-07-14 19:46,Home,West,UPI,1,2221.0,0,2221.0,5.0
ORD-02214,2025-07-14 20:49,Groceries,South,Card,5,439.0,0,2195.0,4.0
ORD-02215,2025-07-16 11:42,Home,North,UPI,3,1608.0,20,3859.2,5.0
ORD-02216,2025-07-16 13:59,Clothing,North,UPI,2,1357.0,10,2442.6,4.0
ORD-02217,2025-07-16 16:03,Clothing,North,Net Banking,4,582.0,0,2328.0,2.0
ORD-02218,2025-07-17 11:18,Clothing,East,Card,5,1265.0,20,5060.0,3.0
ORD-02219,2025-07-17 13:12,Home,West,UPI,5,1728.0,5,8208.0,5.0
ORD-02220,2025-07-17 14:30,Electronics,North,Card,3,8267.0,0,24801.0,5.0
ORD-02221,2025-07-17 15:28,Groceries,West,UPI,1,329.0,20,263.2,4.0
ORD-02222,2025-07-18 14:50,Clothing,East,Cash,3,1513.0,10,4085.1,4.0
ORD-02223,2025-07-18 17:16,Clothing,North,UPI,3,1059.0,5,3018.15,4.0
ORD-02224,2025-07-18 17:27,Electronics,East,Card,2,1885.0,10,3393.0,1.0
ORD-02225,2025-07-19 10:40,Groceries,North,Cash,3,326.0,20,782.4,
ORD-02226,2025-07-19 13:19,Electronics,North,Card,3,6354.0,0,19062.0,5.0
ORD-02227,2025-07-19 15:09,Home,South,UPI,5,1881.0,0,9405.0,1.0
ORD-02228,2025-07-19 15:47,Electronics,West,Cash,1,6299.0,5,5984.05,4.0
ORD-02229,2025-07-19 20:48,Clothing,North,Cash,4,1018.0,20,3257.6,4.0
ORD-02230,2025-07-20 09:04,Electronics,South,UPI,4,5417.0,0,21668.0,4.0
ORD-02231,2025-07-20 20:25,Beauty,South,UPI,2,463.0,0,926.0,5.0
ORD-02232,2025-07-21 14:25,Groceries,East,Card,2,140.0,5,266.0,1.0
ORD-02233,2025-07-21 21:50,Groceries,West,UPI,5,339.0,0,1695.0,
ORD-02234,2025-07-22 16:02,Groceries,South,UPI,2,272.0,10,489.6,3.0
ORD-02235,2025-07-22 19:02,Home,West,Card,4,2383.0,0,9532.0,3.0
ORD-02236,2025-07-23 19:35,Electronics,East,Card,3,2072.0,15,5283.6,4.0
ORD-02237,2025-07-24 21:08,Home,North,Cash,5,1957.0,10,8806.5,5.0
ORD-02238,2025-07-25 09:58,Home,South,Net Banking,4,2946.0,5,11194.8,4.0
ORD-02239,2025-07-25 10:21,Electronics,South,Cash,5,5671.0,15,24101.75,3.0
ORD-02240,2025-07-25 19:21,Electronics,East,UPI,5,5995.0,0,29975.0,4.0
ORD-02241,2025-07-25 20:55,Groceries,North,UPI,1,395.0,5,375.25,2.0
ORD-02242,2025-07-25 21:20,Electronics,North,UPI,5,6908.0,10,31086.0,5.0
ORD-02243,2025-07-26 09:40,Clothing,West,Card,5,1053.0,0,5265.0,5.0
ORD-02244,2025-07-26 09:42,Clothing,West,Card,1,837.0,0,837.0,4.0
ORD-02245,2025-07-26 10:32,Electronics,South,Net Banking,3,7175.0,5,20448.75,4.0
ORD-02246,2025-07-26 13:34,Groceries,East,UPI,2,150.0,5,285.0,4.0
ORD-02247,2025-07-26 18:38,Groceries,West,UPI,5,437.0,10,1966.5,4.0
ORD-02248,2025-07-26 21:30,Groceries,North,Card,2,309.0,0,618.0,2.0
ORD-02249,2025-07-27 10:50,Groceries,East,UPI,1,350.0,0,350.0,4.0
ORD-02250,2025-07-27 12:15,Clothing,North,UPI,1,1011.0,20,808.8,4.0
ORD-02251,2025-07-27 16:07,Groceries,West,UPI,4,500.0,0,2000.0,5.0
ORD-02252,2025-07-27 18:17,Home,North,UPI,1,1934.0,20,1547.2,4.0
ORD-02253,2025-07-27 19:18,Clothing,East,UPI,2,1084.0,10,1951.2,5.0
ORD-02254,2025-07-27 20:05,Groceries,North,Card,3,313.0,10,845.1,5.0
ORD-02255,2025-07-27 21:34,Home,South,Cash,1,1720.0,0,1720.0,5.0
ORD-02256,2025-07-28 16:37,Groceries,West,Cash,1,602.0,15,511.7,5.0
ORD-02257,2025-07-28 19:19,Clothing,North,UPI,5,726.0,20,2904.0,1.0
ORD-02258,2025-07-28 20:07,Electronics,West,UPI,3,7949.0,10,21462.3,4.0
ORD-02259,2025-07-29 15:00,Groceries,North,Cash,2,410.0,10,738.0,5.0
ORD-02260,2025-07-29 18:33,Groceries,South,Net Banking,5,512.0,5,2432.0,5.0
ORD-02261,2025-07-30 21:37,Home,East,Cash,1,2140.0,0,2140.0,2.0
ORD-02262,2025-07-31 09:46,Groceries,North,Card,2,350.0,20,560.0,4.0
ORD-02263,2025-07-31 12:49,Electronics,East,Cash,5,7836.0,0,39180.0,5.0
ORD-02264,2025-07-31 17:55,Home,South,Cash,4,1924.0,5,7311.2,3.0
ORD-02265,2025-08-01 17:54,Groceries,South,UPI,3,429.0,0,1287.0,4.0
ORD-02266,2025-08-02 09:42,Beauty,East,UPI,5,1000.0,10,4500.0,4.0
ORD-02267,2025-08-02 13:18,Home,South,Net Banking,3,1850.0,10,4995.0,4.0
ORD-02268,2025-08-02 15:30,Clothing,North,Net Banking,4,1047.0,10,3769.2,4.0
ORD-02269,2025-08-02 18:31,Groceries,North,Card,5,282.0,0,1410.0,2.0
ORD-02270,2025-08-02 19:12,Groceries,West,Card,3,397.0,0,1191.0,
ORD-02271,2025-08-03 12:16,Clothing,South,UPI,3,884.0,0,2652.0,2.0
ORD-02272,2025-08-03 14:58,Groceries,North,Cash,4,313.0,20,1001.6,5.0
ORD-02273,2025-08-03 19:15,Clothing,North,UPI,1,852.0,0,852.0,1.0
ORD-02274,2025-08-04 16:47,Electronics,East,UPI,3,6915.0,20,16596.0,5.0
ORD-02275,2025-08-04 18:13,Groceries,South,UPI,4,271.0,0,1084.0,4.0
ORD-02276,2025-08-04 21:22,Clothing,North,Card,2,737.0,15,1252.9,4.0
ORD-02277,2025-08-05 10:44,Home,West,Net Banking,4,1200.0,5,4560.0,3.0
ORD-02278,2025-08-05 11:41,Groceries,West,Cash,3,290.0,15,739.5,4.0
ORD-02279,2025-08-05 16:24,Home,West,UPI,1,1541.0,10,1386.9,3.0
ORD-02280,2025-08-06 09:04,Groceries,South,UPI,1,376.0,10,338.4,1.0
ORD-02281,2025-08-06 10:37,Home,South,UPI,3,1713.0,10,4625.1,
ORD-02282,2025-08-07 13:19,Clothing,North,UPI,1,1333.0,0,1333.0,3.0
ORD-02283,2025-08-07 17:36,Beauty,South,Card,2,795.0,20,1272.0,
ORD-02284,2025-08-08 10:32,Clothing,East,Card,3,1467.0,10,3960.9,4.0
ORD-02285,2025-08-08 14:49,Home,North,UPI,1,770.0,0,770.0,1.0
ORD-02286,2025-08-08 15:34,Groceries,South,Net Banking,3,232.0,0,696.0,5.0
ORD-02287,2025-08-08 16:20,Clothing,South,Cash,2,1400.0,5,2660.0,
ORD-02288,2025-08-09 11:53,Groceries,East,UPI,2,372.0,15,632.4,5.0
ORD-02289,2025-08-10 12:43,Groceries,North,Cash,5,453.0,10,2038.5,3.0
ORD-02290,2025-08-10 14:31,Clothing,West,UPI,5,644.0,0,3220.0,4.0
ORD-02291,2025-08-10 14:45,Clothing,South,Card,2,1029.0,10,1852.2,5.0
ORD-02292,2025-08-10 21:19,Electronics,South,Card,5,5467.0,0,27335.0,2.0
ORD-02293,2025-08-11 11:12,Beauty,West,UPI,2,735.0,0,1470.0,4.0
ORD-02294,2025-08-12 15:20,Groceries,North,Card,2,354.0,15,601.8,3.0
ORD-02295,2025-08-12 18:48,Electronics,West,Net Banking,5,6844.0,0,34220.0,5.0
ORD-02296,2025-08-13 15:15,Home,West,Cash,1,1738.0,0,1738.0,3.0
ORD-02297,2025-08-13 18:28,Groceries,West,Card,2,494.0,0,988.0,1.0
ORD-02298,2025-08-14 15:39,Groceries,South,Cash,5,528.0,0,2640.0,
ORD-02299,2025-08-14 16:02,Groceries,North,Cash,5,233.0,0,1165.0,4.0
ORD-02300,2025-08-14 16:47,Electronics,North,Cash,5,6081.0,0,30405.0,5.0
ORD-02301,2025-08-15 12:00,Clothing,East,UPI,5,1487.0,5,7063.25,5.0
ORD-02302,2025-08-15 17:43,Home,North,UPI,5,2116.0,20,8464.0,5.0
ORD-02303,2025-08-16 13:49,Home,South,Cash,3,1580.0,0,4740.0,5.0
ORD-02304,2025-08-16 16:56,Home,West,Net Banking,2,1938.0,15,3294.6,
ORD-02305,2025-08-16 20:09,Electronics,South,Card,2,3150.0,10,5670.0,4.0
ORD-02306,2025-08-16 20:13,Home,North,Net Banking,1,1790.0,0,1790.0,3.0
ORD-02307,2025-08-17 15:18,Clothing,East,Card,1,674.0,0,674.0,4.0
ORD-02308,2025-08-17 15:33,Groceries,North,UPI,5,403.0,0,2015.0,3.0
ORD-02309,2025-08-17 21:49,Clothing,South,Net Banking,1,798.0,10,718.2,5.0
ORD-02310,2025-08-18 11:00,Home,North,Cash,4,1888.0,10,6796.8,4.0
ORD-02311,2025-08-18 14:19,Beauty,South,Card,2,767.0,0,1534.0,3.0
ORD-02312,2025-08-18 15:02,Clothing,North,Cash,4,1227.0,0,4908.0,5.0
ORD-02313,2025-08-18 15:21,Home,East,UPI,3,1459.0,0,4377.0,2.0
ORD-02314,2025-08-19 09:58,Groceries,South,Card,1,328.0,10,295.2,5.0
ORD-02315,2025-08-19 11:17,Clothing,South,UPI,2,1625.0,0,3250.0,5.0
ORD-02316,2025-08-19 12:22,Clothing,West,Card,4,1047.0,5,3978.6,4.0
ORD-02317,2025-08-19 21:25,Groceries,West,Card,5,352.0,10,1584.0,5.0
ORD-02318,2025-08-20 19:59,Clothing,South,UPI,2,1000.0,10,1800.0,1.0
ORD-02319,2025-08-21 09:20,Electronics,West,UPI,2,7837.0,0,15674.0,4.0
ORD-02320,2025-08-21 10:03,Home,North,UPI,4,1842.0,5,6999.6,5.0
ORD-02321,2025-08-21 14:42,Groceries,South,Card,3,270.0,5,769.5,1.0
ORD-02322,2025-08-21 17:22,Home,West,UPI,1,1804.0,15,1533.4,3.0
ORD-02323,2025-08-21 18:42,Groceries,South,Card,1,325.0,5,308.75,4.0
ORD-02324,2025-08-21 20:01,Groceries,South,Card,2,496.0,5,942.4,4.0
ORD-02325,2025-08-21 21:18,Home,West,UPI,2,1776.0,0,3552.0,5.0
ORD-02326,2025-08-22 11:03,Electronics,North,Cash,1,3511.0,10,3159.9,2.0
ORD-02327,2025-08-22 14:45,Clothing,North,Cash,4,1380.0,10,4968.0,
ORD-02328,2025-08-22 16:53,Groceries,East,Card,3,538.0,10,1452.6,5.0
ORD-02329,2025-08-22 18:22,Beauty,North,UPI,4,951.0,10,3423.6,3.0
ORD-02330,2025-08-22 21:04,Clothing,North,Card,1,803.0,15,682.55,3.0
ORD-02331,2025-08-22 21:16,Beauty,South,Card,3,644.0,15,1642.2,3.0
ORD-02332,2025-08-22 21:53,Home,South,Cash,3,1783.0,0,5349.0,5.0
ORD-02333,2025-08-23 12:07,Groceries,South,UPI,3,348.0,0,1044.0,1.0
ORD-02334,2025-08-23 12:36,Clothing,East,Cash,5,1337.0,20,5348.0,3.0
ORD-02335,2025-08-23 15:29,Electronics,South,Net Banking,3,5381.0,10,14528.7,4.0
ORD-02336,2025-08-23 16:10,Groceries,East,Cash,3,254.0,20,609.6,1.0
ORD-02337,2025-08-23 21:11,Electronics,North,Cash,5,7713.0,5,36636.75,5.0
ORD-02338,2025-08-24 12:43,Clothing,South,UPI,2,796.0,20,1273.6,5.0
ORD-02339,2025-08-24 14:38,Clothing,West,Card,2,911.0,0,1822.0,
ORD-02340,2025-08-24 18:42,Beauty,South,UPI,1,463.0,5,439.85,4.0
ORD-02341,2025-08-25 16:04,Clothing,North,Card,4,1420.0,5,5396.0,3.0
ORD-02342,2025-08-25 19:09,Groceries,West,Cash,1,361.0,0,361.0,4.0
ORD-02343,2025-08-26 10:25,Clothing,South,Cash,2,1518.0,0,3036.0,3.0
ORD-02344,2025-08-26 12:27,Electronics,South,Net Banking,3,4587.0,0,13761.0,4.0
ORD-02345,2025-08-26 12:34,Clothing,North,Net Banking,3,749.0,0,2247.0,3.0
ORD-02346,2025-08-26 14:47,Home,East,UPI,1,1560.0,20,1248.0,5.0
ORD-02347,2025-08-26 16:21,Groceries,North,Net Banking,3,331.0,20,794.4,3.0
ORD-02348,2025-08-28 09:10,Clothing,East,Cash,5,1275.0,15,5418.75,4.0
ORD-02349,2025-08-28 17:15,Home,East,Cash,1,892.0,20,713.6,3.0
ORD-02350,2025-08-30 09:34,Electronics,East,UPI,3,6862.0,15,17498.1,3.0
ORD-02351,2025-08-31 09:01,Home,North,UPI,3,1317.0,20,3160.8,4.0
ORD-02352,2025-08-31 11:42,Electronics,North,UPI,2,4835.0,0,9670.0,4.0
ORD-02353,2025-08-31 17:43,Home,West,UPI,3,2434.0,0,7302.0,5.0
ORD-02354,2025-08-31 21:05,Beauty,West,UPI,2,242.0,15,411.4,4.0
ORD-02355,2025-08-31 21:11,Home,North,UPI,1,1974.0,5,1875.3,2.0
ORD-02356,2025-09-01 16:21,Electronics,South,Card,5,6574.0,10,29583.0,4.0
ORD-02357,2025-09-01 18:32,Groceries,East,Card,5,264.0,5,1254.0,3.0
ORD-02358,2025-09-01 20:18,Home,West,UPI,2,1559.0,0,3118.0,5.0
ORD-02359,2025-09-01 20:43,Groceries,West,Cash,1,478.0,0,478.0,3.0
ORD-02360,2025-09-02 13:06,Clothing,East,UPI,1,1907.0,10,1716.3,5.0
ORD-02361,2025-09-02 19:20,Groceries,North,UPI,5,462.0,5,2194.5,4.0
ORD-02362,2025-09-03 10:34,Electronics,East,Card,5,9395.0,0,46975.0,3.0
ORD-02363,2025-09-03 15:19,Groceries,West,Card,3,277.0,10,747.9,4.0
ORD-02364,2025-09-03 20:39,Electronics,South,UPI,5,3156.0,5,14991.0,4.0
ORD-02365,2025-09-04 10:30,Groceries,South,Cash,2,344.0,5,653.6,4.0
ORD-02366,2025-09-04 11:45,Clothing,North,UPI,3,1490.0,10,4023.0,4.0
ORD-02367,2025-09-04 12:58,Electronics,South,UPI,1,2661.0,5,2527.95,4.0
ORD-02368,2025-09-04 14:52,Electronics,West,Card,3,4332.0,20,10396.8,5.0
ORD-02369,2025-09-05 15:59,Beauty,North,UPI,4,529.0,5,2010.2,4.0
ORD-02370,2025-09-05 20:04,Groceries,East,Net Banking,5,387.0,20,1548.0,4.0
ORD-02371,2025-09-06 09:02,Groceries,North,Card,4,374.0,15,1271.6,5.0
ORD-02372,2025-09-06 13:25,Home,North,UPI,4,1381.0,15,4695.4,4.0
ORD-02373,2025-09-06 15:53,Groceries,South,Cash,4,369.0,10,1328.4,4.0
ORD-02374,2025-09-06 19:43,Clothing,North,Cash,4,788.0,10,2836.8,3.0
ORD-02375,2025-09-07 21:54,Groceries,East,UPI,3,305.0,5,869.25,3.0
ORD-02376,2025-09-08 19:11,Clothing,South,Net Banking,3,745.0,5,2123.25,3.0
ORD-02377,2025-09-08 20:11,Groceries,East,Card,1,334.0,0,334.0,4.0
ORD-02378,2025-09-09 11:57,Clothing,West,UPI,1,912.0,0,912.0,5.0
ORD-02379,2025-09-10 13:03,Beauty,South,Cash,4,845.0,0,3380.0,3.0
ORD-02380,2025-09-10 15:32,Groceries,North,Net Banking,3,347.0,10,936.9,5.0
ORD-02381,2025-09-10 18:34,Clothing,West,UPI,5,1118.0,0,5590.0,2.0
ORD-02382,2025-09-11 09:47,Groceries,North,UPI,1,536.0,5,509.2,3.0
ORD-02383,2025-09-11 21:08,Electronics,North,Card,2,6690.0,0,13380.0,3.0
ORD-02384,2025-09-12 10:23,Clothing,West,Cash,2,1067.0,0,2134.0,4.0
ORD-02385,2025-09-12 10:25,Home,North,UPI,5,1485.0,5,7053.75,3.0
ORD-02386,2025-09-12 11:04,Home,East,Net Banking,2,1162.0,15,1975.4,2.0
ORD-02387,2025-09-12 11:22,Groceries,North,UPI,4,343.0,0,1372.0,4.0
ORD-02388,2025-09-12 11:57,Groceries,East,Cash,1,382.0,20,305.6,4.0
ORD-02389,2025-09-12 12:58,Clothing,East,Cash,3,511.0,0,1533.0,4.0
ORD-02390,2025-09-12 16:27,Electronics,South,UPI,3,3545.0,5,10103.25,
ORD-02391,2025-09-12 18:13,Groceries,South,Card,4,296.0,0,1184.0,4.0
ORD-02392,2025-09-12 20:04,Groceries,North,UPI,3,235.0,0,705.0,3.0
ORD-02393,2025-09-13 11:07,Electronics,North,Card,1,6078.0,0,6078.0,3.0
ORD-02394,2025-09-13 17:37,Electronics,West,Card,1,6328.0,0,6328.0,4.0
ORD-02395,2025-09-13 18:41,Electronics,West,Cash,1,5780.0,10,5202.0,4.0
ORD-02396,2025-09-14 09:17,Clothing,East,Card,2,1398.0,10,2516.4,5.0
ORD-02397,2025-09-14 13:16,Electronics,East,UPI,4,4947.0,0,19788.0,5.0
ORD-02398,2025-09-14 16:53,Clothing,South,UPI,2,1183.0,20,1892.8,1.0
ORD-02399,2025-09-14 21:33,Groceries,South,UPI,5,245.0,10,1102.5,3.0
ORD-02400,2025-09-15 10:06,Clothing,East,Card,1,1302.0,0,1302.0,5.0
ORD-02401,2025-09-15 17:38,Electronics,North,Net Banking,3,6137.0,5,17490.45,3.0
ORD-02402,2025-09-15 18:49,Groceries,South,Cash,4,224.0,0,896.0,4.0
ORD-02403,2025-09-16 09:28,Home,North,UPI,1,1716.0,15,1458.6,4.0
ORD-02404,2025-09-16 10:55,Clothing,South,Net Banking,3,1186.0,5,3380.1,4.0
ORD-02405,2025-09-16 15:33,Clothing,East,UPI,1,1301.0,0,1301.0,1.0
ORD-02406,2025-09-16 16:19,Groceries,South,Net Banking,4,383.0,0,1532.0,3.0
ORD-02407,2025-09-16 18:13,Clothing,East,UPI,3,940.0,0,2820.0,2.0
ORD-02408,2025-09-17 16:51,Clothing,West,UPI,5,1475.0,5,7006.25,3.0
ORD-02409,2025-09-17 18:49,Groceries,West,Cash,4,405.0,5,1539.0,3.0
ORD-02410,2025-09-18 09:24,Clothing,West,Card,2,939.0,20,1502.4,4.0
ORD-02411,2025-09-18 10:46,Home,West,Cash,1,1183.0,0,1183.0,4.0
ORD-02412,2025-09-18 10:54,Home,South,Cash,1,1450.0,0,1450.0,2.0
ORD-02413,2025-09-18 14:58,Clothing,East,UPI,1,670.0,0,670.0,2.0
ORD-02414,2025-09-18 17:06,Clothing,East,UPI,2,1275.0,0,2550.0,5.0
ORD-02415,2025-09-18 18:19,Beauty,West,UPI,4,949.0,10,3416.4,3.0
ORD-02416,2025-09-18 19:42,Groceries,South,Card,2,499.0,20,798.4,3.0
ORD-02417,2025-09-19 17:22,Beauty,South,UPI,1,471.0,10,423.9,4.0
ORD-02418,2025-09-20 21:48,Home,West,UPI,1,2225.0,0,2225.0,3.0
ORD-02419,2025-09-21 09:18,Clothing,East,UPI,3,1230.0,15,3136.5,3.0
ORD-02420,2025-09-21 09:38,Clothing,North,Card,2,337.0,15,572.9,2.0
ORD-02421,2025-09-21 10:45,Electronics,South,UPI,4,5402.0,0,21608.0,
ORD-02422,2025-09-21 19:55,Home,South,UPI,2,1560.0,20,2496.0,4.0
ORD-02423,2025-09-22 09:05,Clothing,East,UPI,1,1636.0,10,1472.4,4.0
ORD-02424,2025-09-22 10:36,Groceries,West,Cash,2,259.0,10,466.2,5.0
ORD-02425,2025-09-22 18:43,Groceries,East,Card,3,409.0,5,1165.65,4.0
ORD-02426,2025-09-23 09:16,Home,West,UPI,1,1742.0,0,1742.0,3.0
ORD-02427,2025-09-23 09:30,Home,South,Cash,1,1019.0,10,917.1,4.0
ORD-02428,2025-09-23 09:39,Electronics,North,Card,5,5006.0,5,23778.5,4.0
ORD-02429,2025-09-23 17:11,Clothing,South,Card,2,1751.0,20,2801.6,4.0
ORD-02430,2025-09-23 17:14,Groceries,South,UPI,4,332.0,0,1328.0,5.0
ORD-02431,2025-09-23 21:40,Home,West,UPI,5,2289.0,0,11445.0,2.0
ORD-02432,2025-09-25 17:55,Groceries,East,Cash,1,439.0,10,395.1,3.0
ORD-02433,2025-09-25 21:29,Groceries,South,UPI,4,303.0,5,1151.4,4.0
ORD-02434,2025-09-26 11:26,Home,South,Card,5,1107.0,5,5258.25,2.0
ORD-02435,2025-09-26 13:11,Clothing,West,UPI,1,785.0,10,706.5,5.0
ORD-02436,2025-09-26 17:09,Electronics,North,UPI,2,8613.0,10,15503.4,4.0
ORD-02437,2025-09-26 18:52,Home,North,Card,1,1882.0,5,1787.9,2.0
ORD-02438,2025-09-27 11:45,Groceries,East,UPI,1,168.0,0,168.0,4.0
ORD-02439,2025-09-27 13:39,Home,East,UPI,2,2250.0,10,4050.0,5.0
ORD-02440,2025-09-27 15:22,Clothing,South,Card,1,557.0,5,529.15,4.0
ORD-02441,2025-09-27 16:11,Groceries,North,UPI,5,263.0,10,1183.5,4.0
ORD-02442,2025-09-27 17:09,Clothing,South,Net Banking,2,1229.0,10,2212.2,5.0
ORD-02443,2025-09-27 18:22,Clothing,North,Card,4,2107.0,5,8006.6,3.0
ORD-02444,2025-09-27 19:30,Electronics,North,Cash,1,7469.0,0,7469.0,4.0
ORD-02445,2025-09-27 19:55,Groceries,South,Net Banking,4,299.0,0,1196.0,4.0
ORD-02446,2025-09-28 15:48,Clothing,North,UPI,4,1210.0,0,4840.0,5.0
ORD-02447,2025-09-29 12:46,Clothing,South,Cash,1,1531.0,10,1377.9,5.0
ORD-02448,2025-09-29 12:49,Clothing,East,Net Banking,3,1712.0,10,4622.4,5.0
ORD-02449,2025-09-30 09:00,Clothing,North,Card,5,1111.0,20,4444.0,2.0
ORD-02450,2025-09-30 10:16,Groceries,South,Card,4,327.0,5,1242.6,5.0
ORD-02451,2025-09-30 18:50,Groceries,South,UPI,5,263.0,10,1183.5,4.0
ORD-02452,2025-10-01 10:43,Groceries,North,UPI,3,420.0,10,1134.0,4.0
ORD-02453,2025-10-01 13:34,Clothing,East,UPI,2,1569.0,5,2981.1,5.0
ORD-02454,2025-10-01 14:22,Groceries,North,UPI,3,146.0,10,394.2,5.0
ORD-02455,2025-10-01 14:43,Electronics,West,Card,3,5286.0,5,15065.1,5.0
ORD-02456,2025-10-01 16:24,Groceries,East,Card,5,223.0,5,1059.25,2.0
ORD-02457,2025-10-01 20:11,Home,North,UPI,3,1881.0,20,4514.4,3.0
ORD-02458,2025-10-02 11:03,Groceries,West,UPI,4,220.0,5,836.0,5.0
ORD-02459,2025-10-02 12:22,Beauty,South,UPI,3,423.0,0,1269.0,5.0
ORD-02460,2025-10-02 14:17,Electronics,North,Net Banking,2,8022.0,5,15241.8,3.0
ORD-02461,2025-10-02 14:38,Groceries,South,Cash,2,333.0,20,532.8,3.0
ORD-02462,2025-10-02 16:15,Groceries,East,UPI,5,344.0,0,1720.0,4.0
ORD-02463,2025-10-02 17:13,Groceries,East,Cash,2,395.0,20,632.0,2.0
ORD-02464,2025-10-02 19:00,Groceries,East,Cash,3,452.0,20,1084.8,4.0
ORD-02465,2025-10-02 20:37,Electronics,West,Cash,4,5247.0,5,19938.6,5.0
ORD-02466,2025-10-02 21:40,Groceries,West,Cash,1,308.0,0,308.0,3.0
ORD-02467,2025-10-03 11:06,Groceries,North,Card,4,309.0,0,1236.0,5.0
ORD-02468,2025-10-03 11:59,Groceries,West,UPI,5,464.0,0,2320.0,4.0
ORD-02469,2025-10-03 13:46,Electronics,North,Cash,3,5877.0,0,17631.0,3.0
ORD-02470,2025-10-03 14:00,Electronics,West,Cash,3,5476.0,10,14785.2,4.0
ORD-02471,2025-10-03 16:22,Beauty,North,UPI,3,782.0,20,1876.8,4.0
ORD-02472,2025-10-03 19:34,Clothing,North,Card,4,1859.0,0,7436.0,5.0
ORD-02473,2025-10-03 20:28,Clothing,South,Card,1,1227.0,5,1165.65,4.0
ORD-02474,2025-10-03 21:47,Electronics,North,Card,4,5515.0,5,20957.0,5.0
ORD-02475,2025-10-04 09:07,Groceries,West,Card,3,554.0,0,1662.0,2.0
ORD-02476,2025-10-04 11:13,Groceries,North,UPI,1,490.0,5,465.5,5.0
ORD-02477,2025-10-04 11:20,Beauty,South,Card,5,949.0,20,3796.0,4.0
ORD-02478,2025-10-04 12:03,Groceries,West,UPI,1,297.0,5,282.15,4.0
ORD-02479,2025-10-04 13:28,Clothing,East,UPI,3,984.0,0,2952.0,2.0
ORD-02480,2025-10-04 14:02,Electronics,East,Card,5,2699.0,10,12145.5,3.0
ORD-02481,2025-10-04 14:05,Clothing,West,UPI,5,1547.0,0,7735.0,4.0
ORD-02482,2025-10-04 17:06,Groceries,North,UPI,4,358.0,20,1145.6,5.0
ORD-02483,2025-10-04 17:37,Beauty,South,UPI,4,322.0,20,1030.4,5.0
ORD-02484,2025-10-04 18:00,Electronics,North,Card,3,8163.0,0,24489.0,2.0
ORD-02485,2025-10-04 20:55,Clothing,North,UPI,4,1079.0,5,4100.2,3.0
ORD-02486,2025-10-05 09:11,Groceries,North,UPI,5,328.0,10,1476.0,4.0
ORD-02487,2025-10-05 13:05,Groceries,East,Cash,3,191.0,5,544.35,5.0
ORD-02488,2025-10-05 15:35,Groceries,North,Card,3,402.0,5,1145.7,5.0
ORD-02489,2025-10-05 16:27,Groceries,East,Card,1,403.0,20,322.4,3.0
ORD-02490,2025-10-05 18:02,Clothing,East,Card,5,1183.0,0,5915.0,2.0
ORD-02491,2025-10-05 18:03,Groceries,South,UPI,5,306.0,5,1453.5,3.0
ORD-02492,2025-10-05 18:07,Clothing,South,UPI,4,2146.0,0,8584.0,4.0
ORD-02493,2025-10-05 20:48,Groceries,North,UPI,4,224.0,0,896.0,2.0
ORD-02494,2025-10-05 21:04,Electronics,East,Cash,2,4701.0,15,7991.7,3.0
ORD-02495,2025-10-06 09:53,Groceries,South,Card,5,424.0,10,1908.0,5.0
ORD-02496,2025-10-06 10:45,Beauty,West,Cash,1,487.0,10,438.3,4.0
ORD-02497,2025-10-06 13:22,Groceries,South,Net Banking,4,236.0,0,944.0,5.0
ORD-02498,2025-10-06 18:26,Clothing,East,UPI,2,1607.0,15,2731.9,5.0
ORD-02499,2025-10-06 18:46,Beauty,South,Net Banking,3,827.0,0,2481.0,3.0
ORD-02500,2025-10-06 20:42,Clothing,South,Card,1,1374.0,5,1305.3,1.0
ORD-02501,2025-10-07 09:21,Home,South,Card,1,1898.0,0,1898.0,
ORD-02502,2025-10-07 10:27,Electronics,East,Card,2,4754.0,5,9032.6,5.0
ORD-02503,2025-10-07 11:06,Home,South,Card,2,1664.0,5,3161.6,4.0
ORD-02504,2025-10-07 13:07,Electronics,West,UPI,5,5858.0,0,29290.0,5.0
ORD-02505,2025-10-07 15:14,Clothing,North,UPI,3,1505.0,5,4289.25,5.0
ORD-02506,2025-10-07 19:45,Beauty,West,UPI,1,789.0,5,749.55,4.0
ORD-02507,2025-10-07 20:43,Groceries,West,UPI,5,253.0,10,1138.5,1.0
ORD-02508,2025-10-08 11:36,Clothing,North,UPI,4,1484.0,5,5639.2,4.0
ORD-02509,2025-10-08 12:43,Electronics,North,UPI,5,2979.0,15,12660.75,4.0
ORD-02510,2025-10-08 13:49,Electronics,South,Net Banking,5,5423.0,0,27115.0,3.0
ORD-02511,2025-10-08 13:56,Clothing,North,UPI,3,789.0,0,2367.0,5.0
ORD-02512,2025-10-08 15:25,Groceries,North,Net Banking,1,260.0,0,260.0,4.0
ORD-02513,2025-10-08 15:39,Groceries,South,Card,3,552.0,0,1656.0,3.0
ORD-02514,2025-10-08 16:29,Beauty,East,UPI,4,391.0,5,1485.8,5.0
ORD-02515,2025-10-08 16:41,Home,North,UPI,1,1358.0,0,1358.0,4.0
ORD-02516,2025-10-08 18:55,Beauty,West,UPI,5,807.0,0,4035.0,3.0
ORD-02517,2025-10-08 19:46,Groceries,North,UPI,2,301.0,0,602.0,4.0
ORD-02518,2025-10-08 20:16,Clothing,North,UPI,4,1256.0,5,4772.8,4.0
ORD-02519,2025-10-09 13:30,Groceries,North,Cash,5,500.0,10,2250.0,4.0
ORD-02520,2025-10-09 14:41,Clothing,West,UPI,5,1436.0,5,6821.0,3.0
ORD-02521,2025-10-09 16:51,Clothing,West,Card,4,1031.0,20,3299.2,4.0
ORD-02522,2025-10-09 18:11,Home,North,Card,2,1728.0,0,3456.0,
ORD-02523,2025-10-09 19:30,Groceries,East,Card,3,406.0,5,1157.1,1.0
ORD-02524,2025-10-10 09:17,Clothing,North,Net Banking,3,1429.0,0,4287.0,3.0
ORD-02525,2025-10-10 09:46,Clothing,North,UPI,5,1207.0,15,5129.75,4.0
ORD-02526,2025-10-10 10:25,Clothing,North,UPI,1,1330.0,0,1330.0,3.0
ORD-02527,2025-10-10 12:11,Groceries,West,Net Banking,1,388.0,20,310.4,5.0
ORD-02528,2025-10-10 17:35,Clothing,South,Net Banking,1,1167.0,10,1050.3,3.0
ORD-02529,2025-10-10 20:00,Home,South,Cash,5,1473.0,5,6996.75,5.0
ORD-02530,2025-10-10 20:50,Groceries,North,Cash,3,428.0,5,1219.8,5.0
ORD-02531,2025-10-10 21:06,Clothing,West,UPI,4,1305.0,0,5220.0,4.0
ORD-02532,2025-10-11 10:50,Groceries,West,Card,1,131.0,0,131.0,4.0
ORD-02533,2025-10-11 10:53,Beauty,North,UPI,1,527.0,20,421.6,2.0
ORD-02534,2025-10-11 12:46,Home,East,Card,4,1540.0,10,5544.0,
ORD-02535,2025-10-11 13:27,Groceries,East,Cash,4,329.0,0,1316.0,5.0
ORD-02536,2025-10-11 14:21,Clothing,West,UPI,3,1633.0,0,4899.0,5.0
ORD-02537,2025-10-11 17:56,Groceries,South,Card,1,686.0,0,686.0,4.0
ORD-02538,2025-10-11 19:46,Home,North,Cash,3,472.0,10,1274.4,5.0
ORD-02539,2025-10-12 09:18,Beauty,South,UPI,4,764.0,5,2903.2,5.0
ORD-02540,2025-10-12 09:52,Groceries,East,Card,2,357.0,10,642.6,3.0
ORD-02541,2025-10-12 18:10,Groceries,South,Cash,2,331.0,0,662.0,5.0
ORD-02542,2025-10-12 20:07,Clothing,North,UPI,4,1395.0,20,4464.0,3.0
ORD-02543,2025-10-12 20:43,Electronics,West,UPI,2,6270.0,0,12540.0,5.0
ORD-02544,2025-10-12 21:43,Clothing,West,UPI,1,1070.0,0,1070.0,5.0
ORD-02545,2025-10-13 09:56,Electronics,South,UPI,4,6053.0,20,19369.6,4.0
ORD-02546,2025-10-13 12:34,Groceries,South,Card,1,408.0,10,367.2,4.0
ORD-02547,2025-10-13 15:11,Clothing,South,Cash,3,1366.0,5,3893.1,5.0
ORD-02548,2025-10-13 20:52,Groceries,South,UPI,3,370.0,15,943.5,2.0
ORD-02549,2025-10-13 21:13,Groceries,North,Card,1,289.0,0,289.0,4.0
ORD-02550,2025-10-14 09:39,Electronics,South,UPI,4,11074.0,0,44296.0,4.0
ORD-02551,2025-10-14 09:46,Groceries,South,Cash,5,388.0,0,1940.0,4.0
ORD-02552,2025-10-14 12:28,Electronics,West,UPI,5,7372.0,0,36860.0,2.0
ORD-02553,2025-10-14 13:23,Electronics,North,Cash,2,5086.0,10,9154.8,3.0
ORD-02554,2025-10-14 13:48,Beauty,South,UPI,2,740.0,5,1406.0,5.0
ORD-02555,2025-10-14 16:53,Electronics,South,Cash,4,6327.0,5,24042.6,5.0
ORD-02556,2025-10-15 09:17,Clothing,West,Card,3,512.0,10,1382.4,5.0
ORD-02557,2025-10-15 11:08,Groceries,South,Net Banking,4,275.0,0,1100.0,4.0
ORD-02558,2025-10-16 12:54,Clothing,North,UPI,2,935.0,0,1870.0,4.0
ORD-02559,2025-10-16 16:50,Clothing,South,Cash,1,984.0,0,984.0,4.0
ORD-02560,2025-10-16 18:09,Groceries,North,UPI,1,238.0,10,214.2,4.0
ORD-02561,2025-10-17 11:52,Groceries,South,UPI,5,355.0,5,1686.25,5.0
ORD-02562,2025-10-17 12:05,Groceries,East,Card,3,497.0,20,1192.8,3.0
ORD-02563,2025-10-17 12:30,Home,South,UPI,3,1870.0,15,4768.5,5.0
ORD-02564,2025-10-17 14:25,Electronics,East,Cash,4,3874.0,10,13946.4,5.0
ORD-02565,2025-10-17 15:01,Groceries,North,UPI,2,242.0,10,435.6,4.0
ORD-02566,2025-10-17 15:39,Clothing,East,Cash,2,1064.0,5,2021.6,5.0
ORD-02567,2025-10-17 15:49,Electronics,West,Card,3,3452.0,20,8284.8,5.0
ORD-02568,2025-10-17 18:53,Beauty,South,Card,1,764.0,5,725.8,1.0
ORD-02569,2025-10-17 18:58,Groceries,West,Cash,4,492.0,0,1968.0,1.0
ORD-02570,2025-10-17 20:03,Clothing,South,Card,1,993.0,0,993.0,5.0
ORD-02571,2025-10-18 09:47,Clothing,East,Card,1,1227.0,15,1042.95,5.0
ORD-02572,2025-10-18 11:00,Clothing,South,Card,4,1046.0,0,4184.0,3.0
ORD-02573,2025-10-18 14:14,Groceries,West,Card,2,284.0,10,511.2,
ORD-02574,2025-10-18 15:35,Clothing,North,Cash,4,1268.0,20,4057.6,4.0
ORD-02575,2025-10-18 17:06,Beauty,North,UPI,3,561.0,0,1683.0,4.0
ORD-02576,2025-10-18 19:50,Clothing,North,UPI,1,909.0,0,909.0,2.0
ORD-02577,2025-10-18 20:18,Clothing,South,Cash,4,617.0,0,2468.0,3.0
ORD-02578,2025-10-18 21:55,Beauty,East,Card,1,714.0,5,678.3,5.0
ORD-02579,2025-10-19 13:40,Home,East,Net Banking,2,2376.0,10,4276.8,2.0
ORD-02580,2025-10-19 16:18,Clothing,North,Net Banking,4,1455.0,0,5820.0,4.0
ORD-02581,2025-10-19 19:19,Groceries,East,Cash,3,507.0,5,1444.95,4.0
ORD-02582,2025-10-19 20:02,Home,North,Card,2,1436.0,5,2728.4,5.0
ORD-02583,2025-10-19 21:08,Groceries,East,Cash,2,439.0,0,878.0,5.0
ORD-02584,2025-10-20 11:39,Groceries,North,UPI,3,234.0,0,702.0,5.0
ORD-02585,2025-10-20 12:34,Groceries,South,UPI,2,424.0,0,848.0,4.0
ORD-02586,2025-10-20 13:37,Beauty,South,Cash,5,1045.0,15,4441.25,1.0
ORD-02587,2025-10-20 15:30,Groceries,South,Cash,4,402.0,0,1608.0,3.0
ORD-02588,2025-10-20 19:08,Electronics,East,UPI,5,8991.0,0,44955.0,4.0
ORD-02589,2025-10-20 21:39,Groceries,West,Cash,2,287.0,5,545.3,1.0
ORD-02590,2025-10-21 09:03,Groceries,South,Cash,5,336.0,10,1512.0,1.0
ORD-02591,2025-10-21 11:19,Groceries,South,UPI,2,254.0,10,457.2,3.0
ORD-02592,2025-10-21 11:49,Clothing,North,UPI,2,1213.0,5,2304.7,4.0
ORD-02593,2025-10-21 13:03,Groceries,East,Cash,2,378.0,5,718.2,4.0
ORD-02594,2025-10-21 15:32,Groceries,South,UPI,3,353.0,10,953.1,5.0
ORD-02595,2025-10-21 17:15,Beauty,East,UPI,4,600.0,15,2040.0,4.0
ORD-02596,2025-10-22 11:09,Clothing,East,Card,1,1023.0,10,920.7,1.0
ORD-02597,2025-10-22 14:12,Groceries,South,Cash,3,386.0,10,1042.2,4.0
ORD-02598,2025-10-22 14:36,Groceries,West,Cash,5,333.0,0,1665.0,4.0
ORD-02599,2025-10-22 15:11,Electronics,North,Card,3,3927.0,5,11191.95,5.0
ORD-02600,2025-10-23 10:30,Groceries,East,Cash,4,151.0,15,513.4,4.0
ORD-02601,2025-10-23 13:02,Electronics,South,Card,4,4928.0,0,19712.0,3.0
ORD-02602,2025-10-23 13:31,Home,North,Card,5,1054.0,0,5270.0,5.0
ORD-02603,2025-10-23 13:35,Groceries,North,UPI,4,262.0,10,943.2,4.0
ORD-02604,2025-10-23 18:23,Electronics,East,UPI,3,5238.0,20,12571.2,4.0
ORD-02605,2025-10-23 19:10,Groceries,North,Card,1,335.0,0,335.0,3.0
ORD-02606,2025-10-23 21:28,Beauty,West,UPI,5,560.0,15,2380.0,
ORD-02607,2025-10-24 17:01,Clothing,South,UPI,2,1989.0,0,3978.0,1.0
ORD-02608,2025-10-24 18:35,Beauty,South,UPI,5,435.0,15,1848.75,5.0
ORD-02609,2025-10-24 19:02,Electronics,East,UPI,2,8177.0,15,13900.9,3.0
ORD-02610,2025-10-24 19:45,Electronics,North,Card,3,5707.0,10,15408.9,2.0
ORD-02611,2025-10-24 19:53,Groceries,North,UPI,5,281.0,20,1124.0,4.0
ORD-02612,2025-10-24 20:52,Clothing,South,UPI,1,1412.0,20,1129.6,4.0
ORD-02613,2025-10-24 21:45,Home,South,Cash,2,1555.0,20,2488.0,3.0
ORD-02614,2025-10-25 09:30,Groceries,South,Cash,4,265.0,5,1007.0,5.0
ORD-02615,2025-10-25 11:17,Groceries,South,Card,2,538.0,5,1022.2,4.0
ORD-02616,2025-10-25 11:25,Groceries,East,UPI,5,120.0,0,600.0,5.0
ORD-02617,2025-10-25 11:27,Groceries,West,Card,3,324.0,0,972.0,
ORD-02618,2025-10-25 11:34,Groceries,South,Cash,5,370.0,10,1665.0,4.0
ORD-02619,2025-10-25 11:50,Groceries,East,UPI,3,498.0,0,1494.0,
ORD-02620,2025-10-25 17:13,Home,North,UPI,1,1585.0,20,1268.0,4.0
ORD-02621,2025-10-25 17:16,Groceries,South,UPI,5,629.0,0,3145.0,1.0
ORD-02622,2025-10-25 17:23,Clothing,South,UPI,3,1473.0,0,4419.0,3.0
ORD-02623,2025-10-26 09:01,Groceries,South,UPI,2,101.0,0,202.0,5.0
ORD-02624,2025-10-26 12:00,Clothing,North,UPI,4,677.0,0,2708.0,5.0
ORD-02625,2025-10-26 14:37,Clothing,North,Card,2,1285.0,0,2570.0,2.0
ORD-02626,2025-10-26 14:55,Clothing,North,Card,3,788.0,5,2245.8,1.0
ORD-02627,2025-10-26 16:39,Clothing,North,Card,4,1397.0,0,5588.0,2.0
ORD-02628,2025-10-26 17:04,Electronics,South,Net Banking,3,5183.0,15,13216.65,4.0
ORD-02629,2025-10-26 19:32,Home,South,UPI,4,1154.0,5,4385.2,3.0
ORD-02630,2025-10-26 19:59,Home,North,Cash,1,1279.0,10,1151.1,5.0
ORD-02631,2025-10-27 12:39,Clothing,East,UPI,5,1507.0,10,6781.5,1.0
ORD-02632,2025-10-27 12:52,Beauty,South,Cash,4,275.0,0,1100.0,5.0
ORD-02633,2025-10-27 13:47,Beauty,North,Cash,4,920.0,0,3680.0,5.0
ORD-02634,2025-10-27 15:41,Home,North,Card,5,2380.0,15,10115.0,1.0
ORD-02635,2025-10-27 16:31,Electronics,South,Card,3,5403.0,10,14588.1,5.0
ORD-02636,2025-10-27 17:45,Clothing,East,Card,1,694.0,0,694.0,5.0
ORD-02637,2025-10-27 17:48,Groceries,East,Cash,1,408.0,10,367.2,4.0
ORD-02638,2025-10-27 20:57,Groceries,North,UPI,5,299.0,0,1495.0,3.0
ORD-02639,2025-10-27 21:21,Groceries,South,UPI,5,191.0,0,955.0,4.0
ORD-02640,2025-10-28 09:38,Groceries,South,Cash,1,550.0,0,550.0,3.0
ORD-02641,2025-10-28 13:24,Home,West,Card,4,1322.0,10,4759.2,5.0
ORD-02642,2025-10-28 13:35,Beauty,East,UPI,4,391.0,0,1564.0,4.0
ORD-02643,2025-10-28 20:38,Groceries,North,Net Banking,1,380.0,5,361.0,5.0
ORD-02644,2025-10-28 21:55,Beauty,West,Net Banking,4,686.0,0,2744.0,4.0
ORD-02645,2025-10-29 12:37,Home,South,Card,3,2603.0,0,7809.0,3.0
ORD-02646,2025-10-29 14:22,Clothing,West,Card,2,1063.0,0,2126.0,4.0
ORD-02647,2025-10-29 15:53,Home,North,UPI,3,1600.0,5,4560.0,5.0
ORD-02648,2025-10-29 16:55,Electronics,South,Card,5,6603.0,15,28062.75,4.0
ORD-02649,2025-10-29 18:36,Electronics,South,Net Banking,2,6359.0,10,11446.2,4.0
ORD-02650,2025-10-30 12:15,Beauty,North,UPI,4,748.0,0,2992.0,5.0
ORD-02651,2025-10-30 13:27,Clothing,East,UPI,4,1298.0,0,5192.0,4.0
ORD-02652,2025-10-30 15:20,Groceries,North,Cash,63,367.0,0,23121.0,5.0
ORD-02653,2025-10-30 16:00,Beauty,North,UPI,4,613.0,15,2084.2,3.0
ORD-02654,2025-10-30 17:17,Clothing,North,Net Banking,4,1500.0,5,5700.0,5.0
ORD-02655,2025-10-30 20:33,Clothing,West,UPI,2,1070.0,15,1819.0,4.0
ORD-02656,2025-10-31 09:55,Electronics,West,UPI,1,7448.0,0,7448.0,2.0
ORD-02657,2025-10-31 09:57,Groceries,South,Net Banking,5,496.0,5,2356.0,2.0
ORD-02658,2025-10-31 10:00,Electronics,South,UPI,2,4780.0,5,9082.0,3.0
ORD-02659,2025-10-31 13:36,Electronics,North,Card,5,10328.0,10,46476.0,4.0
ORD-02660,2025-10-31 14:00,Home,South,UPI,2,1415.0,5,2688.5,4.0
ORD-02661,2025-10-31 16:55,Clothing,West,Cash,2,946.0,0,1892.0,3.0
ORD-02662,2025-10-31 20:06,Groceries,East,UPI,1,407.0,5,386.65,4.0
ORD-02663,2025-10-31 20:39,Electronics,East,Cash,3,6795.0,20,16308.0,5.0
ORD-02664,2025-11-01 13:07,Groceries,North,Net Banking,5,358.0,0,1790.0,2.0
ORD-02665,2025-11-01 14:57,Groceries,East,UPI,5,436.0,10,1962.0,4.0
ORD-02666,2025-11-01 17:51,Clothing,West,UPI,2,1291.0,20,2065.6,5.0
ORD-02667,2025-11-01 19:53,Clothing,West,Cash,3,1944.0,5,5540.4,4.0
ORD-02668,2025-11-01 20:01,Clothing,South,Net Banking,4,1181.0,5,4487.8,5.0
ORD-02669,2025-11-02 09:40,Electronics,North,UPI,5,4462.0,0,22310.0,4.0
ORD-02670,2025-11-02 12:50,Electronics,West,Net Banking,4,5007.0,10,18025.2,4.0
ORD-02671,2025-11-02 14:51,Groceries,South,Cash,2,399.0,20,638.4,
ORD-02672,2025-11-02 16:05,Electronics,North,Cash,2,6875.0,20,11000.0,3.0
ORD-02673,2025-11-02 17:18,Clothing,North,UPI,4,1274.0,0,5096.0,4.0
ORD-02674,2025-11-02 17:58,Electronics,South,Card,1,4471.0,20,3576.8,4.0
ORD-02675,2025-11-02 20:10,Home,West,Cash,3,2399.0,0,7197.0,2.0
ORD-02676,2025-11-02 20:41,Clothing,West,Card,4,1897.0,10,6829.2,4.0
ORD-02677,2025-11-03 14:31,Groceries,West,UPI,2,353.0,0,706.0,5.0
ORD-02678,2025-11-03 15:46,Groceries,South,Card,3,540.0,0,1620.0,1.0
ORD-02679,2025-11-03 18:09,Clothing,West,Cash,4,1512.0,10,5443.2,4.0
ORD-02680,2025-11-03 18:12,Clothing,North,Card,3,1999.0,5,5697.15,3.0
ORD-02681,2025-11-03 18:46,Clothing,North,Card,1,1370.0,20,1096.0,
ORD-02682,2025-11-03 20:52,Groceries,North,UPI,3,364.0,0,1092.0,4.0
ORD-02683,2025-11-04 09:03,Clothing,East,UPI,2,1503.0,15,2555.1,1.0
ORD-02684,2025-11-04 09:43,Electronics,West,UPI,4,5220.0,5,19836.0,4.0
ORD-02685,2025-11-04 12:31,Beauty,West,UPI,2,785.0,0,1570.0,1.0
ORD-02686,2025-11-04 15:34,Groceries,West,Card,5,490.0,0,2450.0,5.0
ORD-02687,2025-11-04 18:08,Electronics,South,Cash,1,7475.0,10,6727.5,5.0
ORD-02688,2025-11-04 20:04,Beauty,East,UPI,5,693.0,15,2945.25,3.0
ORD-02689,2025-11-04 20:44,Electronics,South,UPI,1,6361.0,0,6361.0,2.0
ORD-02690,2025-11-05 10:15,Electronics,East,Cash,4,7364.0,5,27983.2,3.0
ORD-02691,2025-11-05 11:33,Electronics,East,UPI,2,7304.0,5,13877.6,1.0
ORD-02692,2025-11-05 12:09,Beauty,South,Net Banking,1,858.0,10,772.2,5.0
ORD-02693,2025-11-05 14:03,Clothing,North,Card,2,1322.0,10,2379.6,4.0
ORD-02694,2025-11-05 17:50,Home,North,Net Banking,1,1355.0,15,1151.75,4.0
ORD-02695,2025-11-05 18:52,Groceries,West,Cash,1,280.0,0,280.0,5.0
ORD-02696,2025-11-05 20:00,Groceries,South,Net Banking,2,398.0,0,796.0,5.0
ORD-02697,2025-11-06 09:53,Clothing,South,Card,1,1499.0,0,1499.0,4.0
ORD-02698,2025-11-06 10:12,Electronics,West,UPI,5,7263.0,20,29052.0,4.0
ORD-02699,2025-11-06 13:07,Groceries,South,Cash,5,279.0,5,1325.25,4.0
ORD-02700,2025-11-06 13:45,Clothing,South,UPI,3,1146.0,0,3438.0,4.0
ORD-02701,2025-11-06 16:51,Groceries,East,Card,1,227.0,10,204.3,3.0
ORD-02702,2025-11-07 12:23,Electronics,South,UPI,5,3495.0,5,16601.25,3.0
ORD-02703,2025-11-07 13:10,Home,South,Cash,4,1844.0,0,7376.0,3.0
ORD-02704,2025-11-07 16:25,Groceries,East,Cash,1,493.0,0,493.0,3.0
ORD-02705,2025-11-08 09:32,Groceries,South,Cash,1,360.0,10,324.0,4.0
ORD-02706,2025-11-08 09:36,Groceries,South,UPI,4,550.0,10,1980.0,5.0
ORD-02707,2025-11-08 09:44,Clothing,North,Net Banking,1,1141.0,0,1141.0,4.0
ORD-02708,2025-11-08 10:12,Clothing,West,Cash,4,1211.0,0,4844.0,5.0
ORD-02709,2025-11-08 14:05,Electronics,South,UPI,3,4216.0,0,12648.0,3.0
ORD-02710,2025-11-08 15:38,Groceries,West,UPI,5,314.0,10,1413.0,5.0
ORD-02711,2025-11-08 19:24,Electronics,East,UPI,2,3858.0,0,7716.0,3.0
ORD-02712,2025-11-08 19:36,Electronics,North,UPI,3,3218.0,0,9654.0,3.0
ORD-02713,2025-11-08 20:00,Electronics,South,Card,3,3889.0,0,11667.0,3.0
ORD-02714,2025-11-08 20:15,Clothing,South,UPI,5,1231.0,20,4924.0,3.0
ORD-02715,2025-11-08 20:51,Groceries,East,UPI,4,273.0,5,1037.4,3.0
ORD-02716,2025-11-08 21:22,Groceries,South,Card,4,298.0,0,1192.0,4.0
ORD-02717,2025-11-09 09:41,Clothing,East,Card,2,1348.0,5,2561.2,3.0
ORD-02718,2025-11-09 11:53,Clothing,East,Cash,3,642.0,10,1733.4,2.0
ORD-02719,2025-11-09 13:08,Groceries,North,UPI,1,359.0,15,305.15,3.0
ORD-02720,2025-11-10 16:58,Groceries,West,Card,2,439.0,20,702.4,4.0
ORD-02721,2025-11-10 19:55,Home,South,Net Banking,5,2305.0,5,10948.75,4.0
ORD-02722,2025-11-11 09:22,Home,East,UPI,1,2079.0,5,1975.05,3.0
ORD-02723,2025-11-11 13:44,Home,North,Card,1,1772.0,0,1772.0,2.0
ORD-02724,2025-11-11 17:26,Home,North,Net Banking,3,1463.0,10,3950.1,5.0
ORD-02725,2025-11-11 17:47,Home,East,Card,4,1756.0,10,6321.6,5.0
ORD-02726,2025-11-11 20:13,Groceries,South,Cash,5,524.0,0,2620.0,4.0
ORD-02727,2025-11-11 20:49,Groceries,West,Net Banking,3,379.0,5,1080.15,4.0
ORD-02728,2025-11-12 09:25,Groceries,East,UPI,4,339.0,0,1356.0,3.0
ORD-02729,2025-11-12 11:02,Electronics,East,Cash,2,7015.0,10,12627.0,4.0
ORD-02730,2025-11-12 12:43,Clothing,South,Card,3,1218.0,0,3654.0,5.0
ORD-02731,2025-11-12 12:55,Beauty,West,Net Banking,2,747.0,0,1494.0,5.0
ORD-02732,2025-11-12 15:36,Groceries,West,Card,1,324.0,0,324.0,4.0
ORD-02733,2025-11-12 16:06,Electronics,North,Cash,2,5253.0,0,10506.0,4.0
ORD-02734,2025-11-12 16:31,Clothing,South,UPI,2,1559.0,0,3118.0,4.0
ORD-02735,2025-11-12 16:43,Electronics,West,Card,3,2489.0,10,6720.3,5.0
ORD-02736,2025-11-13 10:23,Clothing,North,Cash,4,1372.0,10,4939.2,4.0
ORD-02737,2025-11-13 15:45,Groceries,North,Net Banking,5,300.0,5,1425.0,5.0
ORD-02738,2025-11-13 18:15,Groceries,West,UPI,5,150.0,0,750.0,3.0
ORD-02739,2025-11-14 09:02,Groceries,South,UPI,2,248.0,15,421.6,3.0
ORD-02740,2025-11-14 14:08,Electronics,West,Net Banking,5,5935.0,15,25223.75,3.0
ORD-02741,2025-11-14 14:28,Clothing,South,Card,5,1237.0,10,5566.5,4.0
ORD-02742,2025-11-14 15:00,Electronics,South,UPI,3,7332.0,10,19796.4,4.0
ORD-02743,2025-11-14 15:27,Clothing,South,Card,2,1491.0,10,2683.8,4.0
ORD-02744,2025-11-14 17:01,Groceries,South,Net Banking,4,188.0,10,676.8,4.0
ORD-02745,2025-11-14 18:03,Electronics,West,Net Banking,1,6680.0,0,6680.0,4.0
ORD-02746,2025-11-14 20:16,Beauty,East,UPI,2,853.0,5,1620.7,4.0
ORD-02747,2025-11-15 14:20,Groceries,West,Cash,3,373.0,0,1119.0,3.0
ORD-02748,2025-11-15 15:13,Clothing,South,Card,5,1381.0,15,5869.25,3.0
ORD-02749,2025-11-15 15:24,Clothing,West,UPI,5,504.0,10,2268.0,3.0
ORD-02750,2025-11-15 15:28,Electronics,East,Cash,5,4218.0,20,16872.0,5.0
ORD-02751,2025-11-15 16:09,Electronics,North,UPI,3,8459.0,0,25377.0,2.0
ORD-02752,2025-11-15 18:07,Beauty,South,UPI,1,641.0,5,608.95,3.0
ORD-02753,2025-11-15 20:01,Groceries,North,UPI,4,583.0,10,2098.8,3.0
ORD-02754,2025-11-16 11:56,Home,North,UPI,5,1110.0,15,4717.5,4.0
ORD-02755,2025-11-16 15:43,Groceries,West,UPI,3,514.0,15,1310.7,
ORD-02756,2025-11-16 21:23,Beauty,West,Net Banking,3,572.0,0,1716.0,5.0
ORD-02757,2025-11-17 12:25,Home,North,UPI,5,2266.0,20,9064.0,2.0
ORD-02758,2025-11-17 18:17,Electronics,North,Card,1,5468.0,20,4374.4,4.0
ORD-02759,2025-11-17 21:24,Electronics,North,UPI,5,6208.0,20,24832.0,1.0
ORD-02760,2025-11-18 10:09,Clothing,West,Cash,3,1414.0,10,3817.8,5.0
ORD-02761,2025-11-18 11:27,Clothing,East,Card,4,979.0,15,3328.6,4.0
ORD-02762,2025-11-19 09:07,Groceries,South,Net Banking,1,434.0,0,434.0,3.0
ORD-02763,2025-11-19 09:53,Clothing,South,UPI,4,1104.0,0,4416.0,4.0
ORD-02764,2025-11-19 11:44,Home,West,Card,2,1896.0,0,3792.0,4.0
ORD-02765,2025-11-19 14:29,Electronics,North,UPI,3,1239.0,5,3531.15,5.0
ORD-02766,2025-11-19 15:10,Home,North,UPI,3,1618.0,20,3883.2,1.0
ORD-02767,2025-11-19 17:29,Clothing,East,Card,5,1655.0,10,7447.5,5.0
ORD-02768,2025-11-19 19:16,Electronics,West,Cash,4,7250.0,5,27550.0,3.0
ORD-02769,2025-11-20 18:48,Home,East,UPI,3,2279.0,10,6153.3,3.0
ORD-02770,2025-11-20 21:31,Clothing,West,Cash,3,1219.0,5,3474.15,5.0
ORD-02771,2025-11-21 09:00,Groceries,West,Card,2,526.0,5,999.4,4.0
ORD-02772,2025-11-21 11:33,Home,North,Card,4,1956.0,10,7041.6,5.0
ORD-02773,2025-11-21 12:55,Electronics,East,Cash,5,4812.0,5,22857.0,4.0
ORD-02774,2025-11-21 13:38,Clothing,West,Card,3,1508.0,10,4071.6,4.0
ORD-02775,2025-11-21 14:17,Electronics,North,Net Banking,4,7661.0,15,26047.4,3.0
ORD-02776,2025-11-21 14:23,Electronics,East,Cash,2,7133.0,5,13552.7,5.0
ORD-02777,2025-11-21 16:24,Beauty,North,Cash,3,615.0,5,1752.75,4.0
ORD-02778,2025-11-21 17:50,Home,West,UPI,3,1952.0,5,5563.2,4.0
ORD-02779,2025-11-21 18:53,Clothing,North,Cash,4,1702.0,20,5446.4,5.0
ORD-02780,2025-11-21 21:31,Groceries,South,Net Banking,2,400.0,5,760.0,2.0
ORD-02781,2025-11-21 21:56,Beauty,East,UPI,2,390.0,15,663.0,5.0
ORD-02782,2025-11-22 09:30,Clothing,South,Card,2,974.0,10,1753.2,4.0
ORD-02783,2025-11-22 10:23,Electronics,North,Cash,3,4785.0,0,14355.0,5.0
ORD-02784,2025-11-22 16:49,Home,North,UPI,2,1393.0,5,2646.7,5.0
ORD-02785,2025-11-22 19:35,Groceries,West,Card,1,128.0,0,128.0,4.0
ORD-02786,2025-11-23 09:03,Electronics,West,Cash,3,9403.0,0,28209.0,5.0
ORD-02787,2025-11-23 09:07,Groceries,East,Cash,5,258.0,0,1290.0,5.0
ORD-02788,2025-11-23 09:37,Electronics,North,UPI,1,4553.0,10,4097.7,1.0
ORD-02789,2025-11-23 10:00,Groceries,East,UPI,4,146.0,10,525.6,5.0
ORD-02790,2025-11-23 14:00,Groceries,East,UPI,5,441.0,5,2094.75,4.0
ORD-02791,2025-11-23 14:14,Clothing,South,UPI,5,1167.0,5,5543.25,5.0
ORD-02792,2025-11-23 17:02,Home,North,UPI,5,1611.0,0,8055.0,5.0
ORD-02793,2025-11-23 21:19,Groceries,North,Cash,2,319.0,15,542.3,
ORD-02794,2025-11-24 09:29,Groceries,North,Cash,1,412.0,20,329.6,1.0
ORD-02795,2025-11-24 09:45,Groceries,East,Net Banking,5,300.0,10,1350.0,3.0
ORD-02796,2025-11-24 11:55,Groceries,South,Net Banking,4,141.0,0,564.0,5.0
ORD-02797,2025-11-24 16:24,Clothing,South,Net Banking,2,735.0,20,1176.0,5.0
ORD-02798,2025-11-24 17:39,Clothing,South,UPI,5,716.0,15,3043.0,5.0
ORD-02799,2025-11-24 21:10,Groceries,East,UPI,2,379.0,0,758.0,5.0
ORD-02800,2025-11-25 09:04,Groceries,South,UPI,4,448.0,0,1792.0,4.0
ORD-02801,2025-11-25 09:12,Clothing,South,Card,5,1728.0,0,8640.0,4.0
ORD-02802,2025-11-25 14:13,Beauty,North,Net Banking,4,357.0,10,1285.2,5.0
ORD-02803,2025-11-25 14:40,Home,North,UPI,4,2135.0,5,8113.0,2.0
ORD-02804,2025-11-25 14:46,Electronics,South,Card,1,4893.0,0,4893.0,4.0
ORD-02805,2025-11-25 17:10,Electronics,South,Card,5,11262.0,0,56310.0,
ORD-02806,2025-11-25 17:26,Groceries,South,UPI,3,495.0,5,1410.75,2.0
ORD-02807,2025-11-26 09:10,Electronics,South,Cash,4,9063.0,10,32626.8,
ORD-02808,2025-11-26 10:33,Beauty,North,UPI,4,869.0,5,3302.2,3.0
ORD-02809,2025-11-26 13:02,Groceries,North,UPI,2,390.0,0,780.0,4.0
ORD-02810,2025-11-26 16:39,Electronics,East,Net Banking,4,5275.0,10,18990.0,3.0
ORD-02811,2025-11-26 18:37,Clothing,South,UPI,2,984.0,20,1574.4,4.0
ORD-02812,2025-11-27 09:40,Clothing,East,UPI,2,912.0,0,1824.0,3.0
ORD-02813,2025-11-27 13:56,Groceries,North,Cash,5,415.0,5,1971.25,5.0
ORD-02814,2025-11-27 14:11,Clothing,West,Card,4,1762.0,0,7048.0,4.0
ORD-02815,2025-11-27 17:30,Home,South,Card,3,1607.0,0,4821.0,5.0
ORD-02816,2025-11-28 09:01,Groceries,East,Card,1,274.0,15,232.9,4.0
ORD-02817,2025-11-28 15:34,Beauty,South,UPI,4,388.0,20,1241.6,1.0
ORD-02818,2025-11-28 17:14,Electronics,South,UPI,4,6440.0,0,25760.0,
ORD-02819,2025-11-28 17:16,Clothing,East,Cash,1,1643.0,0,1643.0,1.0
ORD-02820,2025-11-28 17:34,Home,North,UPI,4,2491.0,0,9964.0,
ORD-02821,2025-11-28 19:02,Clothing,North,Net Banking,2,1696.0,10,3052.8,4.0
ORD-02822,2025-11-28 19:48,Clothing,North,UPI,4,1350.0,0,5400.0,
ORD-02823,2025-11-28 20:16,Beauty,West,Cash,5,719.0,5,3415.25,5.0
ORD-02824,2025-11-29 09:24,Home,West,Net Banking,4,2492.0,0,9968.0,3.0
ORD-02825,2025-11-29 11:18,Home,East,UPI,5,1201.0,10,5404.5,4.0
ORD-02826,2025-11-29 11:30,Clothing,South,Card,1,1041.0,20,832.8,4.0
ORD-02827,2025-11-29 11:43,Groceries,North,Cash,2,530.0,0,1060.0,5.0
ORD-02828,2025-11-29 11:54,Groceries,West,Card,1,237.0,10,213.3,
ORD-02829,2025-11-29 16:42,Groceries,North,Cash,1,346.0,15,294.1,4.0
ORD-02830,2025-11-29 17:00,Electronics,North,UPI,2,7136.0,0,14272.0,3.0
ORD-02831,2025-11-29 17:01,Home,West,Net Banking,1,1845.0,20,1476.0,5.0
ORD-02832,2025-11-29 21:54,Clothing,North,Card,2,1614.0,10,2905.2,4.0
ORD-02833,2025-11-30 11:14,Groceries,West,UPI,1,510.0,5,484.5,5.0
ORD-02834,2025-11-30 12:46,Home,East,Card,1,2059.0,10,1853.1,4.0
ORD-02835,2025-11-30 17:20,Home,West,UPI,5,2551.0,0,12755.0,5.0
ORD-02836,2025-11-30 20:00,Electronics,East,Card,4,4328.0,0,17312.0,
ORD-02837,2025-11-30 21:28,Groceries,South,UPI,3,333.0,5,949.05,5.0
ORD-02838,2025-11-30 21:37,Groceries,East,Cash,3,603.0,10,1628.1,4.0
ORD-02839,2025-12-01 11:51,Clothing,West,UPI,2,1899.0,20,3038.4,
ORD-02840,2025-12-01 11:52,Electronics,East,Card,3,3702.0,5,10550.7,5.0
ORD-02841,2025-12-01 12:53,Groceries,West,Net Banking,4,349.0,0,1396.0,4.0
ORD-02842,2025-12-01 13:50,Home,West,Net Banking,3,1873.0,0,5619.0,5.0
ORD-02843,2025-12-01 19:10,Beauty,East,Cash,4,787.0,20,2518.4,3.0
ORD-02844,2025-12-02 12:45,Clothing,West,UPI,3,1659.0,0,4977.0,3.0
ORD-02845,2025-12-02 14:25,Clothing,North,Net Banking,2,1862.0,20,2979.2,4.0
ORD-02846,2025-12-02 16:35,Electronics,West,UPI,5,6067.0,0,30335.0,4.0
ORD-02847,2025-12-02 19:24,Beauty,West,UPI,5,936.0,0,4680.0,2.0
ORD-02848,2025-12-02 19:58,Home,North,Net Banking,2,2150.0,0,4300.0,5.0
ORD-02849,2025-12-02 21:53,Beauty,South,UPI,3,696.0,5,1983.6,4.0
ORD-02850,2025-12-03 11:45,Groceries,South,UPI,4,172.0,0,688.0,2.0
ORD-02851,2025-12-03 12:06,Clothing,West,Card,2,1567.0,20,2507.2,1.0
ORD-02852,2025-12-03 14:53,Groceries,North,Card,4,414.0,5,1573.2,4.0
ORD-02853,2025-12-03 15:13,Clothing,South,UPI,5,1340.0,0,6700.0,4.0
ORD-02854,2025-12-03 15:39,Clothing,South,Cash,2,847.0,10,1524.6,5.0
ORD-02855,2025-12-03 15:40,Electronics,South,Cash,1,9526.0,0,9526.0,4.0
ORD-02856,2025-12-03 16:27,Electronics,West,Net Banking,5,6274.0,10,28233.0,2.0
ORD-02857,2025-12-03 19:35,Clothing,South,UPI,5,789.0,10,3550.5,5.0
ORD-02858,2025-12-04 13:36,Beauty,South,Card,5,427.0,20,1708.0,2.0
ORD-02859,2025-12-04 16:42,Groceries,West,Cash,4,421.0,5,1599.8,4.0
ORD-02860,2025-12-05 09:11,Home,North,UPI,1,2182.0,0,2182.0,4.0
ORD-02861,2025-12-05 10:25,Clothing,North,Card,5,1033.0,5,4906.75,5.0
ORD-02862,2025-12-05 14:21,Groceries,North,UPI,1,399.0,5,379.05,5.0
ORD-02863,2025-12-05 20:10,Clothing,West,UPI,1,1440.0,5,1368.0,1.0
ORD-02864,2025-12-05 21:27,Electronics,West,UPI,4,6252.0,0,25008.0,4.0
ORD-02865,2025-12-05 21:41,Clothing,East,Cash,2,948.0,0,1896.0,3.0
ORD-02866,2025-12-06 09:42,Electronics,South,Card,5,7730.0,20,30920.0,3.0
ORD-02867,2025-12-06 12:47,Home,South,UPI,5,2252.0,20,9008.0,4.0
ORD-02868,2025-12-06 13:16,Home,South,Card,5,2107.0,0,10535.0,4.0
ORD-02869,2025-12-06 13:36,Clothing,South,UPI,5,900.0,20,3600.0,5.0
ORD-02870,2025-12-06 15:42,Groceries,North,UPI,3,210.0,10,567.0,2.0
ORD-02871,2025-12-06 18:10,Clothing,North,Net Banking,5,1228.0,0,6140.0,4.0
ORD-02872,2025-12-06 20:10,Electronics,West,UPI,5,7673.0,20,30692.0,5.0
ORD-02873,2025-12-07 10:52,Groceries,East,Cash,2,459.0,20,734.4,4.0
ORD-02874,2025-12-07 10:58,Home,North,UPI,3,2116.0,10,5713.2,4.0
ORD-02875,2025-12-07 15:25,Home,West,UPI,4,1557.0,10,5605.2,5.0
ORD-02876,2025-12-07 18:28,Electronics,South,Cash,5,4552.0,0,22760.0,5.0
ORD-02877,2025-12-07 18:55,Groceries,East,UPI,2,348.0,5,661.2,4.0
ORD-02878,2025-12-07 19:50,Electronics,North,UPI,2,5987.0,10,10776.6,5.0
ORD-02879,2025-12-07 21:15,Electronics,West,Cash,2,7993.0,5,15186.7,1.0
ORD-02880,2025-12-08 11:35,Electronics,North,Card,4,5137.0,0,20548.0,2.0
ORD-02881,2025-12-08 12:34,Electronics,West,Net Banking,3,5286.0,10,14272.2,4.0
ORD-02882,2025-12-08 16:43,Clothing,East,Net Banking,2,1940.0,15,3298.0,3.0
ORD-02883,2025-12-08 20:22,Clothing,North,UPI,4,1758.0,15,5977.2,3.0
ORD-02884,2025-12-08 21:46,Groceries,North,UPI,4,257.0,0,1028.0,3.0
ORD-02885,2025-12-09 09:01,Clothing,West,Card,3,1729.0,5,4927.65,4.0
ORD-02886,2025-12-09 09:37,Electronics,North,UPI,4,3981.0,0,15924.0,4.0
ORD-02887,2025-12-09 10:04,Beauty,North,Card,2,609.0,10,1096.2,5.0
ORD-02888,2025-12-09 11:34,Home,East,UPI,1,1627.0,0,1627.0,3.0
ORD-02889,2025-12-09 13:26,Electronics,North,Cash,5,5860.0,20,23440.0,4.0
ORD-02890,2025-12-09 15:15,Clothing,South,Net Banking,4,1423.0,10,5122.8,3.0
ORD-02891,2025-12-09 19:10,Electronics,South,UPI,5,6192.0,5,29412.0,1.0
ORD-02892,2025-12-09 20:06,Beauty,North,UPI,5,829.0,10,3730.5,4.0
ORD-02893,2025-12-09 20:32,Clothing,South,Net Banking,2,1055.0,0,2110.0,3.0
ORD-02894,2025-12-10 10:33,Electronics,North,UPI,3,6674.0,0,20022.0,4.0
ORD-02895,2025-12-10 11:53,Groceries,West,UPI,5,358.0,0,1790.0,4.0
ORD-02896,2025-12-10 12:34,Groceries,North,UPI,1,204.0,5,193.8,4.0
ORD-02897,2025-12-10 13:13,Clothing,East,UPI,5,1374.0,15,5839.5,4.0
ORD-02898,2025-12-10 15:13,Clothing,East,UPI,1,1235.0,0,1235.0,5.0
ORD-02899,2025-12-10 19:13,Clothing,East,UPI,2,943.0,10,1697.4,2.0
ORD-02900,2025-12-11 18:09,Clothing,South,UPI,3,1047.0,0,3141.0,5.0
ORD-02901,2025-12-11 19:49,Clothing,North,Cash,4,1056.0,0,4224.0,2.0
ORD-02902,2025-12-11 21:54,Home,South,UPI,2,1668.0,10,3002.4,4.0
ORD-02903,2025-12-12 11:31,Home,East,Cash,5,2750.0,15,11687.5,
ORD-02904,2025-12-12 12:50,Groceries,East,Card,4,569.0,20,1820.8,3.0
ORD-02905,2025-12-12 16:30,Groceries,North,Card,4,64.0,10,230.4,5.0
ORD-02906,2025-12-12 19:18,Groceries,East,Net Banking,4,401.0,5,1523.8,4.0
ORD-02907,2025-12-12 20:13,Clothing,North,UPI,1,1544.0,0,1544.0,5.0
ORD-02908,2025-12-13 12:32,Groceries,South,UPI,5,327.0,0,1635.0,1.0
ORD-02909,2025-12-13 13:34,Electronics,South,Card,4,7671.0,20,24547.2,4.0
ORD-02910,2025-12-13 14:53,Electronics,North,UPI,1,8978.0,5,8529.1,3.0
ORD-02911,2025-12-14 11:56,Electronics,West,UPI,4,3531.0,0,14124.0,1.0
ORD-02912,2025-12-14 14:39,Groceries,East,Net Banking,1,364.0,0,364.0,
ORD-02913,2025-12-14 17:46,Groceries,North,Cash,4,555.0,0,2220.0,5.0
ORD-02914,2025-12-14 19:07,Groceries,North,Card,3,220.0,10,594.0,5.0
ORD-02915,2025-12-14 19:41,Groceries,East,Card,1,338.0,5,321.1,5.0
ORD-02916,2025-12-14 19:54,Home,West,Card,2,1558.0,20,2492.8,5.0
ORD-02917,2025-12-14 20:34,Electronics,North,UPI,1,7893.0,5,7498.35,4.0
ORD-02918,2025-12-15 13:03,Clothing,North,UPI,5,1629.0,15,6923.25,4.0
ORD-02919,2025-12-15 13:21,Home,East,Card,5,1888.0,0,9440.0,
ORD-02920,2025-12-15 19:10,Groceries,South,UPI,5,353.0,0,1765.0,4.0
ORD-02921,2025-12-15 19:27,Clothing,South,UPI,3,581.0,0,1743.0,3.0
ORD-02922,2025-12-15 20:07,Clothing,South,Card,2,1712.0,0,3424.0,4.0
ORD-02923,2025-12-16 09:42,Beauty,South,Card,5,626.0,20,2504.0,3.0
ORD-02924,2025-12-16 12:24,Clothing,North,UPI,2,1149.0,15,1953.3,5.0
ORD-02925,2025-12-16 13:23,Home,South,Net Banking,3,2325.0,0,6975.0,3.0
ORD-02926,2025-12-16 17:18,Home,North,Cash,1,1907.0,5,1811.65,4.0
ORD-02927,2025-12-16 17:52,Home,North,Card,5,2342.0,5,11124.5,5.0
ORD-02928,2025-12-16 18:08,Electronics,West,UPI,1,7086.0,10,6377.4,5.0
ORD-02929,2025-12-16 21:48,Groceries,North,Card,1,371.0,0,371.0,4.0
ORD-02930,2025-12-17 10:37,Clothing,North,Card,5,1312.0,0,6560.0,5.0
ORD-02931,2025-12-17 12:38,Clothing,West,Card,5,796.0,0,3980.0,4.0
ORD-02932,2025-12-17 13:15,Clothing,West,Card,5,1146.0,20,4584.0,1.0
ORD-02933,2025-12-17 13:22,Clothing,West,UPI,5,1590.0,5,7552.5,4.0
ORD-02934,2025-12-17 21:13,Clothing,North,UPI,1,876.0,10,788.4,4.0
ORD-02935,2025-12-18 14:52,Groceries,East,Cash,2,275.0,20,440.0,
ORD-02936,2025-12-18 14:55,Clothing,East,UPI,4,883.0,0,3532.0,4.0
ORD-02937,2025-12-18 16:31,Clothing,East,Card,2,1255.0,0,2510.0,2.0
ORD-02938,2025-12-18 17:19,Clothing,North,Cash,4,1705.0,0,6820.0,5.0
ORD-02939,2025-12-18 18:06,Groceries,South,UPI,5,407.0,10,1831.5,4.0
ORD-02940,2025-12-19 11:58,Electronics,North,Net Banking,5,2081.0,5,9884.75,
ORD-02941,2025-12-19 12:34,Groceries,East,Cash,4,418.0,0,1672.0,4.0
ORD-02942,2025-12-19 13:53,Clothing,South,Cash,4,1041.0,0,4164.0,5.0
ORD-02943,2025-12-19 16:19,Groceries,South,Cash,3,403.0,10,1088.1,5.0
ORD-02944,2025-12-20 09:06,Home,East,Cash,1,1719.0,10,1547.1,5.0
ORD-02945,2025-12-20 11:30,Groceries,West,UPI,3,260.0,0,780.0,5.0
ORD-02946,2025-12-20 11:48,Groceries,West,Card,5,342.0,10,1539.0,4.0
ORD-02947,2025-12-20 12:53,Beauty,East,UPI,5,607.0,0,3035.0,4.0
ORD-02948,2025-12-20 13:05,Electronics,North,Cash,2,6554.0,0,13108.0,4.0
ORD-02949,2025-12-20 14:31,Clothing,West,Card,4,881.0,0,3524.0,5.0
ORD-02950,2025-12-20 19:00,Beauty,North,Cash,2,464.0,10,835.2,2.0
ORD-02951,2025-12-20 20:44,Home,North,UPI,3,2195.0,10,5926.5,4.0
ORD-02952,2025-12-21 12:22,Groceries,South,UPI,4,466.0,5,1770.8,3.0
ORD-02953,2025-12-21 14:23,Clothing,East,Cash,3,1409.0,0,4227.0,5.0
ORD-02954,2025-12-21 14:29,Clothing,North,UPI,4,966.0,5,3670.8,4.0
ORD-02955,2025-12-21 17:10,Home,North,Card,1,1400.0,0,1400.0,5.0
ORD-02956,2025-12-22 11:10,Groceries,North,Cash,2,278.0,0,556.0,5.0
ORD-02957,2025-12-22 15:32,Clothing,East,UPI,5,1521.0,5,7224.75,3.0
ORD-02958,2025-12-22 15:43,Electronics,East,UPI,4,4515.0,5,17157.0,5.0
ORD-02959,2025-12-23 09:57,Home,South,UPI,5,2277.0,0,11385.0,
ORD-02960,2025-12-23 10:44,Groceries,South,Net Banking,5,417.0,0,2085.0,4.0
ORD-02961,2025-12-23 18:06,Beauty,West,UPI,2,960.0,0,1920.0,3.0
ORD-02962,2025-12-23 18:46,Clothing,South,UPI,2,1583.0,10,2849.4,4.0
ORD-02963,2025-12-24 14:43,Clothing,South,Net Banking,2,1395.0,5,2650.5,4.0
ORD-02964,2025-12-24 17:39,Clothing,South,Cash,3,671.0,10,1811.7,5.0
ORD-02965,2025-12-25 09:17,Groceries,East,Card,2,414.0,0,828.0,5.0
ORD-02966,2025-12-25 09:26,Clothing,East,Card,2,1242.0,0,2484.0,4.0
ORD-02967,2025-12-25 09:29,Electronics,North,Cash,1,5328.0,0,5328.0,1.0
ORD-02968,2025-12-25 09:53,Clothing,West,Net Banking,2,1690.0,0,3380.0,2.0
ORD-02969,2025-12-25 10:05,Clothing,South,Net Banking,5,1146.0,10,5157.0,3.0
ORD-02970,2025-12-25 12:44,Home,West,Card,3,1514.0,0,4542.0,5.0
ORD-02971,2025-12-25 19:34,Clothing,South,Cash,4,1605.0,0,6420.0,4.0
ORD-02972,2025-12-25 19:36,Groceries,South,Cash,3,307.0,0,921.0,
ORD-02973,2025-12-26 10:53,Groceries,North,Cash,3,289.0,0,867.0,5.0
ORD-02974,2025-12-26 20:08,Electronics,South,Cash,4,3971.0,20,12707.2,4.0
ORD-02975,2025-12-27 11:21,Groceries,South,UPI,1,264.0,20,211.2,
ORD-02976,2025-12-27 18:34,Home,West,Cash,2,1403.0,5,2665.7,5.0
ORD-02977,2025-12-27 18:45,Groceries,West,UPI,1,415.0,0,415.0,
ORD-02978,2025-12-27 21:48,Groceries,South,UPI,1,243.0,5,230.85,2.0
ORD-02979,2025-12-28 12:54,Home,West,UPI,4,797.0,5,3028.6,5.0
ORD-02980,2025-12-28 16:56,Beauty,West,UPI,1,764.0,5,725.8,5.0
ORD-02981,2025-12-28 17:48,Home,West,Card,2,1458.0,0,2916.0,5.0
ORD-02982,2025-12-28 19:54,Clothing,South,UPI,3,1194.0,0,3582.0,5.0
ORD-02983,2025-12-28 21:22,Groceries,North,Card,2,485.0,0,970.0,5.0
ORD-02984,2025-12-29 09:22,Groceries,West,Net Banking,1,358.0,0,358.0,4.0
ORD-02985,2025-12-29 10:31,Clothing,South,UPI,5,1743.0,5,8279.25,3.0
ORD-02986,2025-12-29 12:49,Clothing,South,UPI,5,1175.0,15,4993.75,5.0
ORD-02987,2025-12-29 16:30,Home,South,UPI,3,2344.0,0,7032.0,2.0
ORD-02988,2025-12-29 17:59,Clothing,North,Cash,3,1003.0,10,2708.1,5.0
ORD-02989,2025-12-29 18:47,Home,North,UPI,5,1858.0,0,9290.0,4.0
ORD-02990,2025-12-29 20:27,Beauty,North,UPI,5,504.0,0,2520.0,4.0
ORD-02991,2025-12-29 20:55,Clothing,South,UPI,1,907.0,10,816.3,
ORD-02992,2025-12-29 21:38,Electronics,South,UPI,1,5596.0,0,5596.0,5.0
ORD-02993,2025-12-30 09:20,Beauty,South,Cash,2,421.0,20,673.6,3.0
ORD-02994,2025-12-30 10:34,Electronics,North,Cash,2,6287.0,20,10059.2,4.0
ORD-02995,2025-12-30 14:10,Home,North,UPI,5,1637.0,0,8185.0,3.0
ORD-02996,2025-12-31 17:35,Electronics,South,UPI,3,6422.0,0,19266.0,2.0
ORD-02997,2025-12-31 17:50,Clothing,North,Card,5,727.0,0,3635.0,4.0
ORD-02998,2025-12-31 19:27,Clothing,West,Net Banking,4,1453.0,20,4649.6,
ORD-02999,2025-12-31 19:59,Clothing,South,Cash,4,1811.0,0,7244.0,5.0
ORD-03000,2025-12-31 20:37,Beauty,South,Cash,5,1012.0,10,4554.0,4.0
